# This file is brought to you by Roblox Corporation
# Generated by Roblox Studio

mtllib Nok-Ro.mtl

g Tail1

v -0.413768 -2.69847 5.61491 
v -0.482909 -2.78817 5.63156 
v -0.495238 -2.77423 5.60679 
v -0.483057 -2.78293 5.63458 
v -0.447965 -2.7776 5.68027 
v -0.413915 -2.69324 5.61792 
v -0.495385 -2.76899 5.60981 
v -0.463734 -2.6737 5.52598 
v -0.463881 -2.66847 5.52899 
v -0.447818 -2.78283 5.67725 
v -0.403552 -2.78223 5.70013 
v -0.403699 -2.77699 5.70315 
v -0.423151 -2.70237 5.61879 
v -0.374365 -2.7072 5.69971 
v -0.443797 -2.78285 5.68957 
v -0.443944 -2.77762 5.69259 
v -0.374512 -2.70197 5.70272 
v -0.423299 -2.69714 5.62181 
v -0.354395 -2.73993 5.70904 
v -0.373903 -2.80169 5.76677 
v -0.418795 -2.79926 5.72892 
v -0.418942 -2.79402 5.73194 
v -0.37405 -2.79646 5.76979 
v -0.354542 -2.7347 5.71205 
v -0.330603 -2.784 5.7842 
v -0.330456 -2.78924 5.78118 
v -0.288483 -2.75384 5.78233 
v -0.28863 -2.74861 5.78535 
v -0.322801 -2.66777 5.70402 
v -0.266894 -2.71165 5.79976 
v -0.328875 -2.7643 5.79124 
v -0.329022 -2.75907 5.79426 
v -0.267041 -2.70642 5.80278 
v -0.322949 -2.66253 5.70704 
v -0.436741 -2.59446 5.4625 
v -0.436888 -2.58923 5.46551 
v -0.381292 -2.58802 5.54114 
v -0.342357 -2.44241 5.4551 
v -0.381439 -2.58279 5.54415 
v -0.34221 -2.44764 5.45208 
v -0.403542 -2.61823 5.55855 
v -0.316847 -2.47423 5.52604 
v -0.349064 -2.59918 5.62495 
v -0.299779 -2.57404 5.61281 
v -0.316994 -2.469 5.52906 
v -0.403689 -2.613 5.56157 
v -0.349212 -2.59394 5.62797 
v -0.299926 -2.5688 5.61583 
v -0.330512 -2.65225 5.67431 
v -0.330365 -2.65748 5.67129 
v -0.224217 -2.58601 5.68806 
v -0.224364 -2.58078 5.69108 
v -0.249366 -2.67376 5.75911 
v -0.249219 -2.67899 5.75609 
v -0.314121 -2.7917 5.83464 
v -0.312094 -2.59831 5.64703 
v -0.312241 -2.59309 5.65005 
v -0.137861 -2.55629 5.74478 
v -0.151287 -2.64897 5.83464 
v -0.138008 -2.55106 5.7478 
v -0.151435 -2.64374 5.83765 
v -0.256635 -2.58381 5.69959 
v -0.256783 -2.57857 5.70261 
v -0.314268 -2.78648 5.83766 
v -0.273006 -2.79056 5.87338 
v -0.273153 -2.78534 5.87639 
v -0.174192 -2.72226 5.88315 
v -0.221394 -2.60474 5.7497 
v -0.161184 -2.71372 5.88591 
v -0.226395 -2.68495 5.81833 
v -0.161332 -2.70849 5.88893 
v -0.221541 -2.59951 5.75272 
v -0.226542 -2.67971 5.82135 
v -0.174045 -2.72749 5.88014 
v -0.153113 -2.60392 5.80482 
v -0.0490094 -2.60227 5.84575 
v -0.15326 -2.59869 5.80784 
v -0.0491566 -2.59703 5.84877 
v -0.240373 -2.45912 5.59308 
v -0.240521 -2.45389 5.5961 
v -0.140721 -2.4755 5.69649 
v -0.140868 -2.47026 5.69951 
v -0.0473575 -2.50019 5.78013 
v -0.135649 -2.63869 5.84661 
v -0.139266 -2.52202 5.75061 
v -0.0401794 -2.63563 5.88467 
v -0.0475047 -2.49495 5.78316 
v -0.135796 -2.63346 5.84963 
v -0.0403264 -2.6304 5.88769 
v -0.139413 -2.51679 5.75363 
v 0.0104543 -2.62075 5.90005 
v 0.103353 -2.48812 5.81736 
v 0.00554527 -2.49951 5.80815 
v 0.1035 -2.49335 5.81435 
v 0.0106016 -2.62599 5.89703 
v 0.00569224 -2.50474 5.80513 
v 0.239477 -2.50594 5.80894 
v 0.111913 -2.62979 5.91824 
v 0.111766 -2.62456 5.92126 
v 0.23933 -2.50071 5.81196 
v 0.106085 -2.61785 5.90451 
v 0.103283 -2.49349 5.80731 
v 0.105938 -2.61262 5.90753 
v 0.103136 -2.48825 5.81033 
v -0.230846 -2.77652 5.88737 
v -0.156076 -2.82423 5.96164 
v -0.19274 -2.82811 5.94481 
v -0.192887 -2.82288 5.94782 
v -0.156223 -2.819 5.96466 
v -0.219348 -2.7801 5.90139 
v -0.230993 -2.77129 5.89038 
v -0.219495 -2.77487 5.9044 
v -0.111097 -2.82175 5.97162 
v -0.11095 -2.82698 5.9686 
v -0.0813151 -2.7857 5.97107 
v -0.0814621 -2.78047 5.97408 
v -0.121194 -2.72025 5.91612 
v -0.0324732 -2.74636 5.96572 
v -0.0974652 -2.81027 5.99836 
v -0.0976124 -2.80504 6.00138 
v -0.0326205 -2.74113 5.96874 
v -0.121341 -2.71501 5.91914 
v -0.00120273 -2.86755 6.04913 
v -0.0630045 -2.8574 6.02368 
v -0.0631515 -2.85217 6.0267 
v -0.00134973 -2.86232 6.05215 
v 0.0525592 -2.84768 6.05602 
v 0.0527064 -2.85292 6.053 
v 0.0951903 -2.79727 6.02391 
v 0.0950431 -2.79203 6.02693 
v 0.0239754 -2.71327 5.96191 
v 0.119617 -2.74201 5.99703 
v 0.050229 -2.81035 6.03714 
v 0.0995734 -2.71762 5.97314 
v 0.050082 -2.80512 6.04016 
v 0.11947 -2.73677 6.00005 
v 0.0238284 -2.70804 5.96493 
v -0.0664376 -2.70344 5.91143 
v -0.0662906 -2.70867 5.90841 
v 0.0994264 -2.71239 5.97616 
v 0.144648 -2.71976 5.97905 
v 0.231423 -2.74319 6.00937 
v 0.179795 -2.80216 6.05104 
v 0.179648 -2.79693 6.05406 
v 0.231276 -2.73795 6.01239 
v 0.144501 -2.71453 5.98206 
v 0.254017 -2.7315 5.97569 
v 0.25387 -2.72627 5.9787 
v 0.12055 -2.62971 5.92337 
v 0.247104 -2.80706 6.02894 
v 0.247251 -2.8123 6.02592 
v 0.257783 -2.75969 6.01508 
v 0.220681 -2.85367 6.08184 
v 0.249331 -2.63027 5.93786 
v 0.257636 -2.75446 6.0181 
v 0.254616 -2.72244 5.96969 
v 0.0936243 -2.85892 6.07508 
v 0.149402 -2.87935 6.08659 
v 0.192004 -2.85847 6.08635 
v 0.0934773 -2.85369 6.0781 
v 0.149255 -2.87412 6.08961 
v 0.191857 -2.85324 6.08937 
v 0.220534 -2.84844 6.08486 
v 0.120403 -2.62448 5.92639 
v 0.216197 -2.49953 5.84748 
v 0.231412 -2.6359 5.93707 
v 0.21605 -2.4943 5.8505 
v 0.231265 -2.63067 5.94009 
v 0.107737 -2.51577 5.8389 
v 0.10759 -2.51054 5.84191 
v 0.248282 -2.6275 5.90881 
v 0.248429 -2.63273 5.90579 
v 0.240503 -2.50319 5.84535 
v 0.249478 -2.6355 5.93485 
v 0.240356 -2.49796 5.84837 
v 0.254469 -2.7172 5.97271 
v -0.396511 -2.47297 5.38205 
v -0.396658 -2.46774 5.38507 
v -0.30776 -2.30332 5.37533 
v -0.307613 -2.30855 5.37232 
v -0.348431 -2.33314 5.30892 
v -0.348578 -2.32791 5.31194 
v -0.292094 -2.33678 5.43894 
v -0.373064 -2.50002 5.47122 
v -0.342192 -2.36393 5.38436 
v -0.261293 -2.43973 5.53426 
v -0.373211 -2.49479 5.47424 
v -0.292241 -2.33155 5.44196 
v -0.342339 -2.35869 5.38739 
v -0.26144 -2.4345 5.53727 
v -0.293982 -2.47765 5.55484 
v -0.190355 -2.46374 5.59868 
v -0.190502 -2.4585 5.6017 
v -0.224198 -2.32384 5.49964 
v -0.278721 -2.35437 5.45316 
v -0.294129 -2.47241 5.55786 
v -0.224346 -2.3186 5.50266 
v -0.278868 -2.34914 5.45618 
v -0.227666 -2.30312 5.45872 
v -0.318149 -2.2473 5.28254 
v -0.318296 -2.24207 5.28555 
v -0.282177 -2.23189 5.33257 
v -0.321821 -2.24239 5.28837 
v -0.285025 -2.23166 5.28123 
v -0.327182 -2.29198 5.35229 
v -0.282324 -2.22665 5.33559 
v -0.282455 -2.22723 5.25431 
v -0.275428 -2.27837 5.36268 
v -0.280236 -2.28263 5.35772 
v -0.316998 -2.24217 5.28821 
v -0.224222 -2.23146 5.40481 
v -0.318188 -2.27894 5.34948 
v -0.318335 -2.27371 5.35251 
v -0.298359 -2.32869 5.44396 
v -0.272867 -2.26157 5.39173 
v -0.273014 -2.25633 5.39475 
v -0.267166 -2.34497 5.44952 
v -0.227813 -2.29788 5.46174 
v -0.262265 -2.26522 5.41553 
v -0.219211 -2.29764 5.42787 
v -0.224369 -2.22622 5.40784 
v -0.262118 -2.27045 5.41251 
v -0.218327 -2.37084 5.50158 
v -0.226085 -2.34577 5.48435 
v -0.170432 -2.32351 5.51623 
v -0.244312 -2.34988 5.47607 
v -0.298359 -2.32869 5.44396 
v -0.219211 -2.29764 5.42787 
v -0.232633 -2.35885 5.52607 
v -0.170284 -2.32875 5.51321 
v -0.179006 -2.28301 5.45767 
v -0.178187 -2.38917 5.55709 
v -0.154587 -2.36772 5.56945 
v -0.149286 -2.4044 5.60667 
v -0.120395 -2.3162 5.53986 
v -0.177848 -2.32265 5.55066 
v -0.149286 -2.4044 5.60667 
v -0.179006 -2.28301 5.45767 
v -0.154587 -2.36772 5.56945 
v -0.116135 -2.43845 5.64797 
v -0.133018 -2.34105 5.60167 
v -0.163784 -2.28568 5.51387 
v -0.183251 -2.35551 5.5614 
v -0.116282 -2.43322 5.65099 
v -0.163636 -2.29092 5.51085 
v -0.132871 -2.34628 5.59866 
v -0.183104 -2.36075 5.55838 
v -0.111838 -2.30701 5.5558 
v -0.122052 -2.43993 5.65026 
v -0.0859102 -2.4187 5.6757 
v -0.0629249 -2.32244 5.58735 
v -0.111985 -2.30178 5.55882 
v -0.166598 -2.26099 5.46124 
v -0.166745 -2.25576 5.46426 
v -0.213663 -2.24512 5.45079 
v -0.213516 -2.25035 5.44777 
v -0.127621 -2.24089 5.49844 
v -0.0914054 -2.34472 5.64879 
v -0.127769 -2.23565 5.50146 
v -0.11954 -2.27956 5.54413 
v -0.0914054 -2.34472 5.64879 
v -0.119393 -2.2848 5.54111 
v -0.0206714 -2.28602 5.59885 
v -0.0208184 -2.28079 5.60187 
v -0.0406843 -2.34955 5.67655 
v -0.205529 -2.49197 5.65172 
v -0.205676 -2.48673 5.65474 
v -0.0361508 -2.47315 5.75316 
v -0.0362978 -2.46792 5.75617 
v -0.0540398 -2.37104 5.68171 
v -0.129007 -2.39419 5.65044 
v -0.0541869 -2.36581 5.68473 
v -0.129154 -2.38896 5.65346 
v -0.00174221 -2.49118 5.78126 
v -0.00979826 -2.36222 5.63954 
v -0.0355242 -2.46663 5.7443 
v -0.0355242 -2.46663 5.7443 
v -0.0749395 -2.44702 5.71322 
v -0.105956 -2.32613 5.59891 
v -0.106103 -2.3209 5.60192 
v -0.0478696 -2.31079 5.6211 
v -0.0480168 -2.30555 5.62412 
v -0.0257334 -2.34309 5.66125 
v -0.0258803 -2.33786 5.66426 
v -0.00250204 -2.38921 5.71572 
v -0.00979826 -2.36222 5.63954 
v -0.0190741 -2.34286 5.68053 
v -0.0629249 -2.32244 5.58735 
v 0.0162386 -2.39394 5.72726 
v 0.0773188 -2.2951 5.6605 
v 0.0771718 -2.28987 5.66351 
v 0.0568548 -2.50869 5.80964 
v -0.00174221 -2.49118 5.78126 
v 0.113094 -2.4938 5.81074 
v 0.0717147 -2.3912 5.68651 
v 0.0568548 -2.50869 5.80964 
v 0.179396 -2.52772 5.82923 
v 0.0956927 -2.36591 5.71641 
v 0.0955457 -2.36068 5.71943 
v 0.201697 -2.37634 5.76144 
v 0.108867 -2.39423 5.74681 
v 0.230617 -2.37932 5.71477 
v 0.23047 -2.37408 5.7178 
v 0.0717147 -2.3912 5.68651 
v 0.179396 -2.52772 5.82923 
v 0.186533 -2.39829 5.70923 
v 0.220023 -2.5031 5.81032 
v 0.232334 -2.41212 5.72093 
v 0.186533 -2.39829 5.70923 
v 0.220023 -2.5031 5.81032 
v 0.20155 -2.37111 5.76446 
v 0.231924 -2.37554 5.76153 
v 0.200192 -2.43861 5.81367 
v 0.232334 -2.41212 5.72093 
v 0.236576 -2.43575 5.82016 
v 0.10872 -2.389 5.74983 
v 0.232072 -2.38078 5.75851 
v 0.258631 -2.50131 5.80909 
v 0.240628 -2.52334 5.8198 
v 0.240628 -2.52334 5.8198 
v 0.232072 -2.38078 5.75851 
v 0.264452 -2.49729 5.84595 
v 0.240503 -2.50319 5.84535 
v 0.264305 -2.49206 5.84897 
v 0.0757801 -2.40646 5.75428 
v 0.0451678 -2.37051 5.71951 
v 0.0992465 -2.36663 5.71299 
v 0.0990996 -2.3614 5.71601 
v 0.110005 -2.42268 5.77923 
v 0.101871 -2.39399 5.75572 
v 0.101871 -2.39399 5.75572 
v 0.0757801 -2.40646 5.75428 
v 0.172148 -2.40182 5.78481 
v 0.0135078 -2.37746 5.70339 
v 0.0133606 -2.37222 5.70642 
v 0.135046 -2.43207 5.79191 
v 0.183157 -2.38402 5.77626 
v 0.200192 -2.43861 5.81367 
v 0.172148 -2.40182 5.78481 
v 0.661698 -2.67554 5.85983 
v 0.702841 -2.56186 5.72041 
v 0.719566 -2.64106 5.78834 
v 0.702694 -2.55664 5.72342 
v 0.661551 -2.67031 5.86284 
v 0.719419 -2.63582 5.79137 
v 0.638397 -2.5672 5.77973 
v 0.615041 -2.52137 5.72091 
v 0.761106 -2.66395 5.76717 
v 0.642634 -2.61214 5.80947 
v 0.63825 -2.56197 5.78274 
v 0.861018 -2.64465 5.66356 
v 0.699871 -2.53791 5.66178 
v 0.737615 -2.62797 5.72782 
v 0.785886 -2.54738 5.61223 
v 0.806552 -2.61538 5.66822 
v 0.817644 -2.7392 5.79876 
v 0.779131 -2.74175 5.84002 
v 0.700018 -2.54314 5.65876 
v 0.861165 -2.64988 5.66054 
v 0.737761 -2.6332 5.7248 
v 0.785739 -2.54215 5.61524 
v 0.760959 -2.65873 5.77019 
v 0.806404 -2.61014 5.67124 
v 0.778984 -2.73652 5.84304 
v 0.817497 -2.73397 5.80178 
v 0.675387 -2.68809 5.85321 
v 0.726466 -2.73098 5.87442 
v 0.642487 -2.60691 5.81249 
v 0.67524 -2.68286 5.85623 
v 0.537383 -2.57507 5.82716 
v 0.537236 -2.56983 5.83018 
v 0.726613 -2.73621 5.8714 
v 0.736821 -2.73162 5.85669 
v 0.736674 -2.72639 5.85971 
v 0.614894 -2.51614 5.72393 
v 0.732757 -2.53791 5.66823 
v 0.73261 -2.53267 5.67125 
v 0.607358 -2.4408 5.67278 
v 0.607211 -2.43556 5.6758 
v 0.698333 -2.41558 5.56332 
v 0.821161 -2.53965 5.59087 
v 0.771486 -2.42374 5.49154 
v 0.821308 -2.54489 5.58785 
v 0.483582 -2.60405 5.88204 
v 0.373774 -2.48081 5.80578 
v 0.471438 -2.48313 5.79037 
v 0.3846 -2.61714 5.9096 
v 0.239477 -2.50594 5.80894 
v 0.522152 -2.47377 5.76208 
v 0.388419 -2.60475 5.89556 
v 0.373557 -2.48095 5.79874 
v 0.388272 -2.59952 5.89858 
v 0.522005 -2.46853 5.7651 
v 0.37341 -2.47571 5.80176 
v 0.373627 -2.47558 5.8088 
v 0.483435 -2.59881 5.88506 
v 0.47129 -2.4779 5.79339 
v 0.534154 -2.60899 5.86647 
v 0.6269 -2.60331 5.82244 
v 0.626753 -2.59808 5.82546 
v 0.534007 -2.60376 5.86948 
v 0.613636 -2.48709 5.72674 
v 0.613489 -2.48186 5.72976 
v 0.894006 -2.63256 5.57646 
v 0.896988 -2.71665 5.66192 
v 0.939584 -2.71323 5.63628 
v 0.897135 -2.72189 5.6589 
v 0.844938 -2.68429 5.67102 
v 0.894153 -2.63779 5.57344 
v 0.844791 -2.67906 5.67403 
v 0.936517 -2.71881 5.64581 
v 0.904084 -2.6408 5.57672 
v 0.903937 -2.63557 5.57973 
v 0.93637 -2.71358 5.64883 
v 0.939731 -2.71846 5.63326 
v 0.981605 -2.70572 5.55998 
v 0.972209 -2.72066 5.58543 
v 0.972061 -2.71543 5.58845 
v 0.981458 -2.70048 5.563 
v 0.915676 -2.73735 5.68661 
v 0.827028 -2.71067 5.7546 
v 0.826881 -2.70544 5.75762 
v 0.83027 -2.73539 5.74438 
v 0.78536 -2.70402 5.74829 
v 0.785213 -2.69879 5.75131 
v 0.830122 -2.73015 5.7474 
v 0.873538 -2.73858 5.73024 
v 0.873685 -2.74382 5.72722 
v 0.915529 -2.73212 5.68963 
v 0.897582 -2.52732 5.42321 
v 0.846856 -2.5258 5.50521 
v 0.769241 -2.52445 5.57892 
v 0.847003 -2.53103 5.5022 
v 0.769093 -2.51921 5.58194 
v 0.873008 -2.559 5.51809 
v 0.872861 -2.55377 5.5211 
v 0.771339 -2.41851 5.49456 
v 0.897729 -2.53255 5.42019 
v 0.935893 -2.60877 5.48161 
v 0.935746 -2.60354 5.48462 
v 0.811047 -2.60452 5.63511 
v 0.8109 -2.59929 5.63813 
v 0.256282 -2.72616 5.97863 
v 0.273653 -2.80583 6.0281 
v 0.392156 -2.72412 5.99141 
v 0.307564 -2.84964 6.07909 
v 0.257783 -2.75969 6.01508 
v 0.28209 -2.74084 6.00776 
v 0.249478 -2.6355 5.93485 
v 0.254616 -2.72244 5.96969 
v 0.256429 -2.73139 5.97561 
v 0.281943 -2.7356 6.01078 
v 0.392304 -2.72936 5.98839 
v 0.2738 -2.81107 6.02508 
v 0.341482 -2.79466 6.04592 
v 0.364236 -2.70957 5.97208 
v 0.336789 -2.85175 6.08176 
v 0.364089 -2.70435 5.9751 
v 0.341335 -2.78943 6.04893 
v 0.336642 -2.84652 6.08477 
v 0.265297 -2.87457 6.08397 
v 0.265297 -2.87457 6.08397 
v 0.26515 -2.86935 6.08698 
v 0.307417 -2.84441 6.0821 
v 0.381069 -2.8686 6.07925 
v 0.380922 -2.86337 6.08227 
v 0.433732 -2.83791 6.06731 
v 0.376334 -2.61785 5.91526 
v 0.248429 -2.63273 5.90579 
v 0.267608 -2.63422 5.93592 
v 0.384453 -2.61191 5.91261 
v 0.23933 -2.50071 5.81196 
v 0.248282 -2.6275 5.90881 
v 0.267461 -2.62899 5.93894 
v 0.376188 -2.61262 5.91828 
v 0.373188 -2.50345 5.83048 
v 0.373041 -2.49822 5.8335 
v 0.254469 -2.7172 5.97271 
v 0.433879 -2.84314 6.06429 
v 0.627481 -2.79272 5.94519 
v 0.594371 -2.75435 5.94965 
v 0.614417 -2.77725 5.97579 
v 0.586133 -2.82728 6.00311 
v 0.54186 -2.71972 5.94751 
v 0.594224 -2.74912 5.95266 
v 0.627334 -2.78749 5.94821 
v 0.423387 -2.78204 6.0135 
v 0.408456 -2.70329 5.96335 
v 0.408309 -2.69806 5.96637 
v 0.423239 -2.77681 6.01652 
v 0.541713 -2.71448 5.95053 
v 0.671483 -2.7806 5.93842 
v 0.707358 -2.78636 5.91627 
v 0.67163 -2.78583 5.9354 
v 0.707211 -2.78113 5.91929 
v 0.585986 -2.82205 6.00612 
v 0.61427 -2.77201 5.97881 
v 0.470111 -2.79087 6.02383 
v 0.469964 -2.78564 6.02685 
v 0.472442 -2.8282 6.04271 
v 0.482466 -2.692 5.94738 
v 0.482319 -2.68677 5.95039 
v 0.472589 -2.83344 6.03968 
v 0.527268 -2.84304 6.03238 
v 0.527121 -2.83781 6.0354 
v 0.624473 -2.68566 5.89248 
v 0.56821 -2.674 5.89131 
v 0.568357 -2.67923 5.88829 
v 0.624325 -2.68042 5.8955 
v 0.662477 -2.32998 5.47366 
v 0.612504 -2.24629 5.43258 
v 0.627793 -2.35178 5.53154 
v 0.603139 -2.33257 5.54542 
v 0.666778 -2.30434 5.45604 
v 0.651927 -2.25723 5.40026 
v 0.620897 -2.2856 5.52534 
v 0.651927 -2.25723 5.40026 
v 0.677132 -2.31665 5.49723 
v 0.649263 -2.41954 5.57508 
v 0.728523 -2.2842 5.4096 
v 0.611431 -2.28724 5.49144 
v 0.684747 -2.30678 5.44662 
v 0.728671 -2.28943 5.40658 
v 0.64941 -2.42478 5.57206 
v 0.611579 -2.29248 5.48842 
v 0.705325 -2.29985 5.41869 
v 0.734465 -2.28077 5.41122 
v 0.603616 -2.36947 5.5828 
v 0.562527 -2.28452 5.51821 
v 0.663841 -2.28264 5.47149 
v 0.576434 -2.40632 5.62602 
v 0.554182 -2.27612 5.53469 
v 0.576287 -2.40109 5.62904 
v 0.663694 -2.2774 5.47451 
v 0.554035 -2.27089 5.53771 
v 0.543242 -2.31528 5.62867 
v 0.612504 -2.24629 5.43258 
v 0.543242 -2.31528 5.62867 
v 0.581423 -2.31314 5.57601 
v 0.464368 -2.26352 5.58347 
v 0.558706 -2.25334 5.51961 
v 0.601177 -2.2502 5.48962 
v 0.581276 -2.30791 5.57903 
v 0.629984 -2.31778 5.53562 
v 0.698185 -2.41034 5.56634 
v 0.603616 -2.36947 5.5828 
v 0.603139 -2.33257 5.54542 
v 0.601324 -2.25543 5.4866 
v 0.630132 -2.32302 5.5326 
v 0.598363 -2.22551 5.43699 
v 0.699624 -2.21645 5.3609 
v 0.691078 -2.22623 5.3823 
v 0.643151 -2.21061 5.42061 
v 0.598216 -2.22027 5.44001 
v 0.699476 -2.21122 5.36392 
v 0.649327 -2.19094 5.37712 
v 0.73727 -2.26008 5.33919 
v 0.662785 -2.26181 5.43049 
v 0.737123 -2.25485 5.34221 
v 0.64918 -2.1857 5.38014 
v 0.662638 -2.25657 5.43352 
v 0.701886 -2.23303 5.3317 
v 0.706745 -2.23684 5.32643 
v 0.701955 -2.18587 5.24994 
v 0.734465 -2.28077 5.41122 
v 0.702392 -2.18622 5.30136 
v 0.702244 -2.18098 5.30438 
v 0.717907 -2.30814 5.42157 
v 0.560124 -2.20898 5.47664 
v 0.558558 -2.24811 5.52263 
v 0.559977 -2.20374 5.47966 
v 0.643004 -2.20538 5.42363 
v 0.690931 -2.221 5.38531 
v 0.71776 -2.30291 5.42459 
v 0.750753 -2.42394 5.52474 
v 0.713609 -2.3945 5.50335 
v 0.789555 -2.39513 5.4162 
v 0.826269 -2.44438 5.4332 
v 0.777514 -2.31198 5.34887 
v 0.826122 -2.43915 5.43622 
v 0.777367 -2.30674 5.35189 
v 0.713462 -2.38927 5.50637 
v 0.789408 -2.3899 5.41922 
v 0.841284 -2.41031 5.34583 
v 0.841431 -2.41554 5.34281 
v 0.7509 -2.42917 5.52172 
v 0.736253 -2.19315 5.25212 
v 0.753917 -2.24182 5.31802 
v 0.73514 -2.19335 5.25486 
v 0.739963 -2.19313 5.25471 
v 0.69729 -2.18178 5.22325 
v 0.7364 -2.19838 5.24911 
v 0.776098 -2.28097 5.27327 
v 0.775952 -2.27574 5.27629 
v 0.743449 -2.22445 5.31885 
v 0.743597 -2.22969 5.31583 
v 0.464221 -2.25829 5.58649 
v 0.275827 -2.39415 5.7064 
v 0.387832 -2.37654 5.67649 
v 0.302475 -2.52201 5.82533 
v 0.364054 -2.48215 5.80278 
v 0.302475 -2.52201 5.82533 
v 0.387832 -2.37654 5.67649 
v 0.275827 -2.39415 5.7064 
v 0.230617 -2.37932 5.71477 
v 0.363556 -2.35349 5.70792 
v 0.272584 -2.43525 5.81137 
v 0.421247 -2.49178 5.79809 
v 0.463182 -2.34027 5.62454 
v 0.421247 -2.49178 5.79809 
v 0.476062 -2.46901 5.76611 
v 0.510627 -2.34484 5.66381 
v 0.51048 -2.33961 5.66683 
v 0.363409 -2.34826 5.71094 
v 0.23047 -2.37408 5.7178 
v 0.258631 -2.50131 5.80909 
v 0.236576 -2.43575 5.82016 
v 0.26203 -2.37354 5.75953 
v 0.261883 -2.36831 5.76255 
v 0.355005 -2.38281 5.73901 
v 0.354858 -2.37758 5.74202 
v 0.358554 -2.41115 5.77135 
v 0.335341 -2.42278 5.78556 
v 0.389486 -2.3919 5.74433 
v 0.295226 -2.39611 5.78091 
v 0.414384 -2.35338 5.7078 
v 0.371731 -2.28145 5.65116 
v 0.359874 -2.35454 5.70473 
v 0.371584 -2.27622 5.65418 
v 0.359727 -2.34931 5.70774 
v 0.463182 -2.34027 5.62454 
v 0.463243 -2.3676 5.70096 
v 0.445788 -2.37401 5.71364 
v 0.495091 -2.2856 5.60388 
v 0.494944 -2.28036 5.6069 
v 0.272584 -2.43525 5.81137 
v 0.282099 -2.37943 5.77312 
v 0.295226 -2.39611 5.78091 
v 0.362498 -2.3819 5.74746 
v 0.445469 -2.35742 5.6897 
v 0.445322 -2.35218 5.69272 
v 0.389486 -2.3919 5.74433 
v 0.362498 -2.3819 5.74746 
v 0.508997 -2.29591 5.56922 
v 0.670452 -2.45133 5.62395 
v 0.670304 -2.44609 5.62697 
v 0.50681 -2.44796 5.73595 
v 0.506663 -2.44273 5.73896 
v 0.505025 -2.44155 5.72717 
v 0.476062 -2.46901 5.76611 
v 0.585287 -2.36105 5.6278 
v 0.58514 -2.35582 5.63082 
v 0.495041 -2.32469 5.65957 
v 0.552829 -2.29557 5.57802 
v 0.47862 -2.31969 5.64526 
v 0.478473 -2.31446 5.64828 
v 0.546325 -2.38937 5.65566 
v 0.582595 -2.40724 5.62792 
v 0.552682 -2.29034 5.58104 
v 0.508997 -2.29591 5.56922 
v 0.505025 -2.44155 5.72717 
v 0.540414 -2.41847 5.69371 
v 0.473201 -2.32003 5.66493 

vn 0.614173 -0.574803 -0.551181 
vn 0.614173 -0.582677 -0.535433 
vn 0.582677 -0.574803 -0.574803 
vn -0.614173 0.582677 0.527559 
vn -0.511811 0.637795 0.574803 
vn -0.606299 0.574803 0.551181 
vn -0.582677 0.574803 0.574803 
vn 0.653543 -0.574803 -0.496063 
vn -0.653543 0.574803 0.496063 
vn 0.511811 -0.637795 -0.574803 
vn 0.472441 -0.598425 -0.645669 
vn -0.472441 0.598425 0.645669 
vn 0.716535 -0.519685 -0.456693 
vn 0.566929 -0.543307 -0.614173 
vn 0.653543 -0.527559 -0.543307 
vn -0.653543 0.527559 0.543307 
vn -0.566929 0.543307 0.614173 
vn -0.716535 0.519685 0.456693 
vn 0.606299 -0.511811 -0.606299 
vn 0.464567 -0.511811 -0.716535 
vn 0.582677 -0.488189 -0.645669 
vn -0.582677 0.488189 0.645669 
vn -0.464567 0.511811 0.716535 
vn -0.606299 0.511811 0.606299 
vn -0.417323 0.519685 0.740157 
vn 0.417323 -0.519685 -0.740157 
vn 0.440945 -0.503937 -0.748031 
vn -0.440945 0.503937 0.748031 
vn 0.614173 -0.535433 -0.582677 
vn 0.527559 -0.582677 -0.622047 
vn 0.566929 -0.582677 -0.574803 
vn -0.566929 0.590551 0.574803 
vn -0.527559 0.582677 0.622047 
vn -0.614173 0.535433 0.582677 
vn 0.716535 -0.527559 -0.456693 
vn -0.716535 0.527559 0.456693 
vn 0.661417 -0.543307 -0.511811 
vn -0.708661 0.496063 0.503937 
vn -0.661417 0.543307 0.511811 
vn 0.708661 -0.496063 -0.503937 
vn 0.724409 -0.519685 -0.464567 
vn 0.590551 -0.543307 -0.590551 
vn 0.582677 -0.566929 -0.574803 
vn 0.614173 -0.551181 -0.566929 
vn -0.590551 0.543307 0.590551 
vn -0.724409 0.519685 0.456693 
vn -0.582677 0.574803 0.574803 
vn -0.614173 0.551181 0.559055 
vn -0.622047 0.527559 0.574803 
vn 0.622047 -0.527559 -0.574803 
vn 0.425197 -0.606299 -0.677165 
vn -0.425197 0.606299 0.677165 
vn -0.433071 0.559055 0.708661 
vn 0.433071 -0.551181 -0.708661 
vn 0.566929 -0.590551 -0.574803 
vn 0.629921 -0.535433 -0.566929 
vn -0.629921 0.535433 0.566929 
vn 0.425197 -0.614173 -0.661417 
vn 0.472441 -0.582677 -0.661417 
vn -0.425197 0.614173 0.661417 
vn -0.472441 0.582677 0.661417 
vn 0.527559 -0.574803 -0.622047 
vn -0.527559 0.582677 0.622047 
vn -0.566929 0.590551 0.574803 
vn 0.488189 -0.614173 -0.614173 
vn -0.488189 0.614173 0.614173 
vn -0.480315 0.582677 0.661417 
vn 0.519685 -0.574803 -0.629921 
vn 0.370079 -0.559055 -0.748031 
vn 0.496063 -0.559055 -0.669291 
vn -0.362205 0.559055 0.740157 
vn -0.519685 0.574803 0.629921 
vn -0.496063 0.559055 0.669291 
vn 0.480315 -0.582677 -0.661417 
vn 0.417323 -0.574803 -0.700787 
vn 0.307087 -0.574803 -0.755906 
vn -0.417323 0.582677 0.700787 
vn -0.299213 0.574803 0.755906 
vn 0.535433 -0.559055 -0.637795 
vn -0.535433 0.559055 0.637795 
vn 0.480315 -0.566929 -0.669291 
vn -0.480315 0.566929 0.669291 
vn 0.275591 -0.582677 -0.76378 
vn 0.330709 -0.574803 -0.748031 
vn 0.385827 -0.566929 -0.732283 
vn 0.244094 -0.582677 -0.779528 
vn -0.275591 0.582677 0.76378 
vn -0.330709 0.574803 0.748031 
vn -0.244094 0.582677 0.779528 
vn -0.377953 0.566929 0.732283 
vn -0.133858 0.582677 0.80315 
vn -0.0393701 0.606299 0.795276 
vn -0.15748 0.598425 0.787402 
vn 0.0393701 -0.606299 -0.795276 
vn 0.141732 -0.582677 -0.80315 
vn 0.15748 -0.598425 -0.779528 
vn 0.023622 -0.661417 -0.748031 
vn 0.0314961 -0.590551 -0.80315 
vn -0.0314961 0.590551 0.80315 
vn 0.00787402 0.669291 0.748031 
vn 0.173228 -0.590551 -0.787402 
vn 0.173228 -0.598425 -0.787402 
vn -0.165354 0.590551 0.787402 
vn -0.173228 0.598425 0.787402 
vn 0.440945 -0.629921 -0.637795 
vn 0.23622 -0.543307 -0.811024 
vn 0.393701 -0.503937 -0.771654 
vn -0.385827 0.503937 0.771654 
vn -0.23622 0.543307 0.80315 
vn 0.409449 -0.527559 -0.748031 
vn -0.440945 0.629921 0.637795 
vn -0.409449 0.527559 0.748031 
vn -0.330709 0.456693 0.826772 
vn 0.330709 -0.456693 -0.826772 
vn 0.433071 -0.448819 -0.779528 
vn -0.433071 0.448819 0.779528 
vn 0.275591 -0.582677 -0.76378 
vn 0.19685 -0.559055 -0.80315 
vn 0.0944882 -0.527559 -0.84252 
vn -0.0866142 0.527559 0.84252 
vn -0.19685 0.559055 0.80315 
vn -0.275591 0.582677 0.76378 
vn 0.228346 -0.511811 -0.826772 
vn 0.173228 -0.496063 -0.850394 
vn -0.173228 0.496063 0.850394 
vn -0.228346 0.511811 0.826772 
vn -0.188976 0.535433 0.826772 
vn 0.188976 -0.535433 -0.826772 
vn 0.15748 -0.551181 -0.818898 
vn -0.15748 0.551181 0.818898 
vn 0.133858 -0.574803 -0.811024 
vn 0.015748 -0.582677 -0.811024 
vn 0.0944882 -0.574803 -0.811024 
vn 0.165354 -0.559055 -0.811024 
vn -0.0944882 0.574803 0.811024 
vn -0.015748 0.582677 0.811024 
vn -0.125984 0.574803 0.811024 
vn -0.23622 0.598425 0.76378 
vn 0.23622 -0.598425 -0.76378 
vn -0.165354 0.559055 0.811024 
vn 0.102362 -0.559055 -0.818898 
vn -0.0314961 -0.559055 -0.826772 
vn -0.00787402 -0.574803 -0.818898 
vn 0.00787402 0.582677 0.818898 
vn 0.0393701 0.559055 0.826772 
vn -0.102362 0.559055 0.818898 
vn -0.0787402 -0.551181 -0.826772 
vn 0.0866142 0.551181 0.826772 
vn 0.110236 -0.551181 -0.826772 
vn 0.15748 0.614173 0.771654 
vn -0.15748 -0.614173 -0.779528 
vn 0.0314961 -0.401575 -0.913386 
vn -0.141732 -0.527559 -0.834646 
vn 0 0.551181 0.834646 
vn 0 0.527559 0.850394 
vn 0.00787402 -0.622047 -0.779528 
vn 0 -0.559055 -0.826772 
vn 0.125984 -0.527559 -0.84252 
vn 0.0551181 -0.590551 -0.80315 
vn 0 0.559055 0.826772 
vn -0.125984 0.527559 0.84252 
vn -0.0551181 0.590551 0.80315 
vn 0.149606 0.527559 0.834646 
vn -0.110236 0.551181 0.826772 
vn 0 -0.574803 -0.818898 
vn -0.00787402 -0.551181 -0.834646 
vn 0 0.574803 0.818898 
vn 0.015748 0.551181 0.834646 
vn 0.149606 -0.566929 -0.811024 
vn -0.149606 0.566929 0.811024 
vn 0.0314961 0.535433 0.84252 
vn 0.015748 -0.527559 -0.850394 
vn 0.0551181 -0.669291 -0.740157 
vn 0.023622 -0.448819 -0.889764 
vn 0 0.566929 0.818898 
vn 0 0.622047 0.779528 
vn 0.771654 -0.480315 -0.417323 
vn -0.771654 0.480315 0.417323 
vn -0.740157 0.472441 0.480315 
vn 0.740157 -0.472441 -0.488189 
vn 0.80315 -0.448819 -0.401575 
vn -0.80315 0.448819 0.393701 
vn 0.606299 -0.511811 -0.614173 
vn 0.724409 -0.503937 -0.480315 
vn 0.732283 -0.456693 -0.503937 
vn 0.637795 -0.511811 -0.582677 
vn -0.724409 0.503937 0.472441 
vn -0.606299 0.511811 0.614173 
vn -0.732283 0.456693 0.503937 
vn -0.637795 0.511811 0.582677 
vn 0.645669 -0.519685 -0.559055 
vn 0.440945 -0.574803 -0.685039 
vn -0.440945 0.574803 0.685039 
vn 0.559055 -0.511811 -0.645669 
vn 0.669291 -0.480315 -0.566929 
vn -0.645669 0.519685 0.559055 
vn -0.559055 0.511811 0.645669 
vn -0.669291 0.480315 0.566929 
vn 0.653543 -0.488189 -0.574803 
vn 0.80315 -0.440945 -0.393701 
vn -0.80315 0.440945 0.393701 
vn 0.740157 -0.472441 -0.480315 
vn -0.952756 -0.102362 0.283465 
vn -0.354331 -0.834646 0.417323 
vn 0.275591 -0.84252 -0.464567 
vn -0.740157 0.472441 0.472441 
vn -0.811024 0.181102 -0.559055 
vn -0.110236 -0.181102 -0.976378 
vn -0.456693 0.80315 0.377953 
vn -0.188976 0.866142 0.464567 
vn 0.661417 -0.496063 -0.559055 
vn 0.771654 -0.503937 -0.393701 
vn -0.771654 0.503937 0.393701 
vn 0.165354 -0.834646 -0.519685 
vn 0.629921 -0.582677 -0.503937 
vn -0.629921 0.590551 0.503937 
vn -0.653543 0.629921 0.425197 
vn -0.653543 0.496063 0.574803 
vn -0.677165 0.448819 0.574803 
vn 0.488189 0.346457 0.80315 
vn -0.661417 0.496063 0.559055 
vn 0.677165 -0.448819 -0.574803 
vn -0.354331 -0.165354 0.92126 
vn -0.212598 -0.968504 -0.141732 
vn -0.464567 0.543307 0.700787 
vn -0.952756 0.283465 -0.0787402 
vn 0.165354 -0.834646 -0.519685 
vn 0.488189 0.346457 0.80315 
vn -0.76378 0.354331 0.535433 
vn 0.464567 -0.543307 -0.700787 
vn -0.708661 0.480315 0.519685 
vn -0.905512 -0.204724 -0.370079 
vn -0.858268 -0.511811 0 
vn -0.204724 0.401575 0.889764 
vn -0.0393701 0.440945 0.897638 
vn 0.732283 -0.0551181 0.677165 
vn -0.204724 0.401575 0.889764 
vn -0.708661 0.480315 0.519685 
vn -0.858268 -0.511811 0 
vn 0.417323 -0.582677 -0.700787 
vn -0.496063 0.598425 0.629921 
vn -0.566929 0.590551 0.574803 
vn -0.582677 0.559055 0.590551 
vn -0.417323 0.582677 0.700787 
vn 0.566929 -0.590551 -0.574803 
vn 0.496063 -0.598425 -0.629921 
vn 0.582677 -0.559055 -0.590551 
vn 0.440945 -0.535433 -0.716535 
vn -0.488189 0.448819 0.748031 
vn -0.393701 0.874016 0.275591 
vn -0.677165 0.559055 0.480315 
vn -0.440945 0.535433 0.716535 
vn 0.472441 -0.519685 -0.716535 
vn -0.472441 0.519685 0.716535 
vn -0.574803 0.496063 0.645669 
vn 0.574803 -0.496063 -0.645669 
vn 0.456693 -0.535433 -0.708661 
vn 0.015748 -0.952756 -0.299213 
vn -0.456693 0.535433 0.708661 
vn -0.480315 0.637795 0.598425 
vn 0.015748 -0.952756 -0.299213 
vn 0.480315 -0.637795 -0.598425 
vn 0.377953 -0.685039 -0.622047 
vn -0.377953 0.685039 0.622047 
vn 0.0787402 -0.92126 -0.377953 
vn 0.566929 -0.551181 -0.614173 
vn -0.566929 0.551181 0.614173 
vn 0.377953 -0.582677 -0.724409 
vn -0.377953 0.582677 0.716535 
vn 0.322835 -0.606299 -0.724409 
vn 0.425197 -0.598425 -0.677165 
vn -0.322835 0.606299 0.724409 
vn -0.425197 0.598425 0.677165 
vn -0.133858 0.779528 0.614173 
vn 0.244094 -0.874016 0.417323 
vn -0.165354 -0.913386 -0.370079 
vn -0.165354 -0.913386 -0.370079 
vn -0.834646 0.496063 -0.251969 
vn 0.440945 -0.645669 -0.622047 
vn -0.440945 0.653543 0.622047 
vn 0.346457 -0.637795 -0.685039 
vn -0.346457 0.645669 0.685039 
vn 0.401575 -0.614173 -0.685039 
vn -0.401575 0.614173 0.685039 
vn -0.929134 0.299213 0.228346 
vn 0.244094 -0.874016 0.417323 
vn -0.125984 -0.622047 0.779528 
vn -0.677165 0.559055 0.480315 
vn -0.826772 0.11811 0.551181 
vn 0.23622 -0.622047 -0.748031 
vn -0.23622 0.622047 0.748031 
vn -0.165354 0.708661 0.685039 
vn -0.133858 0.779528 0.614173 
vn -0.15748 -0.944882 -0.283465 
vn -0.23622 -0.952756 -0.204724 
vn -0.165354 0.708661 0.685039 
vn -0.228346 0.614173 0.755906 
vn 0.0551181 -0.614173 -0.787402 
vn -0.0551181 0.614173 0.787402 
vn 0.023622 -0.582677 -0.811024 
vn 0.188976 -0.566929 -0.80315 
vn 0.0472441 -0.653543 -0.755906 
vn 0.023622 0.661417 0.748031 
vn -0.23622 -0.952756 -0.204724 
vn -0.228346 0.614173 0.755906 
vn 0.748031 0.0708661 0.661417 
vn -0.15748 -0.984252 0.00787402 
vn 0.0708661 -0.976378 -0.19685 
vn 0.748031 0.0708661 0.661417 
vn -0.15748 -0.984252 0.00787402 
vn -0.023622 0.582677 0.811024 
vn 0 0.574803 0.818898 
vn -0.519685 -0.755906 -0.401575 
vn 0.0708661 -0.976378 -0.19685 
vn 0 0.590551 0.811024 
vn -0.188976 0.574803 0.795276 
vn 0.0787402 -0.448819 -0.889764 
vn 0.267717 -0.96063 -0.015748 
vn 0 0.519685 0.850394 
vn 0 0.519685 0.850394 
vn 0.0787402 -0.448819 -0.889764 
vn 0 -0.574803 -0.818898 
vn 0.0551181 -0.669291 -0.740157 
vn 0 0.574803 0.818898 
vn -0.944882 -0.291339 0.125984 
vn 0.133858 -0.661417 0.740157 
vn 0.19685 -0.598425 -0.779528 
vn -0.19685 0.598425 0.771654 
vn -0.511811 0.535433 0.669291 
vn 0.244094 0.551181 0.795276 
vn 0.244094 0.551181 0.795276 
vn -0.944882 -0.291339 0.125984 
vn -0.629921 0.149606 0.755906 
vn 0.181102 -0.606299 -0.771654 
vn -0.181102 0.606299 0.771654 
vn -0.456693 -0.858268 -0.220472 
vn 0.0944882 0.874016 0.480315 
vn -0.519685 -0.755906 -0.401575 
vn -0.629921 0.149606 0.755906 
vn -0.354331 -0.590551 -0.724409 
vn -0.503937 -0.622047 -0.598425 
vn -0.480315 -0.598425 -0.637795 
vn 0.503937 0.622047 0.598425 
vn 0.362205 0.590551 0.716535 
vn 0.480315 0.598425 0.637795 
vn -0.401575 -0.614173 -0.677165 
vn -0.409449 -0.653543 -0.637795 
vn -0.503937 -0.629921 -0.590551 
vn -0.456693 -0.629921 -0.629921 
vn 0.401575 0.614173 0.677165 
vn 0.551181 0.598425 0.582677 
vn 0.409449 0.645669 0.645669 
vn 0.425197 0.598425 0.685039 
vn -0.606299 -0.590551 -0.527559 
vn -0.590551 -0.590551 -0.543307 
vn -0.543307 -0.645669 -0.543307 
vn -0.464567 -0.661417 -0.590551 
vn -0.409449 -0.645669 -0.645669 
vn -0.551181 -0.598425 -0.582677 
vn -0.425197 -0.598425 -0.685039 
vn 0.614173 0.590551 0.527559 
vn 0.503937 0.629921 0.582677 
vn 0.598425 0.590551 0.543307 
vn 0.472441 0.661417 0.582677 
vn 0.543307 0.645669 0.535433 
vn -0.464567 -0.622047 -0.629921 
vn 0.401575 0.566929 0.716535 
vn 0.456693 0.629921 0.629921 
vn 0.464567 0.622047 0.629921 
vn -0.291339 -0.606299 -0.740157 
vn 0.299213 0.606299 0.740157 
vn -0.401575 -0.566929 -0.724409 
vn -0.417323 -0.669291 -0.614173 
vn 0.425197 0.669291 0.614173 
vn 0.409449 0.653543 0.637795 
vn -0.511811 -0.629921 -0.590551 
vn 0.511811 0.629921 0.582677 
vn -0.464567 -0.614173 -0.637795 
vn 0.464567 0.614173 0.637795 
vn -0.519685 -0.606299 -0.598425 
vn 0.566929 0.622047 0.543307 
vn -0.574803 -0.598425 -0.559055 
vn -0.559055 -0.622047 -0.543307 
vn -0.133858 -0.598425 -0.795276 
vn -0.0314961 -0.606299 -0.795276 
vn -0.149606 -0.614173 -0.771654 
vn -0.023622 -0.590551 -0.80315 
vn 0.023622 -0.661417 -0.748031 
vn -0.267717 -0.606299 -0.748031 
vn -0.165354 -0.606299 -0.779528 
vn -0.165354 -0.606299 -0.779528 
vn 0.165354 0.606299 0.779528 
vn 0.267717 0.614173 0.748031 
vn 0.165354 0.614173 0.771654 
vn 0.0314961 0.614173 0.787402 
vn 0.133858 0.598425 0.787402 
vn 0.149606 0.614173 0.771654 
vn -0.23622 -0.606299 -0.76378 
vn -0.314961 -0.606299 -0.732283 
vn 0.322835 0.606299 0.732283 
vn 0.23622 0.606299 0.76378 
vn -0.370079 -0.598425 -0.708661 
vn 0.377953 0.598425 0.708661 
vn 0.590551 0.629921 0.511811 
vn 0.456693 0.637795 0.614173 
vn 0.488189 0.685039 0.543307 
vn -0.456693 -0.637795 -0.622047 
vn -0.590551 -0.566929 -0.574803 
vn -0.590551 -0.629921 -0.511811 
vn 0.598425 0.566929 0.566929 
vn -0.629921 -0.590551 -0.503937 
vn -0.692913 -0.590551 -0.417323 
vn 0.692913 0.590551 0.417323 
vn 0.629921 0.590551 0.503937 
vn -0.480315 -0.685039 -0.543307 
vn -0.559055 -0.629921 -0.543307 
vn -0.590551 -0.637795 -0.496063 
vn 0.590551 0.637795 0.488189 
vn 0.559055 0.629921 0.535433 
vn -0.574803 -0.543307 -0.614173 
vn -0.543307 -0.637795 -0.543307 
vn 0.551181 0.637795 0.543307 
vn -0.417323 -0.559055 -0.716535 
vn -0.433071 -0.543307 -0.716535 
vn 0.440945 0.543307 0.716535 
vn 0.417323 0.559055 0.716535 
vn 0.464567 0.559055 0.692913 
vn -0.456693 -0.559055 -0.692913 
vn 0.574803 0.543307 0.614173 
vn 0.692913 0.598425 0.409449 
vn 0.637795 0.606299 0.472441 
vn -0.598425 -0.606299 -0.527559 
vn -0.637795 -0.606299 -0.472441 
vn 0.598425 0.606299 0.527559 
vn -0.692913 -0.582677 -0.417323 
vn 0.700787 0.582677 0.417323 
vn 0.574803 0.598425 0.551181 
vn -0.692913 -0.598425 -0.409449 
vn -0.622047 -0.637795 -0.456693 
vn 0.629921 0.637795 0.448819 
vn -0.606299 -0.590551 -0.535433 
vn 0.606299 0.590551 0.535433 
vn -0.0787402 0.543307 0.834646 
vn -0.165354 0.598425 0.787402 
vn 0.015748 0.582677 0.811024 
vn 0.141732 -0.519685 -0.84252 
vn 0.0314961 -0.401575 -0.913386 
vn 0.0314961 -0.559055 -0.826772 
vn 0.023622 -0.448819 -0.889764 
vn 0.00787402 -0.622047 -0.779528 
vn 0.0787402 -0.543307 -0.834646 
vn -0.0314961 0.559055 0.826772 
vn -0.015748 -0.582677 -0.811024 
vn 0.165354 -0.598425 -0.787402 
vn 0.015748 -0.574803 -0.818898 
vn -0.102362 -0.574803 -0.811024 
vn -0.0472441 -0.590551 -0.80315 
vn 0.102362 0.574803 0.811024 
vn -0.00787402 0.574803 0.818898 
vn 0.0472441 0.590551 0.80315 
vn 0.0314961 -0.653543 -0.755906 
vn 0.0314961 -0.653543 -0.755906 
vn 0 0.527559 0.850394 
vn -0.141732 0.519685 0.84252 
vn -0.125984 -0.535433 -0.834646 
vn 0.133858 0.535433 0.834646 
vn 0.00787402 0.559055 0.826772 
vn -0.110236 -0.559055 -0.818898 
vn 0.015748 -0.527559 -0.850394 
vn 0.00787402 -0.551181 -0.834646 
vn 0.023622 0.590551 0.80315 
vn 0.00787402 0.669291 0.748031 
vn 0.0314961 0.535433 0.84252 
vn -0.00787402 0.551181 0.834646 
vn 0.110236 0.559055 0.818898 
vn -0.149606 -0.582677 -0.80315 
vn 0.149606 0.582677 0.80315 
vn 0 0.622047 0.779528 
vn 0 -0.559055 -0.826772 
vn -0.330709 -0.488189 -0.80315 
vn -0.433071 -0.496063 -0.755906 
vn -0.0944882 -0.535433 -0.84252 
vn -0.173228 -0.511811 -0.84252 
vn -0.19685 -0.582677 -0.787402 
vn 0.433071 0.496063 0.755906 
vn 0.338583 0.488189 0.80315 
vn -0.15748 -0.559055 -0.811024 
vn -0.165354 -0.574803 -0.80315 
vn 0.165354 0.574803 0.80315 
vn 0.15748 0.566929 0.811024 
vn 0.19685 0.582677 0.787402 
vn 0.23622 0.566929 0.795276 
vn -0.385827 -0.543307 -0.748031 
vn -0.228346 -0.566929 -0.795276 
vn 0.393701 0.543307 0.740157 
vn 0.181102 0.511811 0.84252 
vn 0.0944882 0.535433 0.84252 
vn -0.0866142 -0.582677 -0.80315 
vn 0.0944882 0.582677 0.80315 
vn 0.188976 0.551181 0.811024 
vn -0.125984 -0.582677 -0.80315 
vn 0.125984 0.590551 0.80315 
vn -0.188976 -0.551181 -0.811024 
vn -0.23622 -0.527559 -0.818898 
vn 0.23622 0.527559 0.811024 
vn -0.267717 -0.606299 -0.748031 
vn 0.228346 0.622047 0.748031 
vn -0.228346 -0.622047 -0.748031 
vn 0.267717 0.614173 0.748031 
vn 0.425197 -0.125984 0.897638 
vn 0.692913 0.543307 0.472441 
vn 0.897638 -0.11811 -0.425197 
vn 0.897638 -0.433071 -0.0629921 
vn 0.291339 -0.944882 -0.15748 
vn -0.464567 0.307087 0.826772 
vn -0.677165 -0.11811 0.724409 
vn -0.464567 0.307087 0.826772 
vn 0.76378 0.425197 0.488189 
vn 0.433071 0.614173 0.661417 
vn 0.598425 0.566929 0.574803 
vn 0.456693 0.582677 0.677165 
vn 0.929134 0.322835 -0.181102 
vn -0.590551 -0.566929 -0.574803 
vn -0.433071 -0.614173 -0.661417 
vn -0.448819 -0.582677 -0.677165 
vn 0.622047 0.685039 0.377953 
vn -0.11811 -0.850394 -0.519685 
vn 0.228346 0.425197 0.874016 
vn 0.0629921 0.456693 0.889764 
vn -0.551181 -0.566929 -0.614173 
vn -0.401575 -0.622047 -0.669291 
vn -0.433071 -0.582677 -0.692913 
vn 0.401575 0.622047 0.669291 
vn 0.551181 0.566929 0.614173 
vn 0.433071 0.582677 0.692913 
vn 0.0551181 -0.952756 -0.307087 
vn 0.692913 0.543307 0.472441 
vn 0.0551181 -0.952756 -0.307087 
vn -0.472441 -0.637795 -0.606299 
vn -0.346457 -0.716535 -0.598425 
vn -0.456693 -0.685039 -0.566929 
vn 0.543307 0.645669 0.535433 
vn 0.472441 0.637795 0.598425 
vn 0.566929 0.614173 0.551181 
vn 0.519685 0.606299 0.598425 
vn 0.228346 0.425197 0.874016 
vn 0.897638 -0.433071 -0.0629921 
vn -0.543307 -0.645669 -0.535433 
vn -0.559055 -0.614173 -0.551181 
vn -0.464567 -0.559055 -0.685039 
vn -0.598425 -0.653543 -0.472441 
vn -0.669291 -0.511811 -0.535433 
vn -0.566929 -0.551181 -0.614173 
vn 0.464567 0.559055 0.685039 
vn 0.614173 0.637795 0.464567 
vn -0.645669 -0.551181 -0.519685 
vn -0.716535 -0.535433 -0.440945 
vn -0.637795 -0.551181 -0.535433 
vn 0.724409 0.535433 0.440945 
vn 0.653543 0.551181 0.519685 
vn 0.645669 0.551181 0.527559 
vn 0.0866142 -0.141732 -0.984252 
vn 0.401575 0.84252 0.346457 
vn 0.464567 -0.795276 0.393701 
vn -0.11811 -0.850394 -0.519685 
vn -0.724409 -0.543307 -0.433071 
vn 0.724409 0.535433 0.425197 
vn -0.653543 -0.543307 -0.527559 
vn -0.448819 -0.582677 -0.685039 
vn 0.464567 0.685039 0.566929 
vn 0.448819 0.582677 0.677165 
vn 0.566929 0.551181 0.614173 
vn 0.669291 0.511811 0.535433 
vn 0.661417 0.543307 0.527559 
vn 0.629921 0.582677 0.511811 
vn -0.622047 -0.566929 -0.543307 
vn -0.692913 -0.559055 -0.456693 
vn -0.700787 -0.566929 -0.433071 
vn -0.716535 -0.527559 -0.456693 
vn 0.700787 0.566929 0.433071 
vn 0.716535 0.527559 0.456693 
vn 0.622047 0.566929 0.543307 
vn 0.692913 0.559055 0.456693 
vn 0.748031 0.551181 0.370079 
vn -0.748031 -0.551181 -0.370079 
vn -0.629921 -0.582677 -0.519685 
vn 0.787402 0.519685 0.346457 
vn -0.228346 -0.866142 -0.448819 
vn 0.141732 0.88189 0.456693 
vn 0.976378 -0.015748 0.220472 
vn 0.771654 0.251969 -0.582677 
vn -0.779528 -0.519685 -0.346457 
vn -0.779528 -0.519685 -0.346457 
vn 0.779528 0.519685 0.346457 
vn 0.748031 0.566929 0.346457 
vn -0.740157 -0.574803 -0.346457 
vn 0.354331 0.716535 0.598425 
vn -0.708661 0 0.708661 
vn 0.330709 -0.913386 -0.228346 
vn 0.220472 0.637795 0.740157 
vn 0.23622 -0.929134 -0.299213 
vn 0.220472 0.637795 0.740157 
vn 0.330709 -0.913386 -0.228346 
vn -0.708661 0 0.708661 
vn 0.0472441 -0.653543 -0.755906 
vn -0.0472441 -0.614173 -0.787402 
vn 0.559055 -0.700787 -0.433071 
vn 0.149606 0.724409 0.677165 
vn -0.11811 -0.905512 0.409449 
vn 0.149606 0.724409 0.677165 
vn 0.110236 0.787402 0.606299 
vn -0.307087 -0.637795 -0.708661 
vn 0.307087 0.637795 0.700787 
vn 0.0551181 0.614173 0.787402 
vn 0.023622 0.661417 0.748031 
vn 0.267717 -0.96063 -0.015748 
vn 0 0.590551 0.811024 
vn -0.023622 -0.582677 -0.811024 
vn 0.023622 0.582677 0.811024 
vn -0.181102 -0.590551 -0.787402 
vn 0.188976 0.590551 0.787402 
vn 0.503937 0.582677 0.637795 
vn 0.527559 -0.811024 -0.251969 
vn 0.976378 -0.204724 0.0708661 
vn 0.669291 0.19685 0.716535 
vn -0.00787402 -0.677165 0.740157 
vn -0.220472 -0.637795 -0.732283 
vn -0.188976 -0.614173 -0.76378 
vn 0.220472 0.645669 0.732283 
vn 0.188976 0.614173 0.76378 
vn -0.11811 -0.905512 0.409449 
vn 0.905512 0.377953 0.165354 
vn 0.858268 0.181102 0.488189 
vn -0.322835 -0.669291 -0.661417 
vn 0.330709 0.669291 0.661417 
vn 0.559055 -0.700787 -0.433071 
vn -0.133858 0.866142 0.488189 
vn 0.669291 0.19685 0.716535 
vn -0.244094 0.535433 0.811024 
vn -0.165354 -0.622047 -0.76378 
vn 0.173228 0.622047 0.76378 
vn 0.976378 -0.204724 0.0708661 
vn -0.244094 0.535433 0.811024 
vn 0.653543 0.622047 0.433071 
vn -0.551181 -0.606299 -0.574803 
vn 0.551181 0.606299 0.574803 
vn -0.370079 -0.614173 -0.700787 
vn 0.370079 0.614173 0.692913 
vn 0.228346 -0.897638 -0.385827 
vn 0.110236 0.787402 0.606299 
vn -0.409449 -0.637795 -0.653543 
vn 0.417323 0.637795 0.645669 
vn -0.00787402 -0.929134 -0.377953 
vn -0.417323 -0.692913 -0.590551 
vn -0.385827 -0.645669 -0.661417 
vn 0.385827 0.645669 0.653543 
vn 0.362205 0.913386 0.204724 
vn 0.496063 0.496063 0.708661 
vn 0.417323 0.692913 0.590551 
vn 0.653543 0.622047 0.433071 
vn 0.228346 -0.897638 -0.385827 
vn 0.76378 0.566929 -0.299213 
vn 0.244094 -0.606299 0.755906 

vt 0.847748 0.575821 
vt 0.876221 0.547668 
vt 0.881897 0.557098 
vt 0.837341 0.522446 
vt 0.866364 0.520508 
vt 0.83609 0.577957 
vt 0.821976 0.541214 
vt 0.873123 0.602081 
vt 0.800324 0.584991 
vt 0.858704 0.53865 
vt 0.84195 0.534332 
vt 0.874634 0.527878 
vt 0.930985 0.786362 
vt 0.903198 0.806747 
vt 0.924423 0.830231 
vt 0.915527 0.831039 
vt 0.894302 0.807556 
vt 0.922089 0.78717 
vt 0.82132 0.544083 
vt 0.899155 0.853775 
vt 0.913513 0.85202 
vt 0.904617 0.852829 
vt 0.890244 0.854584 
vt 0.873428 0.560883 
vt 0.874558 0.855972 
vt 0.883453 0.855164 
vt 0.870987 0.842316 
vt 0.862091 0.843124 
vt 0.812042 0.591064 
vt 0.846191 0.572296 
vt 0.83371 0.549866 
vt 0.83371 0.549866 
vt 0.846191 0.572296 
vt 0.812042 0.591064 
vt 0.865768 0.637817 
vt 0.786652 0.621292 
vt 0.836517 0.621811 
vt 0.811005 0.679581 
vt 0.824997 0.623795 
vt 0.821289 0.679642 
vt 0.931397 0.751022 
vt 0.906204 0.699676 
vt 0.903976 0.758636 
vt 0.80011 0.609817 
vt 0.897308 0.700485 
vt 0.922501 0.751831 
vt 0.895065 0.759445 
vt 0.865799 0.631302 
vt 0.872177 0.590103 
vt 0.810013 0.574539 
vt 0.86525 0.76387 
vt 0.856354 0.764679 
vt 0.859879 0.808075 
vt 0.868774 0.807266 
vt 0.849075 0.531097 
vt 0.798386 0.62735 
vt 0.798386 0.62735 
vt 0.865799 0.631302 
vt 0.872177 0.590103 
vt 0.865799 0.631302 
vt 0.872177 0.590103 
vt 0.828278 0.62384 
vt 0.828278 0.62384 
vt 0.849075 0.531097 
vt 0.866364 0.520508 
vt 0.866364 0.520508 
vt 0.873428 0.560883 
vt 0.928162 0.751022 
vt 0.899963 0.806747 
vt 0.92775 0.786362 
vt 0.894302 0.807556 
vt 0.922501 0.751831 
vt 0.922089 0.78717 
vt 0.873428 0.560883 
vt 0.900742 0.758636 
vt 0.862015 0.76387 
vt 0.895065 0.759445 
vt 0.856354 0.764679 
vt 0.811661 0.679626 
vt 0.811661 0.679626 
vt 0.902969 0.699676 
vt 0.897308 0.700485 
vt 0.903778 0.700088 
vt 0.92897 0.751419 
vt 0.927734 0.697784 
vt 0.90155 0.759033 
vt 0.897308 0.700485 
vt 0.922501 0.751831 
vt 0.895065 0.759445 
vt 0.921265 0.698181 
vt 0.922119 0.73642 
vt 0.89859 0.678772 
vt 0.923111 0.679596 
vt 0.908707 0.679169 
vt 0.932236 0.736832 
vt 0.933228 0.679993 
vt 0.874939 0.682404 
vt 0.907211 0.743256 
vt 0.897095 0.742859 
vt 0.864822 0.681992 
vt 0.862824 0.764282 
vt 0.862763 0.708313 
vt 0.856354 0.764679 
vt 0.856293 0.708725 
vt 0.874634 0.527878 
vt 0.895905 0.853775 
vt 0.910278 0.85202 
vt 0.904617 0.852829 
vt 0.890244 0.854584 
vt 0.921188 0.830231 
vt 0.874634 0.527878 
vt 0.915527 0.831039 
vt 0.874558 0.855972 
vt 0.880219 0.855164 
vt 0.867752 0.842316 
vt 0.862091 0.843124 
vt 0.928558 0.786758 
vt 0.900772 0.807144 
vt 0.921997 0.830627 
vt 0.915527 0.831039 
vt 0.894302 0.807556 
vt 0.922089 0.78717 
vt 0.896713 0.854187 
vt 0.911087 0.852417 
vt 0.904617 0.852829 
vt 0.890244 0.854584 
vt 0.874558 0.855972 
vt 0.881027 0.85556 
vt 0.868561 0.842728 
vt 0.862091 0.843124 
vt 0.929321 0.777359 
vt 0.90564 0.794495 
vt 0.923294 0.823135 
vt 0.866348 0.807663 
vt 0.913178 0.822739 
vt 0.895523 0.794098 
vt 0.91922 0.776947 
vt 0.859879 0.808075 
vt 0.86554 0.807266 
vt 0.859879 0.808075 
vt 0.137085 0.652496 
vt 0.156632 0.644409 
vt 0.145767 0.619705 
vt 0.145767 0.619705 
vt 0.156632 0.644409 
vt 0.137085 0.652496 
vt 0.872238 0.786865 
vt 0.862122 0.786468 
vt 0.130264 0.68959 
vt 0.863739 0.821854 
vt 0.873856 0.822266 
vt 0.162766 0.639206 
vt 0.155197 0.601028 
vt 0.159195 0.685974 
vt 0.162766 0.639206 
vt 0.872025 0.782684 
vt 0.912872 0.846619 
vt 0.89946 0.855682 
vt 0.888458 0.849441 
vt 0.902756 0.846222 
vt 0.889343 0.855286 
vt 0.878357 0.849045 
vt 0.155197 0.601028 
vt 0.130264 0.68959 
vt 0.149918 0.737183 
vt 0.155289 0.685471 
vt 0.149918 0.737183 
vt 0.155289 0.685471 
vt 0.12648 0.735779 
vt 0.12648 0.735779 
vt 0.863129 0.741348 
vt 0.873245 0.741745 
vt 0.155304 0.736877 
vt 0.159195 0.685974 
vt 0.155304 0.736877 
vt 0.861908 0.782272 
vt 0.85199 0.688446 
vt 0.774033 0.671493 
vt 0.798782 0.734405 
vt 0.80603 0.734451 
vt 0.832169 0.74231 
vt 0.768692 0.729187 
vt 0.907867 0.643036 
vt 0.930161 0.697372 
vt 0.930588 0.639755 
vt 0.784317 0.663208 
vt 0.921265 0.698181 
vt 0.898972 0.643845 
vt 0.921692 0.640564 
vt 0.853317 0.684357 
vt 0.785767 0.677566 
vt 0.865189 0.707916 
vt 0.856293 0.708725 
vt 0.798782 0.734405 
vt 0.780426 0.73526 
vt 0.785767 0.677566 
vt 0.798782 0.734405 
vt 0.780426 0.73526 
vt 0.768707 0.716659 
vt 0.816071 0.771042 
vt 0.769119 0.759125 
vt 0.795044 0.763916 
vt 0.339981 0.377792 
vt 0.344955 0.367126 
vt 0.356293 0.392746 
vt 0.791 0.762695 
vt 0.338303 0.364059 
vt 0.370621 0.377045 
vt 0.370956 0.370102 
vt 0.349503 0.35701 
vt 0.766998 0.74762 
vt 0.925827 0.60965 
vt 0.916916 0.610458 
vt 0.378998 0.404007 
vt 0.907455 0.613205 
vt 0.89856 0.614014 
vt 0.402527 0.371017 
vt 0.83989 0.737442 
vt 0.780853 0.765182 
vt 0.395828 0.388641 
vt 0.826752 0.76561 
vt 0.780853 0.765182 
vt 0.427002 0.383316 
vt 0.416092 0.381149 
vt 0.85614 0.652679 
vt 0.412186 0.375442 
vt 0.378998 0.404007 
vt 0.395828 0.388641 
vt 0.397186 0.421875 
vt 0.865036 0.651871 
vt 0.40715 0.396103 
vt 0.444946 0.40007 
vt 0.440384 0.415237 
vt 0.450943 0.427582 
vt 0.417587 0.42395 
vt 0.409287 0.421326 
vt 0.450943 0.427582 
vt 0.40715 0.396103 
vt 0.440384 0.415237 
vt 0.853317 0.684357 
vt 0.898972 0.643845 
vt 0.916916 0.610458 
vt 0.921692 0.640564 
vt 0.853317 0.684357 
vt 0.922577 0.60965 
vt 0.904633 0.643036 
vt 0.927353 0.639755 
vt 0.83989 0.737442 
vt 0.458038 0.448441 
vt 0.444107 0.463303 
vt 0.42424 0.435074 
vt 0.83989 0.737442 
vt 0.868073 0.622498 
vt 0.859161 0.623306 
vt 0.791 0.762695 
vt 0.791 0.762695 
vt 0.826752 0.76561 
vt 0.427658 0.450027 
vt 0.826752 0.76561 
vt 0.89856 0.614014 
vt 0.427658 0.450027 
vt 0.904221 0.613205 
vt 0.864838 0.622498 
vt 0.859161 0.623306 
vt 0.446945 0.43219 
vt 0.926926 0.697372 
vt 0.921265 0.698181 
vt 0.861954 0.707916 
vt 0.856293 0.708725 
vt 0.905441 0.643433 
vt 0.928162 0.640152 
vt 0.898972 0.643845 
vt 0.921692 0.640564 
vt 0.405411 0.487671 
vt 0.417374 0.435211 
vt 0.419403 0.482391 
vt 0.419403 0.482391 
vt 0.437897 0.476807 
vt 0.923386 0.610062 
vt 0.916916 0.610458 
vt 0.905029 0.613602 
vt 0.89856 0.614014 
vt 0.861801 0.651871 
vt 0.85614 0.652679 
vt 0.4142 0.408218 
vt 0.417374 0.435211 
vt 0.434204 0.418915 
vt 0.42424 0.435074 
vt 0.404816 0.410721 
vt 0.865646 0.622909 
vt 0.859161 0.623306 
vt 0.387711 0.491013 
vt 0.405411 0.487671 
vt 0.373612 0.486359 
vt 0.390122 0.44046 
vt 0.387711 0.491013 
vt 0.355362 0.496597 
vt 0.910141 0.619339 
vt 0.900024 0.618927 
vt 0.144867 0.785049 
vt 0.128693 0.784256 
vt 0.876663 0.623428 
vt 0.866562 0.623016 
vt 0.390122 0.44046 
vt 0.355362 0.496597 
vt 0.35582 0.447144 
vt 0.344147 0.4879 
vt 0.343689 0.452927 
vt 0.35582 0.447144 
vt 0.344147 0.4879 
vt 0.144867 0.785049 
vt 0.151672 0.784393 
vt 0.328033 0.430237 
vt 0.343689 0.452927 
vt 0.320511 0.436981 
vt 0.128693 0.784256 
vt 0.151672 0.784393 
vt 0.344147 0.4879 
vt 0.337845 0.493912 
vt 0.337845 0.493912 
vt 0.151672 0.784393 
vt 0.149918 0.737183 
vt 0.155304 0.736877 
vt 0.160568 0.738129 
vt 0.379211 0.422668 
vt 0.394653 0.42215 
vt 0.86261 0.652267 
vt 0.85614 0.652679 
vt 0.364716 0.424377 
vt 0.373734 0.425766 
vt 0.373734 0.425766 
vt 0.379211 0.422668 
vt 0.351257 0.427124 
vt 0.930924 0.619369 
vt 0.920807 0.618973 
vt 0.358337 0.421356 
vt 0.347 0.429672 
vt 0.328033 0.430237 
vt 0.351257 0.427124 
vt 0.899963 0.806747 
vt 0.928162 0.751022 
vt 0.92775 0.786362 
vt 0.922501 0.751831 
vt 0.894302 0.807556 
vt 0.922089 0.78717 
vt 0.900742 0.758636 
vt 0.865799 0.631302 
vt 0.846191 0.572296 
vt 0.872177 0.590103 
vt 0.895065 0.759445 
vt 0.894302 0.807556 
vt 0.856354 0.764679 
vt 0.859879 0.808075 
vt 0.798386 0.62735 
vt 0.812042 0.591064 
vt 0.849075 0.531097 
vt 0.866364 0.520508 
vt 0.86525 0.76387 
vt 0.903198 0.806747 
vt 0.868774 0.807266 
vt 0.798386 0.62735 
vt 0.846191 0.572296 
vt 0.812042 0.591064 
vt 0.866364 0.520508 
vt 0.849075 0.531097 
vt 0.873428 0.560883 
vt 0.915527 0.831039 
vt 0.872177 0.590103 
vt 0.873428 0.560883 
vt 0.862015 0.76387 
vt 0.856354 0.764679 
vt 0.921188 0.830231 
vt 0.874634 0.527878 
vt 0.874634 0.527878 
vt 0.865799 0.631302 
vt 0.828278 0.62384 
vt 0.828278 0.62384 
vt 0.902969 0.699676 
vt 0.897308 0.700485 
vt 0.811661 0.679626 
vt 0.895065 0.759445 
vt 0.906204 0.699676 
vt 0.903976 0.758636 
vt 0.932236 0.736832 
vt 0.908707 0.679169 
vt 0.933228 0.679993 
vt 0.907211 0.743256 
vt 0.874939 0.682404 
vt 0.903778 0.700088 
vt 0.862824 0.764282 
vt 0.862763 0.708313 
vt 0.856354 0.764679 
vt 0.897308 0.700485 
vt 0.856293 0.708725 
vt 0.89859 0.678772 
vt 0.922119 0.73642 
vt 0.923111 0.679596 
vt 0.90155 0.759033 
vt 0.92897 0.751419 
vt 0.922501 0.751831 
vt 0.895065 0.759445 
vt 0.927734 0.697784 
vt 0.921265 0.698181 
vt 0.83609 0.577957 
vt 0.874634 0.527878 
vt 0.866364 0.520508 
vt 0.84195 0.534332 
vt 0.82132 0.544083 
vt 0.847748 0.575821 
vt 0.873428 0.560883 
vt 0.924423 0.830231 
vt 0.930985 0.786362 
vt 0.922089 0.78717 
vt 0.915527 0.831039 
vt 0.858704 0.53865 
vt 0.881897 0.557098 
vt 0.876221 0.547668 
vt 0.837341 0.522446 
vt 0.821976 0.541214 
vt 0.913513 0.85202 
vt 0.83371 0.549866 
vt 0.83371 0.549866 
vt 0.883453 0.855164 
vt 0.870987 0.842316 
vt 0.862091 0.843124 
vt 0.874558 0.855972 
vt 0.890244 0.854584 
vt 0.899155 0.853775 
vt 0.904617 0.852829 
vt 0.786652 0.621292 
vt 0.824997 0.623795 
vt 0.80011 0.609817 
vt 0.836517 0.621811 
vt 0.865799 0.631302 
vt 0.931397 0.751022 
vt 0.922501 0.751831 
vt 0.897308 0.700485 
vt 0.865768 0.637817 
vt 0.873123 0.602081 
vt 0.800324 0.584991 
vt 0.810013 0.574539 
vt 0.872177 0.590103 
vt 0.862122 0.786468 
vt 0.863739 0.821854 
vt 0.895523 0.794098 
vt 0.155197 0.601028 
vt 0.162766 0.639206 
vt 0.156632 0.644409 
vt 0.159195 0.685974 
vt 0.872025 0.782684 
vt 0.872238 0.786865 
vt 0.168015 0.645401 
vt 0.90564 0.794495 
vt 0.873856 0.822266 
vt 0.145767 0.619705 
vt 0.137085 0.652496 
vt 0.888458 0.849441 
vt 0.189545 0.659592 
vt 0.189148 0.621948 
vt 0.878357 0.849045 
vt 0.165543 0.593765 
vt 0.165543 0.593765 
vt 0.165543 0.593765 
vt 0.177017 0.601334 
vt 0.89946 0.855682 
vt 0.889343 0.855286 
vt 0.902756 0.846222 
vt 0.130264 0.68959 
vt 0.873245 0.741745 
vt 0.155289 0.685471 
vt 0.897095 0.742859 
vt 0.864822 0.681992 
vt 0.863129 0.741348 
vt 0.163117 0.686157 
vt 0.18718 0.694031 
vt 0.12648 0.735779 
vt 0.185104 0.739258 
vt 0.861908 0.782272 
vt 0.912872 0.846619 
vt 0.880219 0.855164 
vt 0.867752 0.842316 
vt 0.921997 0.830627 
vt 0.911087 0.852417 
vt 0.900772 0.807144 
vt 0.862091 0.843124 
vt 0.874558 0.855972 
vt 0.868561 0.842728 
vt 0.866348 0.807663 
vt 0.859879 0.808075 
vt 0.862091 0.843124 
vt 0.894302 0.807556 
vt 0.890244 0.854584 
vt 0.910278 0.85202 
vt 0.895905 0.853775 
vt 0.904617 0.852829 
vt 0.904617 0.852829 
vt 0.915527 0.831039 
vt 0.923294 0.823135 
vt 0.913178 0.822739 
vt 0.874558 0.855972 
vt 0.929321 0.777359 
vt 0.91922 0.776947 
vt 0.881027 0.85556 
vt 0.896713 0.854187 
vt 0.890244 0.854584 
vt 0.928558 0.786758 
vt 0.859879 0.808075 
vt 0.86554 0.807266 
vt 0.922089 0.78717 
vt 0.427002 0.383316 
vt 0.40715 0.396103 
vt 0.444946 0.40007 
vt 0.440384 0.415237 
vt 0.416092 0.381149 
vt 0.395828 0.388641 
vt 0.409287 0.421326 
vt 0.395828 0.388641 
vt 0.397186 0.421875 
vt 0.856293 0.708725 
vt 0.898972 0.643845 
vt 0.85614 0.652679 
vt 0.412186 0.375442 
vt 0.907867 0.643036 
vt 0.865189 0.707916 
vt 0.865036 0.651871 
vt 0.402527 0.371017 
vt 0.378998 0.404007 
vt 0.450943 0.427582 
vt 0.417587 0.42395 
vt 0.798782 0.734405 
vt 0.853317 0.684357 
vt 0.83989 0.737442 
vt 0.853317 0.684357 
vt 0.798782 0.734405 
vt 0.83989 0.737442 
vt 0.427658 0.450027 
vt 0.40715 0.396103 
vt 0.427658 0.450027 
vt 0.904633 0.643036 
vt 0.864838 0.622498 
vt 0.904221 0.613205 
vt 0.916916 0.610458 
vt 0.898972 0.643845 
vt 0.921692 0.640564 
vt 0.811661 0.679626 
vt 0.450943 0.427582 
vt 0.440384 0.415237 
vt 0.922577 0.60965 
vt 0.927353 0.639755 
vt 0.868073 0.622498 
vt 0.907455 0.613205 
vt 0.780853 0.765182 
vt 0.791 0.762695 
vt 0.859161 0.623306 
vt 0.89856 0.614014 
vt 0.766998 0.74762 
vt 0.80603 0.734451 
vt 0.768707 0.716659 
vt 0.798782 0.734405 
vt 0.826752 0.76561 
vt 0.83989 0.737442 
vt 0.370621 0.377045 
vt 0.370956 0.370102 
vt 0.344955 0.367126 
vt 0.378998 0.404007 
vt 0.795044 0.763916 
vt 0.791 0.762695 
vt 0.780426 0.73526 
vt 0.826752 0.76561 
vt 0.89856 0.614014 
vt 0.826752 0.76561 
vt 0.791 0.762695 
vt 0.780853 0.765182 
vt 0.780426 0.73526 
vt 0.785767 0.677566 
vt 0.784317 0.663208 
vt 0.821289 0.679642 
vt 0.930161 0.697372 
vt 0.930588 0.639755 
vt 0.921265 0.698181 
vt 0.921692 0.640564 
vt 0.853317 0.684357 
vt 0.811005 0.679581 
vt 0.774033 0.671493 
vt 0.85199 0.688446 
vt 0.785767 0.677566 
vt 0.769119 0.759125 
vt 0.356293 0.392746 
vt 0.349503 0.35701 
vt 0.339981 0.377792 
vt 0.338303 0.364059 
vt 0.816071 0.771042 
vt 0.832169 0.74231 
vt 0.768692 0.729187 
vt 0.916916 0.610458 
vt 0.925827 0.60965 
vt 0.859161 0.623306 
vt 0.35582 0.447144 
vt 0.390122 0.44046 
vt 0.355362 0.496597 
vt 0.373612 0.486359 
vt 0.355362 0.496597 
vt 0.390122 0.44046 
vt 0.35582 0.447144 
vt 0.876663 0.623428 
vt 0.910141 0.619339 
vt 0.328033 0.430237 
vt 0.387711 0.491013 
vt 0.417374 0.435211 
vt 0.387711 0.491013 
vt 0.405411 0.487671 
vt 0.905441 0.643433 
vt 0.898972 0.643845 
vt 0.900024 0.618927 
vt 0.866562 0.623016 
vt 0.344147 0.4879 
vt 0.320511 0.436981 
vt 0.144867 0.785049 
vt 0.158279 0.786224 
vt 0.128693 0.784256 
vt 0.182449 0.78743 
vt 0.364716 0.424377 
vt 0.358337 0.421356 
vt 0.379211 0.422668 
vt 0.351257 0.427124 
vt 0.394653 0.42215 
vt 0.865646 0.622909 
vt 0.86261 0.652267 
vt 0.859161 0.623306 
vt 0.85614 0.652679 
vt 0.417374 0.435211 
vt 0.4142 0.408218 
vt 0.404816 0.410721 
vt 0.905029 0.613602 
vt 0.89856 0.614014 
vt 0.328033 0.430237 
vt 0.347 0.429672 
vt 0.351257 0.427124 
vt 0.373734 0.425766 
vt 0.930924 0.619369 
vt 0.920807 0.618973 
vt 0.379211 0.422668 
vt 0.373734 0.425766 
vt 0.42424 0.435074 
vt 0.926926 0.697372 
vt 0.921265 0.698181 
vt 0.861954 0.707916 
vt 0.856293 0.708725 
vt 0.419403 0.482391 
vt 0.405411 0.487671 
vt 0.928162 0.640152 
vt 0.921692 0.640564 
vt 0.446945 0.43219 
vt 0.923386 0.610062 
vt 0.861801 0.651871 
vt 0.85614 0.652679 
vt 0.444107 0.463303 
vt 0.458038 0.448441 
vt 0.916916 0.610458 
vt 0.42424 0.435074 
vt 0.419403 0.482391 
vt 0.437897 0.476807 
vt 0.434204 0.418915 

usemtl Tail1Mtl

f 4/4/4 5/5/5 6/6/6 
f 5/5/5 12/12/12 6/6/6 
f 7/7/7 4/4/4 6/6/6 
f 12/12/12 24/24/24 6/6/6 
f 7/7/7 6/6/6 9/9/9 
f 6/6/6 24/24/24 49/49/49 
f 6/6/6 36/36/36 9/9/9 
f 48/48/48 6/6/6 49/49/49 
f 36/36/36 6/6/6 39/39/39 
f 6/6/6 48/48/48 39/39/39 
f 38/38/38 36/36/36 39/39/39 
f 48/48/48 38/38/38 39/39/39 
f 36/36/36 38/38/38 178/178/178 
f 38/38/38 48/48/48 190/190/190 
f 179/179/179 178/178/178 38/38/38 
f 190/190/190 179/179/179 38/38/38 
f 178/178/178 179/179/179 182/182/182 
f 179/179/179 190/190/190 218/218/218 
f 179/179/179 201/201/201 182/182/182 
f 221/221/221 179/179/179 218/218/218 
f 201/201/201 179/179/179 206/206/206 
f 179/179/179 221/221/221 206/206/206 
f 404/404/404 405/405/405 406/406/406 
f 404/404/404 410/410/410 405/405/405 
f 404/404/404 406/406/406 418/418/418 
f 442/442/442 410/410/410 404/404/404 
f 404/404/404 418/418/418 419/419/419 
f 440/440/440 404/404/404 419/419/419 
f 404/404/404 434/434/434 442/442/442 
f 430/430/430 404/404/404 440/440/440 
f 434/434/434 404/404/404 431/431/431 
f 404/404/404 430/430/430 431/431/431 
f 583/583/583 434/434/434 431/431/431 
f 430/430/430 583/583/583 431/431/431 
f 434/434/434 583/583/583 582/582/582 
f 583/583/583 430/430/430 584/584/584 
f 559/559/559 582/582/582 583/583/583 
f 584/584/584 559/559/559 583/583/583 
f 582/582/582 559/559/559 561/561/561 
f 559/559/559 584/584/584 594/594/594 
f 559/559/559 560/560/560 561/561/561 
f 587/587/587 559/559/559 594/594/594 
f 560/560/560 559/559/559 567/567/567 
f 559/559/559 587/587/587 567/567/567 
f 16/16/16 17/17/17 18/18/18 
f 16/16/16 22/22/22 17/17/17 
f 22/22/22 23/23/23 17/17/17 
f 23/23/23 25/25/25 17/17/17 
f 25/25/25 28/28/28 17/17/17 
f 17/17/17 28/28/28 53/53/53 
f 17/17/17 46/46/46 18/18/18 
f 52/52/52 17/17/17 53/53/53 
f 46/46/46 17/17/17 47/47/47 
f 17/17/17 52/52/52 47/47/47 
f 45/45/45 46/46/46 47/47/47 
f 52/52/52 45/45/45 47/47/47 
f 46/46/46 45/45/45 187/187/187 
f 45/45/45 52/52/52 193/193/193 
f 188/188/188 187/187/187 45/45/45 
f 193/193/193 188/188/188 45/45/45 
f 187/187/187 188/188/188 189/189/189 
f 188/188/188 193/193/193 225/225/225 
f 188/188/188 213/213/213 189/189/189 
f 254/254/254 188/188/188 225/225/225 
f 213/213/213 188/188/188 216/216/216 
f 188/188/188 254/254/254 216/216/216 
f 351/351/351 352/352/352 353/353/353 
f 353/353/353 425/425/425 351/351/351 
f 351/351/351 425/425/425 426/426/426 
f 351/351/351 426/426/426 427/427/427 
f 351/351/351 427/427/427 429/429/429 
f 351/351/351 429/429/429 414/414/414 
f 413/413/413 351/351/351 414/414/414 
f 436/436/436 351/351/351 413/413/413 
f 352/352/352 351/351/351 381/381/381 
f 351/351/351 436/436/436 381/381/381 
f 437/437/437 352/352/352 381/381/381 
f 436/436/436 437/437/437 381/381/381 
f 352/352/352 437/437/437 519/519/519 
f 437/437/437 436/436/436 580/580/580 
f 520/520/520 519/519/519 437/437/437 
f 580/580/580 520/520/520 437/437/437 
f 519/519/519 520/520/520 521/521/521 
f 520/520/520 580/580/580 581/581/581 
f 520/520/520 554/554/554 521/521/521 
f 595/595/595 520/520/520 581/581/581 
f 554/554/554 520/520/520 555/555/555 
f 520/520/520 595/595/595 555/555/555 
f 32/32/32 33/33/33 34/34/34 
f 32/32/32 64/64/64 33/33/33 
f 64/64/64 66/66/66 33/33/33 
f 66/66/66 111/111/111 33/33/33 
f 111/111/111 67/67/67 33/33/33 
f 33/33/33 67/67/67 61/61/61 
f 33/33/33 57/57/57 34/34/34 
f 60/60/60 33/33/33 61/61/61 
f 57/57/57 33/33/33 63/63/63 
f 33/33/33 60/60/60 63/63/63 
f 80/80/80 57/57/57 63/63/63 
f 60/60/60 80/80/80 63/63/63 
f 57/57/57 80/80/80 196/196/196 
f 80/80/80 60/60/60 244/244/244 
f 197/197/197 196/196/196 80/80/80 
f 244/244/244 197/197/197 80/80/80 
f 196/196/196 197/197/197 198/198/198 
f 197/197/197 244/244/244 252/252/252 
f 197/197/197 219/219/219 198/198/198 
f 259/259/259 197/197/197 252/252/252 
f 219/219/219 197/197/197 255/255/255 
f 197/197/197 259/259/259 255/255/255 
f 361/361/361 362/362/362 363/363/363 
f 363/363/363 362/362/362 422/422/422 
f 362/362/362 365/365/365 422/422/422 
f 362/362/362 364/364/364 365/365/365 
f 362/362/362 374/374/374 364/364/364 
f 362/362/362 369/369/369 374/374/374 
f 368/368/368 369/369/369 362/362/362 
f 362/362/362 375/375/375 368/368/368 
f 362/362/362 361/361/361 377/377/377 
f 375/375/375 362/362/362 377/377/377 
f 361/361/361 545/545/545 377/377/377 
f 545/545/545 375/375/375 377/377/377 
f 545/545/545 361/361/361 575/575/575 
f 375/375/375 545/545/545 533/533/533 
f 575/575/575 534/534/534 545/545/545 
f 534/534/534 533/533/533 545/545/545 
f 534/534/534 575/575/575 574/574/574 
f 533/533/533 534/534/534 535/535/535 
f 573/573/573 534/534/534 574/574/574 
f 534/534/534 571/571/571 535/535/535 
f 534/534/534 573/573/573 572/572/572 
f 571/571/571 534/534/534 572/572/572 
f 71/71/71 72/72/72 73/73/73 
f 112/112/112 71/71/71 73/73/73 
f 112/112/112 108/108/108 71/71/71 
f 108/108/108 109/109/109 71/71/71 
f 109/109/109 113/113/113 71/71/71 
f 113/113/113 116/116/116 71/71/71 
f 71/71/71 116/116/116 138/138/138 
f 78/78/78 71/71/71 138/138/138 
f 72/72/72 71/71/71 77/77/77 
f 71/71/71 78/78/78 77/77/77 
f 82/82/82 72/72/72 77/77/77 
f 78/78/78 82/82/82 77/77/77 
f 72/72/72 82/82/82 267/267/267 
f 82/82/82 78/78/78 269/269/269 
f 241/241/241 267/267/267 82/82/82 
f 269/269/269 241/241/241 82/82/82 
f 267/267/267 241/241/241 243/243/243 
f 241/241/241 269/269/269 284/284/284 
f 241/241/241 242/242/242 243/243/243 
f 264/264/264 241/241/241 284/284/284 
f 242/242/242 241/241/241 260/260/260 
f 241/241/241 264/264/264 260/260/260 
f 343/343/343 344/344/344 345/345/345 
f 345/345/345 344/344/344 367/367/367 
f 344/344/344 495/495/495 367/367/367 
f 344/344/344 492/492/492 495/495/495 
f 344/344/344 486/486/486 492/492/492 
f 344/344/344 485/485/485 486/486/486 
f 507/507/507 485/485/485 344/344/344 
f 344/344/344 371/371/371 507/507/507 
f 344/344/344 343/343/343 350/350/350 
f 371/371/371 344/344/344 350/350/350 
f 343/343/343 379/379/379 350/350/350 
f 379/379/379 371/371/371 350/350/350 
f 379/379/379 343/343/343 646/646/646 
f 371/371/371 379/379/379 648/648/648 
f 646/646/646 543/543/543 379/379/379 
f 543/543/543 648/648/648 379/379/379 
f 543/543/543 646/646/646 544/544/544 
f 648/648/648 543/543/543 656/656/656 
f 542/542/542 543/543/543 544/544/544 
f 543/543/543 597/597/597 656/656/656 
f 543/543/543 542/542/542 570/570/570 
f 597/597/597 543/543/543 570/570/570 
f 87/87/87 88/88/88 89/89/89 
f 88/88/88 87/87/87 90/90/90 
f 103/103/103 87/87/87 89/89/89 
f 88/88/88 121/121/121 89/89/89 
f 121/121/121 103/103/103 89/89/89 
f 121/121/121 88/88/88 122/122/122 
f 87/87/87 103/103/103 104/104/104 
f 103/103/103 121/121/121 140/140/140 
f 120/120/120 121/121/121 122/122/122 
f 121/121/121 130/130/130 140/140/140 
f 120/120/120 125/125/125 121/121/121 
f 127/127/127 130/130/130 121/121/121 
f 125/125/125 126/126/126 121/121/121 
f 126/126/126 127/127/127 121/121/121 
f 104/104/104 272/272/272 87/87/87 
f 272/272/272 90/90/90 87/87/87 
f 272/272/272 104/104/104 328/328/328 
f 90/90/90 272/272/272 273/273/273 
f 291/291/291 272/272/272 328/328/328 
f 272/272/272 280/280/280 273/273/273 
f 272/272/272 291/291/291 282/282/282 
f 280/280/280 272/272/272 282/282/282 
f 392/392/392 393/393/393 394/394/394 
f 393/393/393 392/392/392 401/401/401 
f 613/613/613 394/394/394 393/393/393 
f 394/394/394 613/613/613 630/630/630 
f 613/613/613 629/629/629 630/630/630 
f 629/629/629 613/613/613 635/635/635 
f 613/613/613 659/659/659 635/635/635 
f 659/659/659 613/613/613 652/652/652 
f 613/613/613 403/403/403 652/652/652 
f 403/403/403 613/613/613 393/393/393 
f 393/393/393 400/400/400 403/403/403 
f 400/400/400 393/393/393 401/401/401 
f 491/491/491 400/400/400 401/401/401 
f 392/392/392 491/491/491 401/401/401 
f 400/400/400 491/491/491 509/509/509 
f 491/491/491 392/392/392 489/489/489 
f 509/509/509 491/491/491 497/497/497 
f 489/489/489 490/490/490 491/491/491 
f 491/491/491 496/496/496 497/497/497 
f 491/491/491 490/490/490 500/500/500 
f 491/491/491 505/505/505 496/496/496 
f 491/491/491 500/500/500 505/505/505 
f 144/144/144 145/145/145 146/146/146 
f 144/144/144 163/163/163 145/145/145 
f 145/145/145 164/164/164 146/146/146 
f 163/163/163 155/155/155 145/145/145 
f 155/155/155 163/163/163 463/463/463 
f 464/464/464 155/155/155 463/463/463 
f 155/155/155 464/464/464 452/452/452 
f 452/452/452 464/464/464 459/459/459 
f 458/458/458 452/452/452 459/459/459 
f 475/475/475 452/452/452 458/458/458 
f 452/452/452 154/154/154 155/155/155 
f 154/154/154 145/145/145 155/155/155 
f 452/452/452 475/475/475 474/474/474 
f 154/154/154 452/452/452 474/474/474 
f 475/475/475 324/324/324 474/474/474 
f 324/324/324 475/475/475 477/477/477 
f 477/477/477 619/619/619 324/324/324 
f 619/619/619 477/477/477 621/621/621 
f 312/312/312 324/324/324 619/619/619 
f 175/175/175 474/474/474 324/324/324 
f 324/324/324 312/312/312 175/175/175 
f 474/474/474 175/175/175 154/154/154 
f 145/145/145 154/154/154 168/168/168 
f 175/175/175 168/168/168 154/154/154 
f 164/164/164 145/145/145 168/168/168 
f 312/312/312 167/167/167 175/175/175 
f 168/168/168 175/175/175 167/167/167 
f 167/167/167 164/164/164 168/168/168 
f 167/167/167 312/312/312 311/311/311 
f 164/164/164 167/167/167 170/170/170 
f 311/311/311 170/170/170 167/167/167 
f 170/170/170 311/311/311 316/316/316 
f 205/205/205 208/208/208 214/214/214 
f 208/208/208 209/209/209 217/217/217 
f 220/220/220 214/214/214 208/208/208 
f 217/217/217 220/220/220 208/208/208 
f 220/220/220 217/217/217 226/226/226 
f 224/224/224 220/220/220 226/226/226 
f 223/223/223 220/220/220 224/224/224 
f 223/223/223 231/231/231 220/220/220 
f 231/231/231 223/223/223 232/232/232 
f 233/233/233 231/231/231 232/232/232 
f 261/261/261 231/231/231 235/235/235 
f 231/231/231 234/234/234 235/235/235 
f 249/249/249 235/235/235 234/234/234 
f 235/235/235 265/265/265 261/261/261 
f 250/250/250 235/235/235 249/249/249 
f 265/265/265 235/235/235 251/251/251 
f 235/235/235 250/250/250 251/251/251 
f 251/251/251 287/287/287 265/265/265 
f 278/278/278 251/251/251 250/250/250 
f 277/277/277 251/251/251 278/278/278 
f 251/251/251 285/285/285 287/287/287 
f 285/285/285 251/251/251 286/286/286 
f 286/286/286 289/289/289 285/285/285 
f 286/286/286 326/326/326 289/289/289 
f 286/286/286 325/325/325 326/326/326 
f 292/292/292 286/286/286 293/293/293 
f 325/325/325 286/286/286 304/304/304 
f 304/304/304 329/329/329 330/330/330 
f 304/304/304 336/336/336 329/329/329 
f 304/304/304 333/333/333 336/336/336 
f 333/333/333 304/304/304 306/306/306 
f 304/304/304 305/305/305 306/306/306 
f 305/305/305 310/310/310 306/306/306 
f 314/314/314 313/313/313 306/306/306 
f 313/313/313 314/314/314 315/315/315 
f 318/318/318 314/314/314 319/319/319 
f 314/314/314 318/318/318 598/598/598 
f 638/638/638 637/637/637 598/598/598 
f 636/636/636 598/598/598 637/637/637 
f 91/91/91 92/92/92 93/93/93 
f 93/93/93 299/299/299 335/335/335 
f 299/299/299 93/93/93 92/92/92 
f 92/92/92 303/303/303 299/299/299 
f 303/303/303 92/92/92 100/100/100 
f 99/99/99 100/100/100 92/92/92 
f 92/92/92 91/91/91 99/99/99 
f 100/100/100 99/99/99 171/171/171 
f 176/176/176 171/171/171 99/99/99 
f 176/176/176 99/99/99 148/148/148 
f 91/91/91 136/136/136 99/99/99 
f 148/148/148 99/99/99 136/136/136 
f 136/136/136 91/91/91 137/137/137 
f 136/136/136 150/150/150 148/148/148 
f 135/135/135 136/136/136 137/137/137 
f 162/162/162 150/150/150 136/136/136 
f 135/135/135 160/160/160 136/136/136 
f 161/161/161 162/162/162 136/136/136 
f 160/160/160 161/161/161 136/136/136 
f 395/395/395 396/396/396 397/397/397 
f 614/614/614 397/397/397 641/641/641 
f 397/397/397 614/614/614 395/395/395 
f 615/615/615 395/395/395 614/614/614 
f 395/395/395 615/615/615 472/472/472 
f 472/472/472 471/471/471 395/395/395 
f 396/396/396 395/395/395 471/471/471 
f 471/471/471 472/472/472 473/473/473 
f 471/471/471 473/473/473 478/478/478 
f 471/471/471 478/478/478 443/443/443 
f 445/445/445 396/396/396 471/471/471 
f 471/471/471 443/443/443 445/445/445 
f 396/396/396 445/445/445 502/502/502 
f 443/443/443 444/444/444 445/445/445 
f 502/502/502 445/445/445 499/499/499 
f 445/445/445 444/444/444 460/460/460 
f 445/445/445 467/467/467 499/499/499 
f 445/445/445 460/460/460 466/466/466 
f 445/445/445 466/466/466 467/467/467 
f 307/307/307 308/308/308 309/309/309 
f 308/308/308 307/307/307 320/320/320 
f 309/309/309 337/337/337 339/339/339 
f 337/337/337 309/309/309 338/338/338 
f 308/308/308 607/607/607 617/617/617 
f 607/607/607 308/308/308 604/604/604 
f 604/604/604 616/616/616 602/602/602 
f 602/602/602 603/603/603 604/604/604 
f 603/603/603 625/625/625 604/604/604 
f 625/625/625 603/603/603 623/623/623 
f 622/622/622 623/623/623 603/603/603 
f 639/639/639 622/622/622 603/603/603 
f 609/609/609 624/624/624 603/603/603 
f 624/624/624 609/609/609 626/626/626 
f 633/633/633 626/626/626 609/609/609 
f 632/632/632 633/633/633 609/609/609 
f 609/609/609 610/610/610 611/611/611 
f 644/644/644 632/632/632 609/609/609 
f 632/632/632 644/644/644 663/663/663 
f 653/653/653 663/663/663 644/644/644 
f 644/644/644 661/661/661 662/662/662 
f 657/657/657 644/644/644 662/662/662 
f 529/529/529 653/653/653 644/644/644 
f 657/657/657 529/529/529 644/644/644 
f 653/653/653 529/529/529 538/538/538 
f 529/529/529 657/657/657 658/658/658 
f 528/528/528 529/529/529 658/658/658 
f 511/511/511 538/538/538 529/529/529 
f 528/528/528 511/511/511 529/529/529 
f 512/512/512 511/511/511 513/513/513 
f 510/510/510 511/511/511 512/512/512 
f 511/511/511 510/510/510 515/515/515 
f 514/514/514 515/515/515 510/510/510 
f 522/522/522 515/515/515 514/514/514 
f 526/526/526 515/515/515 522/522/522 
f 515/515/515 526/526/526 562/562/562 
f 565/565/565 515/515/515 562/562/562 
f 563/563/563 562/562/562 526/526/526 
f 562/562/562 588/588/588 565/565/565 
f 562/562/562 563/563/563 564/564/564 
f 588/588/588 562/562/562 564/564/564 
f 589/589/589 564/564/564 563/563/563 
f 564/564/564 590/590/590 588/588/588 
f 564/564/564 589/589/589 591/591/591 
f 590/590/590 564/564/564 591/591/591 
f 274/274/274 275/275/275 276/276/276 
f 288/288/288 276/276/276 275/275/275 
f 275/275/275 296/296/296 295/295/295 
f 294/294/294 295/295/295 296/296/296 
f 297/297/297 295/295/295 294/294/294 
f 295/295/295 331/331/331 332/332/332 
f 599/599/599 600/600/600 601/601/601 
f 608/608/608 599/599/599 601/601/601 
f 608/608/608 631/631/631 599/599/599 
f 642/642/642 643/643/643 599/599/599 
f 649/649/649 660/660/660 631/631/631 
f 649/649/649 631/631/631 650/650/650 
f 94/94/94 95/95/95 96/96/96 
f 298/298/298 96/96/96 334/334/334 
f 96/96/96 298/298/298 94/94/94 
f 302/302/302 94/94/94 298/298/298 
f 94/94/94 302/302/302 97/97/97 
f 97/97/97 98/98/98 94/94/94 
f 95/95/95 94/94/94 98/98/98 
f 98/98/98 97/97/97 172/172/172 
f 98/98/98 172/172/172 156/156/156 
f 98/98/98 156/156/156 147/147/147 
f 132/132/132 95/95/95 98/98/98 
f 98/98/98 147/147/147 132/132/132 
f 95/95/95 132/132/132 131/131/131 
f 147/147/147 151/151/151 132/132/132 
f 131/131/131 132/132/132 133/133/133 
f 132/132/132 151/151/151 159/159/159 
f 132/132/132 157/157/157 133/133/133 
f 132/132/132 159/159/159 158/158/158 
f 132/132/132 158/158/158 157/157/157 
f 384/384/384 385/385/385 386/386/386 
f 386/386/386 606/606/606 640/640/640 
f 606/606/606 386/386/386 385/385/385 
f 385/385/385 605/605/605 606/606/606 
f 605/605/605 385/385/385 388/388/388 
f 387/387/387 388/388/388 385/385/385 
f 385/385/385 384/384/384 387/387/387 
f 388/388/388 387/387/387 469/469/469 
f 450/450/450 469/469/469 387/387/387 
f 450/450/450 387/387/387 451/451/451 
f 384/384/384 453/453/453 387/387/387 
f 451/451/451 387/387/387 453/453/453 
f 453/453/453 384/384/384 501/501/501 
f 453/453/453 454/454/454 451/451/451 
f 498/498/498 453/453/453 501/501/501 
f 457/457/457 454/454/454 453/453/453 
f 498/498/498 479/479/479 453/453/453 
f 465/465/465 457/457/457 453/453/453 
f 479/479/479 465/465/465 453/453/453 
f 203/203/203 204/204/204 205/205/205 
f 204/204/204 203/203/203 207/207/207 
f 210/210/210 204/204/204 207/207/207 
f 204/204/204 210/210/210 209/209/209 
f 208/208/208 205/205/205 204/204/204 
f 209/209/209 208/208/208 204/204/204 
f 141/141/141 142/142/142 143/143/143 
f 142/142/142 153/153/153 143/143/143 
f 149/149/149 142/142/142 141/141/141 
f 152/152/152 153/153/153 142/142/142 
f 153/153/153 152/152/152 462/462/462 
f 142/142/142 174/174/174 152/152/152 
f 174/174/174 142/142/142 166/166/166 
f 142/142/142 149/149/149 166/166/166 
f 166/166/166 173/173/173 174/174/174 
f 149/149/149 165/165/165 166/166/166 
f 173/173/173 166/166/166 165/165/165 
f 165/165/165 317/317/317 173/173/173 
f 165/165/165 149/149/149 169/169/169 
f 317/317/317 165/165/165 300/300/300 
f 169/169/169 300/300/300 165/165/165 
f 300/300/300 169/169/169 301/301/301 
f 321/321/321 322/322/322 323/323/323 
f 322/322/322 321/321/321 618/618/618 
f 618/618/618 476/476/476 322/322/322 
f 476/476/476 618/618/618 620/620/620 
f 468/468/468 322/322/322 476/476/476 
f 470/470/470 323/323/323 322/322/322 
f 322/322/322 468/468/468 470/470/470 
f 323/323/323 470/470/470 449/449/449 
f 468/468/468 448/448/448 470/470/470 
f 448/448/448 449/449/449 470/470/470 
f 448/448/448 468/468/468 456/456/456 
f 455/455/455 448/448/448 456/456/456 
f 449/449/449 448/448/448 447/447/447 
f 455/455/455 446/446/446 448/448/448 
f 446/446/446 447/447/447 448/448/448 
f 447/447/447 446/446/446 461/461/461 
f 83/83/83 84/84/84 85/85/85 
f 84/84/84 83/83/83 86/86/86 
f 85/85/85 270/270/270 83/83/83 
f 270/270/270 85/85/85 271/271/271 
f 279/279/279 270/270/270 271/271/271 
f 270/270/270 279/279/279 281/281/281 
f 290/290/290 270/270/270 281/281/281 
f 270/270/270 290/290/290 327/327/327 
f 102/102/102 270/270/270 327/327/327 
f 270/270/270 102/102/102 83/83/83 
f 101/101/101 83/83/83 102/102/102 
f 83/83/83 101/101/101 86/86/86 
f 101/101/101 118/118/118 86/86/86 
f 118/118/118 84/84/84 86/86/86 
f 118/118/118 101/101/101 134/134/134 
f 84/84/84 118/118/118 117/117/117 
f 134/134/134 129/129/129 118/118/118 
f 117/117/117 118/118/118 119/119/119 
f 118/118/118 129/129/129 128/128/128 
f 118/118/118 124/124/124 119/119/119 
f 118/118/118 128/128/128 123/123/123 
f 118/118/118 123/123/123 124/124/124 
f 389/389/389 390/390/390 391/391/391 
f 390/390/390 389/389/389 398/398/398 
f 391/391/391 612/612/612 389/389/389 
f 612/612/612 391/391/391 628/628/628 
f 627/627/627 612/612/612 628/628/628 
f 612/612/612 627/627/627 634/634/634 
f 654/654/654 612/612/612 634/634/634 
f 612/612/612 654/654/654 651/651/651 
f 402/402/402 612/612/612 651/651/651 
f 612/612/612 402/402/402 389/389/389 
f 399/399/399 389/389/389 402/402/402 
f 389/389/389 399/399/399 398/398/398 
f 399/399/399 484/484/484 398/398/398 
f 484/484/484 390/390/390 398/398/398 
f 484/484/484 399/399/399 506/506/506 
f 390/390/390 484/484/484 488/488/488 
f 482/482/482 484/484/484 506/506/506 
f 484/484/484 487/487/487 488/488/488 
f 482/482/482 483/483/483 484/484/484 
f 503/503/503 487/487/487 484/484/484 
f 483/483/483 504/504/504 484/484/484 
f 504/504/504 503/503/503 484/484/484 
f 68/68/68 69/69/69 70/70/70 
f 70/70/70 69/69/69 110/110/110 
f 69/69/69 107/107/107 110/110/110 
f 69/69/69 106/106/106 107/107/107 
f 69/69/69 114/114/114 106/106/106 
f 69/69/69 115/115/115 114/114/114 
f 139/139/139 115/115/115 69/69/69 
f 69/69/69 76/76/76 139/139/139 
f 69/69/69 68/68/68 75/75/75 
f 76/76/76 69/69/69 75/75/75 
f 68/68/68 81/81/81 75/75/75 
f 81/81/81 76/76/76 75/75/75 
f 81/81/81 68/68/68 266/266/266 
f 76/76/76 81/81/81 268/268/268 
f 266/266/266 246/246/246 81/81/81 
f 246/246/246 268/268/268 81/81/81 
f 246/246/246 266/266/266 247/247/247 
f 268/268/268 246/246/246 283/283/283 
f 245/245/245 246/246/246 247/247/247 
f 246/246/246 263/263/263 283/283/283 
f 246/246/246 245/245/245 262/262/262 
f 263/263/263 246/246/246 262/262/262 
f 340/340/340 341/341/341 342/342/342 
f 372/372/372 340/340/340 342/342/342 
f 372/372/372 493/493/493 340/340/340 
f 493/493/493 494/494/494 340/340/340 
f 494/494/494 480/480/480 340/340/340 
f 480/480/480 481/481/481 340/340/340 
f 340/340/340 481/481/481 508/508/508 
f 370/370/370 340/340/340 508/508/508 
f 341/341/341 340/340/340 346/346/346 
f 340/340/340 370/370/370 346/346/346 
f 378/378/378 341/341/341 346/346/346 
f 370/370/370 378/378/378 346/346/346 
f 341/341/341 378/378/378 645/645/645 
f 378/378/378 370/370/370 647/647/647 
f 539/539/539 645/645/645 378/378/378 
f 647/647/647 539/539/539 378/378/378 
f 645/645/645 539/539/539 549/549/549 
f 539/539/539 647/647/647 655/655/655 
f 539/539/539 548/548/548 549/549/549 
f 540/540/540 539/539/539 655/655/655 
f 548/548/548 539/539/539 541/541/541 
f 539/539/539 540/540/540 541/541/541 
f 29/29/29 30/30/30 31/31/31 
f 30/30/30 55/55/55 31/31/31 
f 30/30/30 65/65/65 55/55/55 
f 30/30/30 105/105/105 65/65/65 
f 30/30/30 74/74/74 105/105/105 
f 59/59/59 74/74/74 30/30/30 
f 56/56/56 30/30/30 29/29/29 
f 30/30/30 58/58/58 59/59/59 
f 30/30/30 56/56/56 62/62/62 
f 58/58/58 30/30/30 62/62/62 
f 56/56/56 79/79/79 62/62/62 
f 79/79/79 58/58/58 62/62/62 
f 79/79/79 56/56/56 191/191/191 
f 58/58/58 79/79/79 240/240/240 
f 191/191/191 194/194/194 79/79/79 
f 194/194/194 240/240/240 79/79/79 
f 194/194/194 191/191/191 195/195/195 
f 240/240/240 194/194/194 248/248/248 
f 222/222/222 194/194/194 195/195/195 
f 194/194/194 257/257/257 248/248/248 
f 194/194/194 222/222/222 256/256/256 
f 257/257/257 194/194/194 256/256/256 
f 347/347/347 348/348/348 349/349/349 
f 348/348/348 366/366/366 349/349/349 
f 373/373/373 366/366/366 348/348/348 
f 357/357/357 373/373/373 348/348/348 
f 356/356/356 357/357/357 348/348/348 
f 421/421/421 356/356/356 348/348/348 
f 421/421/421 348/348/348 355/355/355 
f 348/348/348 354/354/354 355/355/355 
f 348/348/348 347/347/347 376/376/376 
f 354/354/354 348/348/348 376/376/376 
f 347/347/347 380/380/380 376/376/376 
f 380/380/380 354/354/354 376/376/376 
f 380/380/380 347/347/347 531/531/531 
f 354/354/354 380/380/380 586/586/586 
f 531/531/531 530/530/530 380/380/380 
f 530/530/530 586/586/586 380/380/380 
f 530/530/530 531/531/531 532/532/532 
f 586/586/586 530/530/530 568/568/568 
f 569/569/569 530/530/530 532/532/532 
f 530/530/530 552/552/552 568/568/568 
f 530/530/530 569/569/569 553/553/553 
f 552/552/552 530/530/530 553/553/553 
f 13/13/13 14/14/14 15/15/15 
f 14/14/14 21/21/21 15/15/15 
f 14/14/14 20/20/20 21/21/21 
f 14/14/14 26/26/26 20/20/20 
f 14/14/14 27/27/27 26/26/26 
f 54/54/54 27/27/27 14/14/14 
f 41/41/41 14/14/14 13/13/13 
f 14/14/14 51/51/51 54/54/54 
f 14/14/14 41/41/41 43/43/43 
f 51/51/51 14/14/14 43/43/43 
f 41/41/41 42/42/42 43/43/43 
f 42/42/42 51/51/51 43/43/43 
f 42/42/42 41/41/41 184/184/184 
f 51/51/51 42/42/42 192/192/192 
f 184/184/184 183/183/183 42/42/42 
f 183/183/183 192/192/192 42/42/42 
f 183/183/183 184/184/184 185/185/185 
f 192/192/192 183/183/183 230/230/230 
f 212/212/212 183/183/183 185/185/185 
f 183/183/183 253/253/253 230/230/230 
f 183/183/183 212/212/212 215/215/215 
f 253/253/253 183/183/183 215/215/215 
f 358/358/358 359/359/359 360/360/360 
f 359/359/359 424/424/424 360/360/360 
f 423/423/423 424/424/424 359/359/359 
f 428/428/428 423/423/423 359/359/359 
f 420/420/420 428/428/428 359/359/359 
f 411/411/411 420/420/420 359/359/359 
f 411/411/411 359/359/359 412/412/412 
f 359/359/359 435/435/435 412/412/412 
f 359/359/359 358/358/358 383/383/383 
f 435/435/435 359/359/359 383/383/383 
f 358/358/358 382/382/382 383/383/383 
f 382/382/382 435/435/435 383/383/383 
f 382/382/382 358/358/358 524/524/524 
f 435/435/435 382/382/382 578/578/578 
f 524/524/524 523/523/523 382/382/382 
f 523/523/523 578/578/578 382/382/382 
f 523/523/523 524/524/524 525/525/525 
f 578/578/578 523/523/523 579/579/579 
f 550/550/550 523/523/523 525/525/525 
f 523/523/523 596/596/596 579/579/579 
f 523/523/523 550/550/550 551/551/551 
f 596/596/596 523/523/523 551/551/551 
f 227/227/227 228/228/228 229/229/229 
f 228/228/228 236/236/236 229/229/229 
f 236/236/236 228/228/228 238/238/238 
f 238/238/238 258/258/258 236/236/236 
f 237/237/237 238/238/238 239/239/239 
f 516/516/516 517/517/517 518/518/518 
f 517/517/517 527/527/527 518/518/518 
f 517/517/517 516/516/516 537/537/537 
f 536/536/536 537/537/537 516/516/516 
f 537/537/537 546/546/546 547/547/547 
f 1/1/1 2/2/2 3/3/3 
f 1/1/1 10/10/10 2/2/2 
f 8/8/8 1/1/1 3/3/3 
f 1/1/1 11/11/11 10/10/10 
f 1/1/1 19/19/19 11/11/11 
f 50/50/50 19/19/19 1/1/1 
f 35/35/35 1/1/1 8/8/8 
f 1/1/1 44/44/44 50/50/50 
f 1/1/1 35/35/35 37/37/37 
f 44/44/44 1/1/1 37/37/37 
f 35/35/35 40/40/40 37/37/37 
f 40/40/40 44/44/44 37/37/37 
f 40/40/40 35/35/35 177/177/177 
f 44/44/44 40/40/40 186/186/186 
f 177/177/177 180/180/180 40/40/40 
f 180/180/180 186/186/186 40/40/40 
f 180/180/180 177/177/177 181/181/181 
f 186/186/186 180/180/180 199/199/199 
f 200/200/200 180/180/180 181/181/181 
f 180/180/180 211/211/211 199/199/199 
f 180/180/180 200/200/200 202/202/202 
f 211/211/211 180/180/180 202/202/202 
f 407/407/407 408/408/408 409/409/409 
f 409/409/409 408/408/408 441/441/441 
f 415/415/415 407/407/407 409/409/409 
f 417/417/417 415/415/415 409/409/409 
f 416/416/416 417/417/417 409/409/409 
f 416/416/416 409/409/409 439/439/439 
f 432/432/432 409/409/409 441/441/441 
f 409/409/409 438/438/438 439/439/439 
f 409/409/409 432/432/432 433/433/433 
f 438/438/438 409/409/409 433/433/433 
f 432/432/432 577/577/577 433/433/433 
f 577/577/577 438/438/438 433/433/433 
f 577/577/577 432/432/432 576/576/576 
f 438/438/438 577/577/577 585/585/585 
f 576/576/576 557/557/557 577/577/577 
f 557/557/557 585/585/585 577/577/577 
f 557/557/557 576/576/576 558/558/558 
f 585/585/585 557/557/557 593/593/593 
f 556/556/556 557/557/557 558/558/558 
f 557/557/557 592/592/592 593/593/593 
f 557/557/557 556/556/556 566/566/566 
f 592/592/592 557/557/557 566/566/566 

g Neck1

v -0.138291 -0.197977 2.69158 
v -0.114929 -0.366125 2.64794 
v -0.147159 -0.344406 2.73211 
v -0.156026 -0.490843 2.77264 
v -0.122479 -0.521161 2.67925 
v -0.151166 -0.181929 2.76716 
v -0.131384 -0.0169324 2.67805 
v -0.144357 -0.00520739 2.74418 
v -0.124415 0.163502 2.66556 
v -0.138785 0.172509 2.72182 
v -0.122234 0.353116 2.66839 
v -0.132859 0.358103 2.72214 
v -0.128229 0.54528 2.72204 
v -0.0982893 0.159557 2.60593 
v -0.108616 -0.211589 2.61501 
v -0.102814 -0.0262909 2.61098 
v -0.12131 0.543272 2.67023 
v -0.121627 0.714868 2.6824 
v -0.132166 0.715222 2.73207 
v -0.163613 -0.323609 2.81622 
v -0.141118 -0.170787 2.83301 
v -0.138093 0.00503862 2.80414 
v -0.136841 -0.768486 2.78074 
v -0.134997 0.180258 2.77632 
v -0.131547 0.364857 2.7734 
v -0.126829 0.548896 2.7715 
v -0.133143 0.720656 2.78551 
v -0.154914 1.30304 2.64574 
v -0.111974 1.17529 2.62978 
v -0.134801 1.17347 2.67055 
v -0.144257 1.04797 2.72315 
v -0.13 1.04613 2.6738 
v -0.177821 1.31032 2.69733 
v -0.150444 1.17855 2.71905 
v -0.194694 1.39534 2.59506 
v -0.129363 1.30048 2.60788 
v -0.220433 1.4112 2.64616 
v -0.110852 1.04839 2.63211 
v -0.124111 0.900511 2.68462 
v -0.107497 0.903862 2.64091 
v -0.0926737 1.30242 2.58452 
v -0.160371 1.38614 2.55706 
v -0.11388 1.38181 2.52812 
v -0.138308 0.900248 2.73276 
v -0.149992 1.05556 2.78229 
v -0.159805 1.18746 2.78056 
v -0.139164 0.904485 2.78828 
v -0.229117 1.43901 2.7185 
v -0.19079 1.32504 2.76796 
v -0.051004 -0.0286419 2.56192 
v -0.0483371 -0.21609 2.56284 
v -0.0459345 -0.379647 2.59007 
v -0.0537416 0.15941 2.55997 
v -0.0563141 0.354157 2.57302 
v -0.0999357 0.545949 2.62306 
v -0.0601121 0.549893 2.58671 
v 0.00340153 0.358503 2.55389 
v 0.029565 -0.21405 2.54132 
v 0.0381779 -0.380622 2.56924 
v -0.0447692 -0.543712 2.61569 
v 0.0207365 -0.025671 2.5385 
v 0.0119404 0.163139 2.53734 
v -0.0996506 0.351379 2.61443 
v -0.0425144 -0.810827 2.71598 
v 0.0624629 -0.821911 2.68951 
v -0.0509522 -1.02966 2.81674 
v -0.00516655 0.554904 2.57103 
v -0.0334498 1.18087 2.5949 
v -0.0768797 1.05323 2.60359 
v -0.0802918 1.17883 2.60344 
v -0.0277482 1.0566 2.59289 
v -0.0711735 0.909411 2.61128 
v -0.0208977 0.91344 2.59949 
v -0.0651577 0.722607 2.60399 
v -0.0399251 1.30596 2.5737 
v -0.0125626 0.726897 2.58942 
v 0.0135027 1.30735 2.58115 
v -0.0334498 1.18087 2.5949 
v -0.0399251 1.30596 2.5737 
v 0.0220615 1.05782 2.60046 
v -0.0277482 1.0566 2.59289 
v -0.1038 0.716781 2.63639 
v -0.113435 0.372538 2.82144 
v -0.172745 -0.966549 2.88527 
v -0.196794 -0.710611 2.88313 
v -0.17612 -0.464694 2.86423 
v -0.216833 -0.646579 2.99371 
v -0.252446 -0.866876 2.9989 
v -0.152563 -0.303592 2.8885 
v -0.164046 -0.435356 2.9446 
v -0.117699 -0.285409 2.94578 
v -0.117059 -0.155196 2.88942 
v -0.253402 -0.760601 3.12429 
v -0.184108 -0.588999 3.07935 
v -0.221358 -0.659404 3.21413 
v -0.137125 -0.548329 3.13211 
v -0.11832 -0.416669 3.00154 
v -0.162725 -0.585466 3.26299 
v -0.0993142 -0.528161 3.28528 
v -0.080717 -0.384373 3.05142 
v -0.119653 0.725276 2.83623 
v -0.116408 0.017969 2.85777 
v -0.130341 0.909608 2.84516 
v -0.154517 1.19928 2.84986 
v -0.142368 1.0651 2.84596 
v -0.115739 0.190101 2.82552 
v -0.109906 0.553989 2.81671 
v -0.116684 1.07057 2.90064 
v -0.126175 1.20394 2.9109 
v -0.178002 1.3482 2.8615 
v -0.141024 1.33041 2.93286 
v -0.158873 1.39773 2.92656 
v -0.0933074 0.733223 2.87695 
v -0.104925 0.915546 2.89176 
v -0.0805597 1.21084 2.94711 
v -0.082122 -0.512002 3.16375 
v -0.0771336 0.0305977 2.89345 
v -0.0789534 -0.139203 2.9313 
v -0.0765298 0.20035 2.85564 
v -0.078866 0.380759 2.85485 
v -0.0284572 0.0386191 2.91337 
v 0.0295839 0.0445692 2.92039 
v -0.0337285 0.207328 2.8795 
v -0.0244622 -0.12955 2.94623 
v 0.0207555 0.212514 2.88767 
v -0.0395707 0.386371 2.88091 
v -0.0209236 -0.487965 3.29684 
v -0.0798604 -0.261493 2.99084 
v -0.0193089 -0.251103 3.00723 
v -0.0136576 -0.488355 3.18173 
v -0.0153926 -0.373162 3.06662 
v -0.0812438 0.560723 2.85241 
v -0.0466182 0.565353 2.88236 
v -0.0538899 0.737633 2.9051 
v 0.0124998 0.38995 2.88691 
v 0.00415371 0.569033 2.88571 
v -0.00305471 0.742202 2.91175 
v -0.0619215 0.919674 2.91815 
v -0.0712542 1.07779 2.93146 
v -0.0946243 1.35202 2.97748 
v -0.0238473 1.21795 2.95208 
v -0.0179761 1.08292 2.93967 
v -0.0109942 0.924091 2.92748 
v -0.0293881 1.36637 2.99449 
v -0.0452821 1.39127 2.52956 
v -0.228359 1.72399 2.35751 
v -0.223485 1.62604 2.36789 
v -0.251132 1.65547 2.41714 
v -0.213712 1.55859 2.42484 
v -0.245612 1.68801 2.4481 
v -0.222524 1.73906 2.37281 
v -0.250096 1.73177 2.44701 
v -0.217056 1.78026 2.37665 
v -0.226427 1.82081 2.4075 
v -0.207761 1.78521 2.40967 
v -0.232763 1.80698 2.41666 
v -0.235016 1.76402 2.43537 
v -0.203225 1.80246 2.38722 
v -0.201602 1.70702 2.29872 
v -0.191219 1.80633 2.31336 
v -0.190217 1.811 2.38997 
v -0.220117 1.77705 2.42803 
v -0.199691 1.80875 2.39342 
v -0.210155 1.79703 2.42776 
v -0.217461 1.77476 2.43214 
v -0.259798 1.58675 2.46327 
v -0.240439 1.79981 2.43113 
v -0.227474 1.77582 2.46126 
v -0.243559 1.8008 2.44864 
v -0.252472 1.75552 2.48314 
v -0.228047 1.78676 2.4592 
v -0.245661 1.77812 2.46364 
v -0.191057 1.76018 2.44175 
v -0.198695 1.76389 2.47365 
v -0.228484 1.80545 2.47276 
v -0.208876 1.82646 2.43485 
v -0.22597 1.83808 2.40903 
v -0.244349 1.83413 2.43435 
v -0.226413 1.85229 2.41583 
v -0.227635 1.86223 2.42999 
v -0.194564 1.86401 2.40675 
v -0.193978 1.84158 2.39243 
v -0.172182 1.88064 2.33545 
v -0.183147 1.84761 2.39944 
v -0.199423 1.88079 2.43065 
v -0.214645 1.85674 2.44982 
v -0.205872 1.87621 2.41164 
v -0.195579 1.86662 2.41669 
v -0.246141 1.81143 2.45909 
v -0.236093 1.85527 2.45859 
v -0.241394 1.84478 2.46683 
v -0.230877 1.86442 2.4454 
v -0.200525 1.89013 2.40956 
v -0.223626 1.87519 2.46095 
v -0.233624 1.88879 2.47075 
v -0.205893 1.88113 2.45635 
v -0.222219 1.92834 2.50678 
v -0.191749 1.93152 2.40354 
v -0.152265 1.61085 2.33964 
v -0.177877 1.85168 2.38054 
v -0.143603 1.54467 2.40157 
v -0.180841 1.85549 2.36895 
v -0.150996 1.68358 2.25716 
v -0.0617296 1.60401 2.32205 
v -0.0617296 1.60401 2.32205 
v 0.0301425 1.55273 2.39606 
v -0.0566506 1.53959 2.38799 
v -0.0566506 1.53959 2.38799 
v 0.0155142 1.6913 2.25188 
v -0.0677246 1.67744 2.2404 
v -0.0677246 1.67744 2.2404 
v -0.187855 1.81918 2.40012 
v -0.175662 1.77496 2.41446 
v -0.167802 1.80285 2.39794 
v -0.163175 1.83294 2.39683 
v -0.129632 1.47091 2.46722 
v 0.0272309 1.47819 2.46225 
v -0.0511123 1.47141 2.46292 
v -0.0511123 1.47141 2.46292 
v -0.161378 1.88743 2.26614 
v -0.141362 1.97614 2.30203 
v -0.131164 1.9694 2.23196 
v -0.146222 1.98873 2.3961 
v -0.0816027 2.01091 2.29063 
v -0.0786217 2.01484 2.39041 
v -0.0837452 2.00856 2.2196 
v -0.0182832 1.98185 2.29813 
v 0.00754352 1.89527 2.26079 
v -0.0322226 1.97399 2.22882 
v -0.0816027 2.01091 2.29063 
v -0.0786217 2.01484 2.39041 
v -0.00867287 1.99511 2.39174 
v -0.0837452 2.00856 2.2196 
v -0.166486 1.88017 2.43815 
v -0.161557 1.86131 2.41305 
v -0.148037 1.96526 2.53347 
v -0.0727375 1.99093 2.54104 
v -0.0727375 1.99093 2.54104 
v -0.245408 1.82674 2.46646 
v -0.271391 1.62986 2.5041 
v -0.23904 1.49607 2.52716 
v -0.268672 1.69395 2.53103 
v -0.269629 1.73534 2.59956 
v -0.258646 1.7824 2.5185 
v -0.253214 1.79974 2.48628 
v -0.185012 1.48608 2.49872 
v -0.205994 1.78311 2.50048 
v -0.232254 1.79096 2.48559 
v -0.266897 1.52984 2.57612 
v -0.270901 1.58115 2.63938 
v -0.252306 1.62402 2.71599 
v -0.251517 1.83944 2.52158 
v -0.216906 1.47012 2.80548 
v -0.213944 1.68206 2.78901 
v -0.240261 1.8275 2.62991 
v -0.233202 1.81997 2.49815 
v -0.226013 1.84642 2.49619 
v -0.219178 1.87096 2.48059 
v -0.246471 1.83891 2.48887 
v -0.229617 1.83477 2.47993 
v -0.205614 1.81098 2.51509 
v -0.198705 1.84386 2.51406 
v -0.18613 1.51234 2.8838 
v 0.0236688 1.38819 2.52376 
v -0.0452821 1.39127 2.52956 
v -0.111833 1.43481 2.97585 
v -0.124896 1.55906 2.93641 
v -0.0335649 1.45368 2.99051 
v -0.0335649 1.45368 2.99051 
v 0.0440252 1.5669 2.93105 
v -0.0408996 1.5842 2.95015 
v -0.0408996 1.5842 2.95015 
v -0.187249 1.87147 2.49577 
v -0.176497 1.88273 2.46951 
v -0.151421 1.88672 2.69368 
v 0.00398282 1.97232 2.52865 
v -0.0638624 1.9156 2.71077 
v -0.140711 1.73144 2.84244 
v -0.0517385 1.75455 2.85753 
v -0.0638624 1.9156 2.71077 
v 0.0378579 1.73972 2.83678 
v -0.0517385 1.75455 2.85753 
v 0.0247361 1.89489 2.6881 
v 0.0356895 1.35807 2.97335 
v -0.0293881 1.36637 2.99449 
v 0.0789839 0.165568 2.55576 
v 0.0207365 -0.025671 2.5385 
v 0.0119404 0.163139 2.53734 
v 0.0643526 0.359755 2.5692 
v 0.00340153 0.358503 2.55389 
v 0.0508879 0.555043 2.58319 
v -0.00516655 0.554904 2.57103 
v 0.029565 -0.21405 2.54132 
v 0.0937803 -0.021925 2.55733 
v 0.108526 -0.208812 2.55787 
v 0.0381779 -0.380622 2.56924 
v 0.122987 -0.37181 2.58472 
v 0.126142 0.169969 2.59881 
v 0.046791 -0.547202 2.59716 
v 0.076268 -1.03964 2.80636 
v 0.0931231 0.554905 2.61694 
v 0.138623 -0.535205 2.60987 
v 0.046791 -0.547202 2.59716 
v 0.0624629 -0.821911 2.68951 
v 0.110291 0.361118 2.60778 
v 0.117592 0.554355 2.66266 
v 0.0820041 0.725401 2.6305 
v -0.0125626 0.726897 2.58942 
v 0.0410188 0.727533 2.60062 
v -0.0208977 0.91344 2.59949 
v 0.0301794 0.914113 2.60806 
v 0.0138259 1.1832 2.60045 
v 0.0580699 1.05623 2.62676 
v 0.0686601 0.912034 2.63532 
v 0.0882421 0.910363 2.67789 
v 0.102804 0.725279 2.67528 
v 0.0799415 1.05587 2.66715 
v 0.105417 0.911555 2.72504 
v 0.0970571 1.05917 2.7155 
v 0.0727288 1.1831 2.66397 
v 0.0908694 1.18974 2.7114 
v 0.105792 1.06743 2.77419 
v 0.116383 0.726753 2.72419 
v 0.109385 0.916015 2.7804 
v 0.103234 1.19966 2.77222 
v 0.101358 1.07641 2.83824 
v 0.120229 0.732411 2.77748 
v 0.171306 -0.198603 2.60613 
v 0.193954 -0.351795 2.63814 
v 0.217776 -0.505376 2.66847 
v 0.167427 -0.801087 2.70932 
v 0.148147 -0.0146484 2.60302 
v 0.204375 -0.18208 2.68072 
v 0.261336 -0.750014 2.76811 
v 0.254209 -0.471811 2.75963 
v 0.229292 -0.326941 2.72018 
v 0.17991 -0.00249085 2.66818 
v 0.220461 -0.164688 2.75538 
v 0.20242 -1.01791 2.8087 
v 0.076268 -1.03964 2.80636 
v 0.195897 0.0105778 2.73339 
v 0.213608 -0.154331 2.82176 
v 0.192515 0.0203762 2.79366 
v 0.321941 -0.943599 2.86959 
v 0.249034 -0.304466 2.80313 
v 0.155507 0.176488 2.65668 
v 0.135982 0.365096 2.66021 
v 0.127556 0.557146 2.71394 
v 0.149475 0.371201 2.71319 
v 0.17251 0.186951 2.71195 
v 0.150786 0.377955 2.76445 
v 0.128956 0.560762 2.76339 
v 0.114526 0.564401 2.80959 
v 0.135114 0.384068 2.81356 
v 0.109602 0.735912 2.82896 
v 0.171473 0.194476 2.7666 
v 0.154536 0.202639 2.81695 
v 0.0384116 -0.123362 2.9531 
v 0.0873663 0.0439924 2.90969 
v 0.0295839 0.0445692 2.92039 
v 0.0384116 -0.123362 2.9531 
v 0.0748597 0.212366 2.87606 
v 0.0207555 0.212514 2.88767 
v 0.064194 0.391185 2.87762 
v 0.101028 -0.123728 2.94225 
v 0.0459434 -0.246752 3.01012 
v 0.116529 0.209306 2.84952 
v 0.102114 0.389155 2.84912 
v 0.0459434 -0.246752 3.01012 
v 0.0620285 -0.473315 3.18596 
v 0.0534136 -0.369527 3.06609 
v 0.0656256 -0.47243 3.30072 
v 0.0620285 -0.473315 3.18596 
v 0.122156 -0.36678 3.06226 
v 0.0534136 -0.369527 3.06609 
v 0.138362 -0.481303 3.17691 
v 0.0656256 -0.47243 3.30072 
v 0.111005 -0.245058 3.0031 
v 0.0124998 0.38995 2.88691 
v 0.0876778 0.568559 2.84706 
v 0.0852612 0.741507 2.87129 
v 0.0547347 0.570055 2.87915 
v 0.101267 1.21114 2.84175 
v 0.0787863 1.07964 2.89445 
v 0.103738 0.920467 2.83774 
v 0.0808784 0.924166 2.88587 
v 0.00415371 0.569033 2.88571 
v 0.047463 0.742335 2.90189 
v -0.00305471 0.742202 2.91175 
v 0.0394314 0.924376 2.91494 
v -0.0109942 0.924091 2.92748 
v 0.0349222 1.08272 2.9281 
v -0.0179761 1.08292 2.93967 
v 0.135219 0.0404492 2.88672 
v 0.32203 -0.686541 2.86668 
v 0.277547 -0.443647 2.84985 
v 0.224347 -0.400772 2.99068 
v 0.310578 -0.56605 3.06367 
v 0.267915 -0.415316 2.93091 
v 0.240771 -0.285344 2.87603 
v 0.208066 -0.270296 2.93546 
v 0.34301 -0.620606 2.97597 
v 0.399103 -0.836649 2.97825 
v 0.398147 -0.730374 3.10363 
v 0.152821 -0.479904 3.29133 
v 0.207447 -0.498568 3.15457 
v 0.233705 -0.512712 3.27472 
v 0.263463 -0.529745 3.11941 
v 0.187146 -0.371946 3.04293 
v 0.362623 -0.632312 3.19561 
v 0.300609 -0.563971 3.24831 
v 0.17316 0.0314027 2.84859 
v 0.191823 -0.140866 2.87963 
v 0.155125 -0.128343 2.92388 
v 0.1711 -0.249851 2.98288 
v 0.0765307 1.21334 2.90448 
v 0.0662606 1.71945 2.29023 
v 0.028715 1.61925 2.3339 
v 0.0521597 1.853 2.38462 
v 0.0300801 1.81203 2.39167 
v 0.0226289 1.84156 2.39094 
v 0.0344757 1.86153 2.37381 
v 0.064638 1.81489 2.37873 
v 0.0363358 1.86557 2.36207 
v 0.0486348 1.83015 2.39262 
v 0.0510966 1.8222 2.38232 
v 0.0609366 1.82084 2.38515 
v 0.0998675 1.64104 2.35764 
v 0.0476827 1.81741 2.30579 
v 0.0797679 1.79403 2.36724 
v 0.0887701 1.7535 2.36294 
v 0.0999939 1.57314 2.4149 
v 0.0232882 1.88971 2.32925 
v 0.0853242 1.85252 2.39916 
v 0.0721606 1.79819 2.40079 
v 0.0599041 1.77182 2.4338 
v 0.0415141 1.78504 2.40757 
v 0.0745902 1.81024 2.41874 
v 0.0412842 1.85802 2.39233 
v 0.084186 1.78875 2.42257 
v 0.0691675 1.77632 2.46516 
v 0.0828506 1.4985 2.49023 
v 0.102828 1.7797 2.42466 
v 0.0863536 1.79127 2.41832 
v 0.0710453 1.83944 2.42598 
v 0.0423293 1.94238 2.39612 
v 0.0552594 1.90199 2.40146 
v 0.0515735 1.87543 2.39895 
v 0.0529698 1.87815 2.40881 
v 0.0848808 1.86673 2.40596 
v 0.0619908 1.88864 2.40315 
v 0.0194229 1.8697 2.40731 
v 0.056361 1.89265 2.42254 
v 0.0241615 1.88902 2.43211 
v 0.0643819 1.89367 2.44778 
v 0.0358556 1.89259 2.46278 
v 0.0794276 1.94233 2.49722 
v 0.0860705 1.87678 2.42005 
v 0.0749231 1.87017 2.44064 
v 0.0828445 1.88941 2.45124 
v 0.0900637 1.87931 2.43523 
v 0.0872793 1.83536 2.39756 
v 0.0949943 1.73899 2.34726 
v 0.0954334 1.8222 2.40626 
v 0.104639 1.81582 2.42019 
v 0.121532 1.74901 2.43523 
v 0.127731 1.67304 2.40513 
v 0.121192 1.70503 2.43647 
v 0.145614 1.60556 2.45042 
v 0.0958785 1.79083 2.45101 
v 0.0953059 1.80176 2.44895 
v 0.113888 1.7948 2.45224 
v 0.108754 1.81714 2.43747 
v 0.100766 1.80641 2.47503 
v 0.094869 1.82045 2.46251 
v 0.155727 1.64968 2.49056 
v 0.123979 1.77298 2.4712 
v 0.105553 1.85036 2.42326 
v 0.0969265 1.87072 2.44804 
v 0.0937358 1.84977 2.46968 
v 0.0800571 1.88484 2.47111 
v 0.0921407 1.90391 2.46043 
v 0.110666 1.85548 2.47755 
v 0.110997 1.828 2.44777 
v 0.109318 1.8432 2.45521 
v 0.103685 1.86079 2.45589 
v 0.0473006 1.18268 2.62473 
v 0.0516171 1.30888 2.60214 
v 0.0712953 1.39689 2.54971 
v 0.0791639 1.3139 2.63832 
v 0.106953 1.40934 2.58549 
v 0.104513 1.32342 2.68838 
v 0.032852 1.2161 2.94352 
v -0.0238473 1.21795 2.95208 
v 0.080976 1.3407 2.92582 
v 0.0450299 1.44208 2.97088 
v 0.111566 1.36163 2.85232 
v 0.0920878 1.40937 2.9186 
v 0.0492412 1.88244 2.48828 
v 0.0901043 1.86109 2.48616 
v 0.0643341 1.85607 2.50572 
v 0.0998178 1.83542 2.48759 
v 0.0743071 1.82396 2.50621 
v 0.0763388 1.79621 2.49153 
v 0.114464 1.84396 2.61866 
v 0.11182 1.69717 2.77868 
v 0.10587 1.52588 2.87454 
v 0.134292 1.42766 2.63492 
v 0.144922 1.45636 2.70664 
v 0.120504 1.33948 2.7581 
v 0.137411 1.51353 2.51523 
v 0.165064 1.54988 2.56243 
v 0.168295 1.60153 2.62545 
v 0.150694 1.64271 2.70321 
v 0.135407 1.48646 2.79431 
v 0.148799 1.71332 2.5178 
v 0.120825 1.81709 2.47443 
v 0.117699 1.85657 2.50988 
v 0.129864 1.80042 2.50619 
v 0.150254 1.75482 2.58625 

vn -0.96063 0 -0.283465 
vn -0.818898 -0.0787402 -0.566929 
vn -0.96063 -0.00787402 -0.267717 
vn -0.952756 -0.015748 -0.299213 
vn -0.80315 -0.133858 -0.582677 
vn -1 0.0472441 -0.0472441 
vn -0.952756 0.00787402 -0.291339 
vn -1 0.0314961 -0.0551181 
vn -0.952756 0.015748 -0.314961 
vn -0.992126 0.023622 -0.0866142 
vn -0.952756 0.015748 -0.299213 
vn -1 0.023622 -0.0787402 
vn -1 0 -0.0787402 
vn -0.826772 0.00787402 -0.566929 
vn -0.811024 -0.0393701 -0.582677 
vn -0.818898 0 -0.566929 
vn -0.96063 0.00787402 -0.283465 
vn -0.96063 -0.00787402 -0.291339 
vn -0.992126 -0.023622 -0.102362 
vn -1 0.0708661 -0.0393701 
vn -0.96063 0.110236 0.244094 
vn -0.968504 0.0551181 0.23622 
vn -0.76378 -0.188976 -0.614173 
vn -0.976378 0.0393701 0.19685 
vn -0.984252 0.023622 0.188976 
vn -0.984252 -0.015748 0.165354 
vn -0.992126 -0.0472441 0.125984 
vn -0.834646 -0.377953 -0.401575 
vn -0.748031 -0.11811 -0.645669 
vn -0.905512 -0.133858 -0.393701 
vn -0.976378 -0.0551181 -0.188976 
vn -0.937008 -0.0551181 -0.354331 
vn -0.929134 -0.330709 -0.181102 
vn -0.968504 -0.141732 -0.212598 
vn -0.748031 -0.535433 -0.401575 
vn -0.661417 -0.401575 -0.637795 
vn -0.905512 -0.409449 -0.110236 
vn -0.787402 -0.0472441 -0.614173 
vn -0.944882 -0.0314961 -0.322835 
vn -0.811024 -0.0314961 -0.590551 
vn -0.314961 -0.393701 -0.866142 
vn -0.559055 -0.559055 -0.614173 
vn -0.244094 -0.574803 -0.779528 
vn -0.992126 -0.0393701 -0.149606 
vn -1 -0.0708661 0.023622 
vn -0.992126 -0.141732 0.00787402 
vn -0.992126 -0.0551181 0.0708661 
vn -0.96063 -0.244094 0.125984 
vn -0.968504 -0.244094 0.0629921 
vn -0.503937 -0.015748 -0.866142 
vn -0.464567 -0.0866142 -0.88189 
vn -0.456693 -0.149606 -0.88189 
vn -0.519685 0.015748 -0.858268 
vn -0.511811 0.0551181 -0.858268 
vn -0.811024 0.0314961 -0.582677 
vn -0.488189 0.0629921 -0.874016 
vn -0.0314961 0.0787402 -1 
vn -0.0314961 -0.0866142 -1 
vn -0.023622 -0.15748 -0.984252 
vn -0.440945 -0.228346 -0.866142 
vn -0.0314961 -0.00787402 -1 
vn -0.0314961 0.0393701 -1 
vn -0.818898 0.023622 -0.574803 
vn -0.417323 -0.346457 -0.84252 
vn -0.00787402 -0.385827 -0.92126 
vn -0.393701 -0.448819 -0.80315 
vn -0.0393701 0.0944882 -0.992126 
vn -0.0314961 -0.0787402 -1 
vn -0.425197 -0.0393701 -0.905512 
vn -0.401575 -0.102362 -0.905512 
vn -0.0314961 -0.023622 -1 
vn -0.440945 -0.015748 -0.897638 
vn -0.0314961 0 -1 
vn -0.464567 0.0472441 -0.88189 
vn -0.015748 -0.362205 -0.929134 
vn -0.0314961 0.0708661 -1 
vn 0.299213 -0.370079 -0.88189 
vn -0.0314961 -0.0787402 -1 
vn -0.015748 -0.362205 -0.929134 
vn 0.370079 0 -0.929134 
vn -0.0314961 -0.023622 -1 
vn -0.811024 0.015748 -0.582677 
vn -0.834646 0.015748 0.543307 
vn -0.748031 -0.267717 -0.606299 
vn -0.937008 0.00787402 -0.346457 
vn -0.992126 0.110236 -0.0629921 
vn -0.976378 0.212598 -0.0787402 
vn -0.937008 0 -0.354331 
vn -0.937008 0.181102 0.291339 
vn -0.92126 0.275591 0.275591 
vn -0.834646 0.244094 0.496063 
vn -0.850394 0.173228 0.503937 
vn -0.952756 0.259843 -0.181102 
vn -0.88189 0.440945 0.149606 
vn -0.850394 0.511811 -0.141732 
vn -0.755906 0.606299 0.23622 
vn -0.80315 0.370079 0.464567 
vn -0.700787 0.692913 -0.173228 
vn -0.519685 0.826772 -0.212598 
vn -0.590551 0.472441 0.653543 
vn -0.905512 -0.0866142 0.417323 
vn -0.834646 0.110236 0.543307 
vn -0.937008 -0.0787402 0.338583 
vn -0.952756 -0.141732 0.283465 
vn -0.952756 -0.0866142 0.283465 
vn -0.834646 0.0708661 0.551181 
vn -0.874016 -0.0393701 0.488189 
vn -0.748031 -0.102362 0.653543 
vn -0.76378 -0.15748 0.622047 
vn -0.937008 -0.173228 0.307087 
vn -0.76378 -0.188976 0.622047 
vn -0.811024 -0.0708661 0.574803 
vn -0.708661 -0.110236 0.692913 
vn -0.724409 -0.0944882 0.685039 
vn -0.362205 -0.181102 0.913386 
vn -0.582677 0.748031 0.314961 
vn -0.551181 0.165354 0.818898 
vn -0.574803 0.259843 0.779528 
vn -0.582677 0.0866142 0.811024 
vn -0.629921 0 0.771654 
vn -0.267717 0.188976 0.944882 
vn 0.023622 0.19685 0.976378 
vn -0.314961 0.0866142 0.944882 
vn -0.228346 0.307087 0.92126 
vn 0.023622 0.102362 0.992126 
vn -0.346457 -0.00787402 0.937008 
vn -0.275591 0.937008 -0.23622 
vn -0.574803 0.354331 0.732283 
vn -0.188976 0.425197 0.88189 
vn -0.283465 0.889764 0.362205 
vn -0.19685 0.566929 0.795276 
vn -0.692913 -0.0708661 0.716535 
vn -0.362205 -0.0787402 0.929134 
vn -0.354331 -0.11811 0.929134 
vn 0.0314961 0 1 
vn 0.0314961 -0.0708661 1 
vn 0.0393701 -0.110236 0.992126 
vn -0.346457 -0.0944882 0.929134 
vn -0.354331 -0.102362 0.929134 
vn -0.409449 -0.149606 0.897638 
vn 0.0393701 -0.181102 0.984252 
vn 0.0393701 -0.0944882 0.992126 
vn 0.0393701 -0.0787402 1 
vn 0.0393701 -0.102362 0.992126 
vn 0 -0.559055 -0.826772 
vn -0.913386 0.393701 -0.0787402 
vn -0.716535 -0.409449 -0.566929 
vn -0.952756 -0.00787402 -0.291339 
vn -0.566929 -0.590551 -0.574803 
vn -0.968504 0.110236 -0.220472 
vn -0.952756 0.220472 -0.204724 
vn -0.952756 0.133858 -0.259843 
vn -0.937008 0.291339 -0.19685 
vn -0.653543 -0.0551181 -0.755906 
vn -0.354331 -0.606299 -0.716535 
vn -0.732283 -0.291339 -0.622047 
vn -0.897638 0.370079 -0.23622 
vn -0.795276 0.574803 0.181102 
vn -0.755906 -0.440945 -0.480315 
vn -0.905512 0.433071 0 
vn -0.850394 0.496063 0.181102 
vn -0.740157 0.669291 -0.102362 
vn -0.220472 -0.23622 -0.944882 
vn -0.850394 0.362205 -0.377953 
vn -0.519685 -0.779528 -0.354331 
vn -0.88189 -0.307087 -0.354331 
vn -0.84252 -0.393701 -0.370079 
vn -0.653543 -0.748031 0.0866142 
vn -0.913386 -0.385827 -0.0944882 
vn -0.968504 0.125984 -0.220472 
vn -0.724409 0.488189 -0.496063 
vn -0.818898 0.314961 -0.472441 
vn -0.346457 -0.889764 -0.291339 
vn -0.472441 -0.866142 0.181102 
vn -0.700787 0.259843 -0.661417 
vn -0.874016 0.102362 -0.472441 
vn -0.622047 0.220472 -0.748031 
vn -0.937008 0.181102 -0.291339 
vn -0.614173 0.464567 -0.637795 
vn -0.669291 0.653543 -0.362205 
vn -0.102362 0.653543 -0.755906 
vn -0.110236 0.267717 -0.96063 
vn -0.937008 0.267717 -0.212598 
vn -0.944882 -0.110236 -0.307087 
vn -0.19685 0.913386 -0.362205 
vn -0.826772 -0.19685 -0.519685 
vn -0.874016 -0.299213 -0.385827 
vn -0.858268 -0.346457 -0.377953 
vn -0.976378 -0.204724 0.0866142 
vn -0.811024 0.574803 0.0944882 
vn -0.897638 0.377953 0.220472 
vn -0.724409 0.685039 -0.0708661 
vn -0.92126 0.0629921 -0.377953 
vn -0.866142 -0.125984 -0.480315 
vn -0.937008 0.23622 -0.244094 
vn -0.330709 0.944882 0.0551181 
vn -0.80315 0.598425 0.0866142 
vn -0.858268 0.448819 -0.23622 
vn -0.330709 -0.661417 -0.677165 
vn -1 0.023622 0.00787402 
vn -0.267717 -0.692913 -0.669291 
vn -0.968504 0.23622 -0.023622 
vn -0.417323 -0.692913 -0.590551 
vn 0.00787402 -0.716535 -0.692913 
vn 0.00787402 -0.716535 -0.692913 
vn 0.291339 -0.669291 -0.685039 
vn 0.00787402 -0.708661 -0.708661 
vn 0.00787402 -0.708661 -0.708661 
vn 0.440945 -0.653543 -0.614173 
vn 0.015748 -0.779528 -0.629921 
vn 0.015748 -0.779528 -0.629921 
vn -0.913386 0.259843 -0.322835 
vn -0.133858 -0.692913 -0.708661 
vn 0.0393701 -0.299213 -0.952756 
vn 0.173228 0.212598 -0.96063 
vn -0.259843 -0.653543 -0.708661 
vn 0.275591 -0.629921 -0.724409 
vn 0.00787402 -0.653543 -0.755906 
vn 0.00787402 -0.653543 -0.755906 
vn -0.929134 0.370079 -0.0393701 
vn -0.76378 0.622047 -0.15748 
vn -0.834646 0.551181 -0.0314961 
vn -0.606299 0.795276 -0.0551181 
vn -0.0472441 0.992126 -0.110236 
vn -0.0472441 1 0.023622 
vn -0.0472441 1 0.0393701 
vn 0.692913 0.685039 -0.204724 
vn 0.88189 0.456693 -0.0944882 
vn 0.779528 0.622047 -0.0866142 
vn -0.0472441 0.992126 -0.110236 
vn -0.0472441 1 0.023622 
vn 0.527559 0.84252 -0.0866142 
vn -0.0472441 1 0.0393701 
vn 0.0866142 0.944882 -0.307087 
vn 0.188976 0.669291 -0.716535 
vn -0.488189 0.834646 0.251969 
vn -0.0314961 0.952756 0.291339 
vn -0.0314961 0.952756 0.291339 
vn -0.976378 0.0708661 0.212598 
vn -0.992126 -0.023622 -0.141732 
vn -0.771654 -0.503937 -0.393701 
vn -0.992126 0.0551181 -0.0944882 
vn -0.984252 0.133858 0.125984 
vn -0.992126 0.125984 -0.0787402 
vn -0.866142 0.19685 -0.456693 
vn -0.519685 -0.614173 -0.598425 
vn -0.543307 -0.598425 0.590551 
vn -0.740157 -0.503937 0.448819 
vn -0.96063 -0.259843 -0.0787402 
vn -0.992126 -0.0866142 0.102362 
vn -0.96063 0.0393701 0.275591 
vn -0.976378 0.228346 -0.023622 
vn -0.944882 -0.102362 0.299213 
vn -0.826772 0.259843 0.496063 
vn -0.850394 0.417323 0.322835 
vn -0.76378 -0.0393701 0.645669 
vn -0.653543 0.401575 0.637795 
vn -0.519685 0.755906 0.393701 
vn -0.858268 0.0787402 -0.511811 
vn -0.716535 -0.015748 -0.700787 
vn -0.559055 -0.110236 0.826772 
vn -0.456693 0.401575 0.795276 
vn -0.834646 0.0787402 0.543307 
vn 0.251969 -0.551181 -0.795276 
vn 0 -0.559055 -0.826772 
vn -0.480315 0.0787402 0.874016 
vn -0.496063 0.291339 0.818898 
vn 0.023622 0.173228 0.984252 
vn 0.023622 0.173228 0.984252 
vn 0.519685 0.338583 0.787402 
vn 0.00787402 0.393701 0.92126 
vn 0.00787402 0.393701 0.92126 
vn -0.299213 0.80315 0.519685 
vn -0.102362 0.984252 0.149606 
vn -0.503937 0.677165 0.527559 
vn 0.425197 0.874016 0.228346 
vn -0.015748 0.811024 0.582677 
vn -0.511811 0.472441 0.716535 
vn 0 0.590551 0.811024 
vn -0.015748 0.811024 0.582677 
vn 0.511811 0.519685 0.685039 
vn 0 0.590551 0.811024 
vn 0.480315 0.724409 0.496063 
vn 0.480315 -0.110236 0.874016 
vn 0.0393701 -0.102362 0.992126 
vn 0.464567 0.0629921 -0.88189 
vn -0.0314961 -0.00787402 -1 
vn -0.0314961 0.0393701 -1 
vn 0.448819 0.0944882 -0.889764 
vn -0.0314961 0.0787402 -1 
vn 0.425197 0.102362 -0.897638 
vn -0.0393701 0.0944882 -0.992126 
vn -0.0314961 -0.0866142 -1 
vn 0.448819 0.0314961 -0.897638 
vn 0.417323 -0.0393701 -0.905512 
vn -0.023622 -0.15748 -0.984252 
vn 0.409449 -0.110236 -0.905512 
vn 0.779528 0.0866142 -0.622047 
vn -0.015748 -0.251969 -0.968504 
vn -0.00787402 -0.496063 -0.874016 
vn 0.771654 0.102362 -0.629921 
vn 0.409449 -0.188976 -0.889764 
vn -0.015748 -0.251969 -0.968504 
vn -0.00787402 -0.385827 -0.92126 
vn 0.779528 0.0944882 -0.622047 
vn 0.937008 0.102362 -0.346457 
vn 0.771654 0.0944882 -0.629921 
vn -0.0314961 0.0708661 -1 
vn 0.401575 0.0866142 -0.913386 
vn -0.0314961 0 -1 
vn 0.385827 0.015748 -0.92126 
vn 0.354331 -0.0708661 -0.929134 
vn 0.748031 0.023622 -0.661417 
vn 0.771654 0.0393701 -0.637795 
vn 0.92126 0.0551181 -0.377953 
vn 0.929134 0.0866142 -0.346457 
vn 0.913386 0.0314961 -0.409449 
vn 0.976378 0.0472441 -0.212598 
vn 0.968504 0.0314961 -0.251969 
vn 0.889764 -0.0472441 -0.456693 
vn 0.96063 -0.0551181 -0.267717 
vn 1 0.023622 -0.0393701 
vn 0.984252 0.0708661 -0.165354 
vn 1 0.0393701 0.00787402 
vn 1 -0.0472441 -0.0551181 
vn 0.976378 0.00787402 0.220472 
vn 1 0.0472441 0.0629921 
vn 0.771654 0.0314961 -0.629921 
vn 0.787402 -0.00787402 -0.614173 
vn 0.771654 -0.0629921 -0.629921 
vn 0.401575 -0.307087 -0.866142 
vn 0.779528 0.0787402 -0.622047 
vn 0.937008 0.0866142 -0.338583 
vn 0.740157 -0.11811 -0.661417 
vn 0.929134 0.0787402 -0.354331 
vn 0.937008 0.0787402 -0.330709 
vn 0.929134 0.102362 -0.354331 
vn 0.984252 0.133858 -0.110236 
vn 0.385827 -0.409449 -0.826772 
vn -0.00787402 -0.496063 -0.874016 
vn 0.984252 0.11811 -0.11811 
vn 0.96063 0.204724 0.188976 
vn 0.976378 0.149606 0.173228 
vn 0.724409 -0.204724 -0.653543 
vn 0.984252 0.165354 -0.102362 
vn 0.92126 0.102362 -0.370079 
vn 0.929134 0.102362 -0.354331 
vn 0.984252 0.0944882 -0.141732 
vn 0.984252 0.110236 -0.141732 
vn 0.984252 0.11811 -0.149606 
vn 0.984252 0.110236 0.125984 
vn 0.992126 0.0787402 0.102362 
vn 0.905512 0.0393701 0.433071 
vn 0.866142 0.0944882 0.488189 
vn 0.937008 0 0.354331 
vn 0.984252 0.133858 0.141732 
vn 0.858268 0.149606 0.496063 
vn 0.015748 0.314961 0.944882 
vn 0.307087 0.212598 0.929134 
vn 0.023622 0.19685 0.976378 
vn 0.015748 0.314961 0.944882 
vn 0.370079 0.11811 0.92126 
vn 0.023622 0.102362 0.992126 
vn 0.401575 0.023622 0.913386 
vn 0.259843 0.330709 0.905512 
vn 0.00787402 0.433071 0.905512 
vn 0.622047 0.141732 0.771654 
vn 0.677165 0.0629921 0.732283 
vn 0.00787402 0.433071 0.905512 
vn -0.0314961 0.937008 0.354331 
vn 0 0.590551 0.80315 
vn -0.0551181 0.968504 -0.244094 
vn -0.0314961 0.937008 0.354331 
vn 0.19685 0.590551 0.787402 
vn 0 0.590551 0.80315 
vn 0.220472 0.913386 0.346457 
vn -0.0551181 0.968504 -0.244094 
vn 0.204724 0.440945 0.874016 
vn 0.0314961 0 1 
vn 0.740157 0 0.669291 
vn 0.76378 -0.0393701 0.645669 
vn 0.425197 -0.0472441 0.905512 
vn 0.976378 -0.0472441 0.220472 
vn 0.795276 -0.0314961 0.606299 
vn 0.96063 0.015748 0.275591 
vn 0.771654 -0.023622 0.637795 
vn 0.0314961 -0.0708661 1 
vn 0.417323 -0.0787402 0.905512 
vn 0.0393701 -0.110236 0.992126 
vn 0.417323 -0.0551181 0.905512 
vn 0.0393701 -0.0787402 1 
vn 0.417323 -0.0708661 0.905512 
vn 0.0393701 -0.0944882 0.992126 
vn 0.590551 0.220472 0.779528 
vn 0.913386 0.0944882 -0.401575 
vn 0.968504 0.204724 -0.125984 
vn 0.795276 0.448819 0.409449 
vn 0.850394 0.519685 0.0944882 
vn 0.905512 0.362205 0.220472 
vn 0.937008 0.267717 0.228346 
vn 0.834646 0.322835 0.440945 
vn 0.944882 0.299213 -0.141732 
vn 0.905512 0.0866142 -0.409449 
vn 0.905512 0.346457 -0.23622 
vn 0.173228 0.952756 -0.244094 
vn 0.535433 0.80315 0.275591 
vn 0.425197 0.866142 -0.244094 
vn 0.708661 0.677165 0.188976 
vn 0.590551 0.519685 0.614173 
vn 0.787402 0.582677 -0.188976 
vn 0.622047 0.755906 -0.212598 
vn 0.850394 0.188976 0.488189 
vn 0.858268 0.251969 0.448819 
vn 0.590551 0.314961 0.740157 
vn 0.590551 0.409449 0.700787 
vn 0.818898 -0.0866142 0.574803 
vn 0.76378 -0.370079 -0.527559 
vn 0.346457 -0.629921 -0.692913 
vn 0.0314961 0.275591 -0.96063 
vn -0.0708661 -0.307087 -0.944882 
vn -0.244094 0.188976 -0.952756 
vn 0.992126 0.11811 -0.0551181 
vn 0.748031 0.645669 0.133858 
vn 0.944882 0.322835 -0.0866142 
vn 0.858268 0.338583 -0.377953 
vn 0.811024 0.566929 0.125984 
vn 0.188976 -0.212598 -0.96063 
vn 0.716535 -0.338583 -0.614173 
vn 0.858268 0.511811 -0.0551181 
vn 0.889764 0.370079 -0.259843 
vn 0.913386 0.307087 -0.267717 
vn 0.582677 -0.535433 -0.606299 
vn 0.897638 0.354331 -0.275591 
vn 0.551181 0.275591 -0.787402 
vn 0.362205 -0.566929 -0.740157 
vn 0.409449 -0.858268 -0.314961 
vn 0.15748 -0.677165 -0.716535 
vn 0.787402 0.440945 -0.433071 
vn 0.929134 -0.015748 -0.370079 
vn 0.566929 -0.732283 -0.385827 
vn 0.559055 -0.818898 0.141732 
vn 0.535433 -0.559055 -0.629921 
vn 0.84252 0.448819 -0.291339 
vn 0.661417 0.732283 -0.149606 
vn 0.826772 0.181102 -0.527559 
vn 0.80315 0.527559 -0.283465 
vn 0.889764 0.149606 -0.440945 
vn 0 0.653543 -0.755906 
vn 0.866142 -0.259843 -0.433071 
vn 0.527559 0.519685 -0.669291 
vn 0.874016 -0.212598 -0.433071 
vn -0.299213 0.645669 -0.700787 
vn 0.0866142 0.929134 -0.370079 
vn -0.188976 0.937008 -0.299213 
vn 0.244094 0.968504 0.0393701 
vn 0.023622 0.992126 0.141732 
vn 0.748031 0.669291 0.0393701 
vn 0.582677 0.708661 -0.401575 
vn 0.811024 -0.11811 -0.574803 
vn 0.84252 -0.0472441 -0.535433 
vn 0.653543 0.748031 -0.11811 
vn 0.606299 0 -0.795276 
vn 0.866142 0.480315 -0.133858 
vn 0.708661 -0.220472 -0.669291 
vn 0.850394 -0.314961 -0.425197 
vn 0.92126 0.220472 -0.322835 
vn 0.929134 0.0787402 -0.354331 
vn 0.937008 0.204724 -0.283465 
vn 0.88189 -0.220472 -0.409449 
vn 0.724409 -0.685039 0.0393701 
vn 0.645669 0.543307 -0.535433 
vn 0.755906 0.385827 -0.527559 
vn 0.944882 -0.299213 -0.149606 
vn 0.811024 -0.433071 0.401575 
vn 0.629921 0.322835 -0.708661 
vn 0.976378 0.0629921 -0.204724 
vn 0.937008 0.212598 -0.275591 
vn 0.897638 0.267717 -0.354331 
vn 0.76378 0.645669 0.0393701 
vn 0.669291 0.0472441 -0.740157 
vn 0.472441 0.80315 0.362205 
vn 0.897638 0.322835 -0.299213 
vn 0.811024 0.15748 -0.566929 
vn 0.992126 -0.110236 0.023622 
vn 0.976378 0.15748 0.149606 
vn 0.874016 0.456693 0.165354 
vn 0.716535 -0.0551181 -0.692913 
vn 0.653543 -0.338583 -0.677165 
vn 0.566929 -0.511811 -0.645669 
vn 0.84252 -0.299213 -0.456693 
vn 0.76378 -0.464567 -0.448819 
vn 0.937008 -0.244094 -0.244094 
vn 0.440945 -0.141732 0.889764 
vn 0.0393701 -0.181102 0.984252 
vn 0.818898 -0.110236 0.566929 
vn 0.527559 0.125984 0.84252 
vn 0.968504 -0.0866142 0.251969 
vn 0.850394 0 0.527559 
vn 0.259843 0.826772 0.503937 
vn 0.653543 0.464567 0.590551 
vn 0.472441 0.448819 0.76378 
vn 0.80315 0.0314961 0.598425 
vn 0.614173 -0.0551181 0.787402 
vn 0.629921 -0.543307 0.551181 
vn 0.826772 0.496063 0.275591 
vn 0.826772 0.338583 0.440945 
vn 0.858268 0.15748 0.488189 
vn 0.929134 -0.322835 -0.173228 
vn 0.984252 -0.149606 0.0629921 
vn 0.984252 -0.15748 0 
vn 0.787402 -0.433071 -0.440945 
vn 0.976378 -0.173228 -0.141732 
vn 1 0.00787402 0.0393701 
vn 0.968504 0.125984 0.212598 
vn 0.968504 -0.00787402 0.244094 
vn 0.976378 0.149606 -0.15748 
vn 0.818898 0.275591 -0.503937 
vn 0.944882 0.322835 -0.0787402 
vn 0.968504 0.220472 -0.141732 
vn 0.968504 0.228346 0.0629921 

vt 0.537705 0.426193 
vt 0.527954 0.402695 
vt 0.541443 0.404449 
vt 0.545197 0.382706 
vt 0.530197 0.380096 
vt 0.549194 0.427505 
vt 0.53685 0.452499 
vt 0.546906 0.453445 
vt 0.535996 0.478805 
vt 0.544601 0.479401 
vt 0.536896 0.506042 
vt 0.544952 0.506348 
vt 0.545303 0.533295 
vt 0.526596 0.478607 
vt 0.525696 0.425293 
vt 0.526154 0.45195 
vt 0.537796 0.533295 
vt 0.538498 0.559097 
vt 0.546143 0.559097 
vt 0.554398 0.40625 
vt 0.559006 0.428696 
vt 0.555695 0.454452 
vt 0.538101 0.342499 
vt 0.552399 0.480194 
vt 0.552445 0.507004 
vt 0.552506 0.533798 
vt 0.554092 0.559647 
vt 0.529099 0.667297 
vt 0.527496 0.634994 
vt 0.535996 0.635895 
vt 0.546448 0.611252 
vt 0.537598 0.610397 
vt 0.539703 0.671005 
vt 0.545898 0.637604 
vt 0.520004 0.687607 
vt 0.520203 0.664902 
vt 0.5298 0.692993 
vt 0.529755 0.610107 
vt 0.5392 0.5849 
vt 0.531998 0.585205 
vt 0.5121 0.662903 
vt 0.511505 0.683304 
vt 0.502899 0.678894 
vt 0.546997 0.5849 
vt 0.556595 0.612747 
vt 0.557495 0.639999 
vt 0.555695 0.585495 
vt 0.542893 0.700394 
vt 0.552902 0.676407 
vt 0.515701 0.452255 
vt 0.514099 0.425293 
vt 0.514801 0.401504 
vt 0.517304 0.479202 
vt 0.519852 0.507202 
vt 0.530197 0.534103 
vt 0.5224 0.535202 
vt 0.510696 0.508301 
vt 0.502502 0.425796 
vt 0.502304 0.401245 
vt 0.515503 0.377701 
vt 0.504852 0.453003 
vt 0.507202 0.480194 
vt 0.528397 0.506348 
vt 0.521195 0.337295 
vt 0.505707 0.334595 
vt 0.528595 0.303299 
vt 0.514206 0.536407 
vt 0.511398 0.633102 
vt 0.522247 0.610001 
vt 0.519898 0.634293 
vt 0.513901 0.60965 
vt 0.524597 0.585693 
vt 0.516403 0.586197 
vt 0.523499 0.560455 
vt 0.502899 0.659302 
vt 0.515305 0.561295 
vt 0.5121 0.662903 
vt 0.511398 0.633102 
vt 0.502899 0.659302 
vt 0.522247 0.610001 
vt 0.513901 0.60965 
vt 0.531097 0.559647 
vt 0.559753 0.508102 
vt 0.548996 0.311493 
vt 0.556397 0.348404 
vt 0.559601 0.384994 
vt 0.574005 0.355301 
vt 0.570602 0.3228 
vt 0.565552 0.408493 
vt 0.572098 0.388306 
vt 0.575501 0.411346 
vt 0.5681 0.430801 
vt 0.589798 0.335007 
vt 0.588196 0.362793 
vt 0.604202 0.346695 
vt 0.598496 0.369293 
vt 0.582901 0.391907 
vt 0.613907 0.356293 
vt 0.621002 0.364593 
vt 0.5923 0.396606 
vt 0.562149 0.560348 
vt 0.564056 0.456253 
vt 0.564804 0.586197 
vt 0.570694 0.642502 
vt 0.567749 0.614349 
vt 0.559998 0.481705 
vt 0.559494 0.5345 
vt 0.578247 0.61525 
vt 0.583206 0.643494 
vt 0.570404 0.683304 
vt 0.585495 0.679092 
vt 0.582199 0.696793 
vt 0.569702 0.561356 
vt 0.573303 0.587006 
vt 0.594101 0.644501 
vt 0.606903 0.376205 
vt 0.571503 0.458496 
vt 0.576004 0.433502 
vt 0.567001 0.483505 
vt 0.566544 0.509598 
vt 0.578644 0.4608 
vt 0.5867 0.463104 
vt 0.5737 0.485107 
vt 0.583603 0.436493 
vt 0.581497 0.486496 
vt 0.573257 0.510803 
vt 0.628799 0.373093 
vt 0.584152 0.415054 
vt 0.592194 0.418945 
vt 0.615494 0.383301 
vt 0.6008 0.401398 
vt 0.566101 0.535706 
vt 0.5728 0.536499 
vt 0.577148 0.561844 
vt 0.580795 0.511597 
vt 0.580093 0.536697 
vt 0.584946 0.561645 
vt 0.581497 0.587204 
vt 0.587799 0.615845 
vt 0.597 0.684998 
vt 0.604401 0.644302 
vt 0.597107 0.615448 
vt 0.589798 0.586594 
vt 0.609207 0.688507 
vt 0.4935 0.6716 
vt 0.479004 0.742706 
vt 0.481598 0.724503 
vt 0.490906 0.730698 
vt 0.490799 0.712097 
vt 0.496002 0.736893 
vt 0.482101 0.747406 
vt 0.496399 0.744797 
vt 0.483597 0.7556 
vt 0.588196 0.203094 
vt 0.585297 0.243301 
vt 0.571701 0.212707 
vt 0.494507 0.751007 
vt 0.485703 0.7603 
vt 0.467194 0.737305 
vt 0.473099 0.763107 
vt 0.486496 0.762695 
vt 0.492905 0.754501 
vt 0.6129 0.222702 
vt 0.492905 0.758408 
vt 0.552399 0.2453 
vt 0.499405 0.718994 
vt 0.553803 0.212295 
vt 0.519699 0.230194 
vt 0.537705 0.204407 
vt 0.503403 0.748093 
vt 0.498596 0.755295 
vt 0.500504 0.752502 
vt 0.552094 0.275604 
vt 0.505005 0.259994 
vt 0.501404 0.758194 
vt 0.494904 0.763306 
vt 0.593903 0.186005 
vt 0.563202 0.178406 
vt 0.593308 0.170303 
vt 0.584793 0.154495 
vt 0.625305 0.157593 
vt 0.629303 0.188797 
vt 0.479507 0.7771 
vt 0.488495 0.768906 
vt 0.605606 0.128693 
vt 0.498993 0.768097 
vt 0.4935 0.773498 
vt 0.492798 0.771194 
vt 0.531097 0.189697 
vt 0.552704 0.146103 
vt 0.538696 0.153702 
vt 0.570999 0.144196 
vt 0.493301 0.775803 
vt 0.501999 0.770401 
vt 0.5047 0.771805 
vt 0.577301 0.1147 
vt 0.511704 0.777695 
vt 0.493897 0.783096 
vt 0.470795 0.716003 
vt 0.485703 0.770294 
vt 0.481094 0.703201 
vt 0.484207 0.771194 
vt 0.456604 0.729996 
vt 0.458206 0.705002 
vt 0.458206 0.705002 
vt 0.481094 0.703201 
vt 0.469406 0.692795 
vt 0.469406 0.692795 
vt 0.456604 0.729996 
vt 0.444794 0.719894 
vt 0.444794 0.719894 
vt 0.488098 0.764008 
vt 0.605103 0.269806 
vt 0.643005 0.235702 
vt 0.659103 0.190002 
vt 0.491592 0.690704 
vt 0.491592 0.690704 
vt 0.481506 0.680801 
vt 0.481506 0.680801 
vt 0.467499 0.780807 
vt 0.477493 0.796295 
vt 0.464905 0.798004 
vt 0.494598 0.795502 
vt 0.476898 0.808899 
vt 0.495606 0.808502 
vt 0.463898 0.809402 
vt 0.477493 0.796295 
vt 0.467499 0.780807 
vt 0.464905 0.798004 
vt 0.476898 0.808899 
vt 0.495606 0.808502 
vt 0.494598 0.795502 
vt 0.463898 0.809402 
vt 0.620697 0.099899 
vt 0.652206 0.138702 
vt 0.519394 0.7901 
vt 0.524597 0.802994 
vt 0.524597 0.802994 
vt 0.530808 0.172607 
vt 0.506393 0.726395 
vt 0.509399 0.704407 
vt 0.5112 0.736893 
vt 0.523697 0.743607 
vt 0.510407 0.752106 
vt 0.505295 0.7556 
vt 0.501007 0.697906 
vt 0.473404 0.218002 
vt 0.4982 0.202499 
vt 0.518295 0.711197 
vt 0.529404 0.719803 
vt 0.543304 0.729294 
vt 0.512299 0.761795 
vt 0.558502 0.709305 
vt 0.557404 0.740601 
vt 0.531006 0.759293 
vt 0.497406 0.166199 
vt 0.512207 0.136307 
vt 0.542496 0.118195 
vt 0.506805 0.762604 
vt 0.503494 0.762802 
vt 0.464996 0.169998 
vt 0.483398 0.121002 
vt 0.573303 0.718903 
vt 0.502899 0.678894 
vt 0.4935 0.6716 
vt 0.593903 0.706497 
vt 0.5867 0.729599 
vt 0.607605 0.711899 
vt 0.607605 0.711899 
vt 0.5867 0.729599 
vt 0.600098 0.737701 
vt 0.600098 0.737701 
vt 0.525299 0.088592 
vt 0.573395 0.081802 
vt 0.546997 0.774307 
vt 0.519394 0.7901 
vt 0.556595 0.787796 
vt 0.571594 0.753097 
vt 0.583603 0.764206 
vt 0.556595 0.787796 
vt 0.571594 0.753097 
vt 0.583603 0.764206 
vt 0.546997 0.774307 
vt 0.597 0.684998 
vt 0.609207 0.688507 
vt 0.517304 0.479202 
vt 0.504852 0.453003 
vt 0.507202 0.480194 
vt 0.519852 0.507202 
vt 0.510696 0.508301 
vt 0.5224 0.535202 
vt 0.514206 0.536407 
vt 0.502502 0.425796 
vt 0.515701 0.452255 
vt 0.514099 0.425293 
vt 0.502304 0.401245 
vt 0.514801 0.401504 
vt 0.526596 0.478607 
vt 0.502106 0.376694 
vt 0.510605 0.299194 
vt 0.530197 0.534103 
vt 0.515503 0.377701 
vt 0.502106 0.376694 
vt 0.505707 0.334595 
vt 0.528397 0.506348 
vt 0.537796 0.533295 
vt 0.531097 0.559647 
vt 0.515305 0.561295 
vt 0.523499 0.560455 
vt 0.516403 0.586197 
vt 0.524597 0.585693 
vt 0.519898 0.634293 
vt 0.529755 0.610107 
vt 0.531998 0.585205 
vt 0.5392 0.5849 
vt 0.538498 0.559097 
vt 0.537598 0.610397 
vt 0.546997 0.5849 
vt 0.546448 0.611252 
vt 0.535996 0.635895 
vt 0.545898 0.637604 
vt 0.556595 0.612747 
vt 0.546143 0.559097 
vt 0.555695 0.585495 
vt 0.557495 0.639999 
vt 0.567749 0.614349 
vt 0.554092 0.559647 
vt 0.525696 0.425293 
vt 0.527954 0.402695 
vt 0.530197 0.380096 
vt 0.521195 0.337295 
vt 0.526154 0.45195 
vt 0.537705 0.426193 
vt 0.538101 0.342499 
vt 0.545197 0.382706 
vt 0.541443 0.404449 
vt 0.53685 0.452499 
vt 0.549194 0.427505 
vt 0.528595 0.303299 
vt 0.510605 0.299194 
vt 0.546906 0.453445 
vt 0.559006 0.428696 
vt 0.555695 0.454452 
vt 0.548996 0.311493 
vt 0.554398 0.40625 
vt 0.535996 0.478805 
vt 0.536896 0.506042 
vt 0.545303 0.533295 
vt 0.544952 0.506348 
vt 0.544601 0.479401 
vt 0.552445 0.507004 
vt 0.552506 0.533798 
vt 0.559494 0.5345 
vt 0.559753 0.508102 
vt 0.562149 0.560348 
vt 0.552399 0.480194 
vt 0.559998 0.481705 
vt 0.591904 0.439697 
vt 0.578644 0.4608 
vt 0.5867 0.463104 
vt 0.591904 0.439697 
vt 0.5737 0.485107 
vt 0.581497 0.486496 
vt 0.573257 0.510803 
vt 0.583603 0.436493 
vt 0.600494 0.423294 
vt 0.567001 0.483505 
vt 0.566544 0.509598 
vt 0.600494 0.423294 
vt 0.623398 0.391205 
vt 0.6091 0.406906 
vt 0.636704 0.382507 
vt 0.623398 0.391205 
vt 0.6008 0.401398 
vt 0.6091 0.406906 
vt 0.615494 0.383301 
vt 0.636704 0.382507 
vt 0.592194 0.418945 
vt 0.580795 0.511597 
vt 0.566101 0.535706 
vt 0.569702 0.561356 
vt 0.5728 0.536499 
vt 0.570694 0.642502 
vt 0.578247 0.61525 
vt 0.564804 0.586197 
vt 0.573303 0.587006 
vt 0.580093 0.536697 
vt 0.577148 0.561844 
vt 0.584946 0.561645 
vt 0.581497 0.587204 
vt 0.589798 0.586594 
vt 0.587799 0.615845 
vt 0.597107 0.615448 
vt 0.571503 0.458496 
vt 0.556397 0.348404 
vt 0.559601 0.384994 
vt 0.582901 0.391907 
vt 0.588196 0.362793 
vt 0.572098 0.388306 
vt 0.565552 0.408493 
vt 0.575501 0.411346 
vt 0.574005 0.355301 
vt 0.570602 0.3228 
vt 0.589798 0.335007 
vt 0.628799 0.373093 
vt 0.606903 0.376205 
vt 0.621002 0.364593 
vt 0.598496 0.369293 
vt 0.5923 0.396606 
vt 0.604202 0.346695 
vt 0.613907 0.356293 
vt 0.564056 0.456253 
vt 0.5681 0.430801 
vt 0.576004 0.433502 
vt 0.584152 0.415054 
vt 0.583206 0.643494 
vt 0.467194 0.737305 
vt 0.470795 0.716003 
vt 0.629303 0.188797 
vt 0.643005 0.235702 
vt 0.659103 0.190002 
vt 0.485703 0.770294 
vt 0.485703 0.7603 
vt 0.484207 0.771194 
vt 0.488098 0.764008 
vt 0.486496 0.762695 
vt 0.6129 0.222702 
vt 0.481598 0.724503 
vt 0.473099 0.763107 
vt 0.483597 0.7556 
vt 0.482101 0.747406 
vt 0.490799 0.712097 
vt 0.479507 0.7771 
vt 0.593903 0.186005 
vt 0.585297 0.243301 
vt 0.552094 0.275604 
vt 0.605103 0.269806 
vt 0.492905 0.758408 
vt 0.488495 0.768906 
vt 0.552399 0.2453 
vt 0.505005 0.259994 
vt 0.501007 0.697906 
vt 0.494507 0.751007 
vt 0.492905 0.754501 
vt 0.494904 0.763306 
vt 0.493897 0.783096 
vt 0.493301 0.775803 
vt 0.625305 0.157593 
vt 0.492798 0.771194 
vt 0.593308 0.170303 
vt 0.4935 0.773498 
vt 0.652206 0.138702 
vt 0.605606 0.128693 
vt 0.620697 0.099899 
vt 0.577301 0.1147 
vt 0.573395 0.081802 
vt 0.511704 0.777695 
vt 0.584793 0.154495 
vt 0.498993 0.768097 
vt 0.501999 0.770401 
vt 0.570999 0.144196 
vt 0.588196 0.203094 
vt 0.479004 0.742706 
vt 0.571701 0.212707 
vt 0.553803 0.212295 
vt 0.496399 0.744797 
vt 0.490906 0.730698 
vt 0.496002 0.736893 
vt 0.499405 0.718994 
vt 0.519699 0.230194 
vt 0.498596 0.755295 
vt 0.500504 0.752502 
vt 0.537705 0.204407 
vt 0.4982 0.202499 
vt 0.501404 0.758194 
vt 0.506393 0.726395 
vt 0.503403 0.748093 
vt 0.563202 0.178406 
vt 0.552704 0.146103 
vt 0.503494 0.762802 
vt 0.542496 0.118195 
vt 0.5047 0.771805 
vt 0.506805 0.762604 
vt 0.531097 0.189697 
vt 0.530808 0.172607 
vt 0.538696 0.153702 
vt 0.527496 0.634994 
vt 0.520203 0.664902 
vt 0.511505 0.683304 
vt 0.529099 0.667297 
vt 0.520004 0.687607 
vt 0.539703 0.671005 
vt 0.594101 0.644501 
vt 0.604401 0.644302 
vt 0.585495 0.679092 
vt 0.593903 0.706497 
vt 0.570404 0.683304 
vt 0.582199 0.696793 
vt 0.525299 0.088592 
vt 0.512207 0.136307 
vt 0.483398 0.121002 
vt 0.497406 0.166199 
vt 0.464996 0.169998 
vt 0.473404 0.218002 
vt 0.531006 0.759293 
vt 0.557404 0.740601 
vt 0.573303 0.718903 
vt 0.5298 0.692993 
vt 0.542893 0.700394 
vt 0.552902 0.676407 
vt 0.509399 0.704407 
vt 0.518295 0.711197 
vt 0.529404 0.719803 
vt 0.543304 0.729294 
vt 0.558502 0.709305 
vt 0.5112 0.736893 
vt 0.505295 0.7556 
vt 0.512299 0.761795 
vt 0.510407 0.752106 
vt 0.523697 0.743607 

usemtl Tail1Mtl

f 817/817/817 818/818/818 819/819/819 
f 819/819/819 841/841/841 817/817/817 
f 818/818/818 817/817/817 826/826/826 
f 828/828/828 819/819/819 818/818/818 
f 840/840/840 826/826/826 817/817/817 
f 817/817/817 841/841/841 840/840/840 
f 826/826/826 876/876/876 818/818/818 
f 836/836/836 818/818/818 876/876/876 
f 818/818/818 836/836/836 828/828/828 
f 876/876/876 826/826/826 877/877/877 
f 837/837/837 828/828/828 836/836/836 
f 845/845/845 877/877/877 826/826/826 
f 826/826/826 840/840/840 845/845/845 
f 877/877/877 845/845/845 878/878/878 
f 842/842/842 845/845/845 840/840/840 
f 840/840/840 841/841/841 842/842/842 
f 844/844/844 878/878/878 845/845/845 
f 845/845/845 842/842/842 844/844/844 
f 878/878/878 844/844/844 898/898/898 
f 843/843/843 844/844/844 842/842/842 
f 842/842/842 841/841/841 843/843/843 
f 848/848/848 898/898/898 844/844/844 
f 844/844/844 843/843/843 848/848/848 
f 898/898/898 848/848/848 897/897/897 
f 855/855/855 848/848/848 843/843/843 
f 843/843/843 841/841/841 855/855/855 
f 859/859/859 897/897/897 848/848/848 
f 848/848/848 855/855/855 859/859/859 
f 897/897/897 859/859/859 937/937/937 
f 853/853/853 859/859/859 855/855/855 
f 855/855/855 841/841/841 853/853/853 
f 921/921/921 937/937/937 859/859/859 
f 859/859/859 853/853/853 921/921/921 
f 937/937/937 921/921/921 936/936/936 
f 854/854/854 921/921/921 853/853/853 
f 853/853/853 841/841/841 854/854/854 
f 920/920/920 936/936/936 921/921/921 
f 921/921/921 854/854/854 920/920/920 
f 936/936/936 920/920/920 925/925/925 
f 902/902/902 920/920/920 854/854/854 
f 854/854/854 841/841/841 902/902/902 
f 919/919/919 925/925/925 920/920/920 
f 920/920/920 902/902/902 919/919/919 
f 925/925/925 919/919/919 924/924/924 
f 902/902/902 841/841/841 852/852/852 
f 852/852/852 919/919/919 902/902/902 
f 911/911/911 924/924/924 919/919/919 
f 919/919/919 852/852/852 911/911/911 
f 924/924/924 911/911/911 910/910/910 
f 852/852/852 841/841/841 832/832/832 
f 832/832/832 911/911/911 852/852/852 
f 832/832/832 841/841/841 830/830/830 
f 830/830/830 841/841/841 819/819/819 
f 819/819/819 828/828/828 830/830/830 
f 830/830/830 831/831/831 832/832/832 
f 911/911/911 832/832/832 831/831/831 
f 831/831/831 830/830/830 828/828/828 
f 831/831/831 910/910/910 911/911/911 
f 828/828/828 837/837/837 831/831/831 
f 910/910/910 831/831/831 837/837/837 
f 1082/1082/1082 1083/1083/1083 1084/1084/1084 
f 1083/1083/1083 1082/1082/1082 1090/1090/1090 
f 1090/1090/1090 1100/1100/1100 1083/1083/1083 
f 1084/1084/1084 1111/1111/1111 1082/1082/1082 
f 1111/1111/1111 1084/1084/1084 1115/1115/1115 
f 1097/1097/1097 1090/1090/1090 1082/1082/1082 
f 1113/1113/1113 1082/1082/1082 1111/1111/1111 
f 1082/1082/1082 1113/1113/1113 1097/1097/1097 
f 1115/1115/1115 1116/1116/1116 1111/1111/1111 
f 1116/1116/1116 1115/1115/1115 1117/1117/1117 
f 1111/1111/1111 1121/1121/1121 1113/1113/1113 
f 1121/1121/1121 1111/1111/1111 1116/1116/1116 
f 1113/1113/1113 1141/1141/1141 1097/1097/1097 
f 1121/1121/1121 1141/1141/1141 1113/1113/1113 
f 1090/1090/1090 1097/1097/1097 1125/1125/1125 
f 1097/1097/1097 1141/1141/1141 1125/1125/1125 
f 1100/1100/1100 1090/1090/1090 1098/1098/1098 
f 1125/1125/1125 1098/1098/1098 1090/1090/1090 
f 1098/1098/1098 1099/1099/1099 1100/1100/1100 
f 1098/1098/1098 1125/1125/1125 1127/1127/1127 
f 1125/1125/1125 1141/1141/1141 1127/1127/1127 
f 1099/1099/1099 1098/1098/1098 1103/1103/1103 
f 1127/1127/1127 1103/1103/1103 1098/1098/1098 
f 1103/1103/1103 1104/1104/1104 1099/1099/1099 
f 1103/1103/1103 1127/1127/1127 1128/1128/1128 
f 1127/1127/1127 1141/1141/1141 1128/1128/1128 
f 1104/1104/1104 1103/1103/1103 1133/1133/1133 
f 1128/1128/1128 1133/1133/1133 1103/1103/1103 
f 1133/1133/1133 1167/1167/1167 1104/1104/1104 
f 1133/1133/1133 1128/1128/1128 1136/1136/1136 
f 1128/1128/1128 1141/1141/1141 1136/1136/1136 
f 1167/1167/1167 1133/1133/1133 1137/1137/1137 
f 1136/1136/1136 1137/1137/1137 1133/1133/1133 
f 1137/1137/1137 1166/1166/1166 1167/1167/1167 
f 1137/1137/1137 1136/1136/1136 1147/1147/1147 
f 1136/1136/1136 1141/1141/1141 1147/1147/1147 
f 1166/1166/1166 1137/1137/1137 1165/1165/1165 
f 1147/1147/1147 1165/1165/1165 1137/1137/1137 
f 1165/1165/1165 1164/1164/1164 1166/1166/1166 
f 1165/1165/1165 1147/1147/1147 1148/1148/1148 
f 1147/1147/1147 1141/1141/1141 1148/1148/1148 
f 1164/1164/1164 1165/1165/1165 1163/1163/1163 
f 1148/1148/1148 1163/1163/1163 1165/1165/1165 
f 1163/1163/1163 1162/1162/1162 1164/1164/1164 
f 1148/1148/1148 1141/1141/1141 1149/1149/1149 
f 1163/1163/1163 1148/1148/1148 1149/1149/1149 
f 1162/1162/1162 1163/1163/1163 1144/1144/1144 
f 1149/1149/1149 1144/1144/1144 1163/1163/1163 
f 1144/1144/1144 1119/1119/1119 1162/1162/1162 
f 1149/1149/1149 1141/1141/1141 1142/1142/1142 
f 1144/1144/1144 1149/1149/1149 1142/1142/1142 
f 1119/1119/1119 1144/1144/1144 1118/1118/1118 
f 1142/1142/1142 1118/1118/1118 1144/1144/1144 
f 1118/1118/1118 1117/1117/1117 1119/1119/1119 
f 1117/1117/1117 1118/1118/1118 1116/1116/1116 
f 1118/1118/1118 1142/1142/1142 1124/1124/1124 
f 1142/1142/1142 1141/1141/1141 1124/1124/1124 
f 1124/1124/1124 1116/1116/1116 1118/1118/1118 
f 1124/1124/1124 1141/1141/1141 1121/1121/1121 
f 1116/1116/1116 1124/1124/1124 1121/1121/1121 
f 890/890/890 891/891/891 892/892/892 
f 893/893/893 892/892/892 896/896/896 
f 892/892/892 893/893/893 890/890/890 
f 894/894/894 890/890/890 893/893/893 
f 891/891/891 890/890/890 1096/1096/1096 
f 890/890/890 894/894/894 895/895/895 
f 895/895/895 1096/1096/1096 890/890/890 
f 900/900/900 895/895/895 894/894/894 
f 1096/1096/1096 1092/1092/1092 891/891/891 
f 895/895/895 900/900/900 939/939/939 
f 940/940/940 939/939/939 900/900/900 
f 939/939/939 1109/1109/1109 895/895/895 
f 1096/1096/1096 895/895/895 1109/1109/1109 
f 939/939/939 940/940/940 946/946/946 
f 945/945/945 946/946/946 940/940/940 
f 1109/1109/1109 939/939/939 1120/1120/1120 
f 946/946/946 1120/1120/1120 939/939/939 
f 946/946/946 945/945/945 944/944/944 
f 934/934/934 944/944/944 945/945/945 
f 1120/1120/1120 946/946/946 1168/1168/1168 
f 944/944/944 1168/1168/1168 946/946/946 
f 944/944/944 934/934/934 933/933/933 
f 932/932/932 933/933/933 934/934/934 
f 933/933/933 1169/1169/1169 944/944/944 
f 1168/1168/1168 944/944/944 1169/1169/1169 
f 933/933/933 932/932/932 1159/1159/1159 
f 1169/1169/1169 933/933/933 1170/1170/1170 
f 1159/1159/1159 1170/1170/1170 933/933/933 
f 932/932/932 947/947/947 1159/1159/1159 
f 947/947/947 932/932/932 948/948/948 
f 1157/1157/1157 947/947/947 948/948/948 
f 947/947/947 1157/1157/1157 1156/1156/1156 
f 1056/1056/1056 1156/1156/1156 1157/1157/1157 
f 1156/1156/1156 1056/1056/1056 1055/1055/1055 
f 1156/1156/1156 1158/1158/1158 947/947/947 
f 1158/1158/1158 1159/1159/1159 947/947/947 
f 1055/1055/1055 1079/1079/1079 1156/1156/1156 
f 1158/1158/1158 1156/1156/1156 1079/1079/1079 
f 1079/1079/1079 1055/1055/1055 1047/1047/1047 
f 1047/1047/1047 1046/1046/1046 1079/1079/1079 
f 1160/1160/1160 1079/1079/1079 1046/1046/1046 
f 1079/1079/1079 1160/1160/1160 1158/1158/1158 
f 1159/1159/1159 1158/1158/1158 1161/1161/1161 
f 1158/1158/1158 1160/1160/1160 1161/1161/1161 
f 1170/1170/1170 1159/1159/1159 1161/1161/1161 
f 1160/1160/1160 1170/1170/1170 1161/1161/1161 
f 1170/1170/1170 1160/1160/1160 1178/1178/1178 
f 1173/1173/1173 1178/1178/1178 1160/1160/1160 
f 1178/1178/1178 1173/1173/1173 1172/1172/1172 
f 1177/1177/1177 1170/1170/1170 1178/1178/1178 
f 1172/1172/1172 1177/1177/1177 1178/1178/1178 
f 1170/1170/1170 1177/1177/1177 1169/1169/1169 
f 1177/1177/1177 1172/1172/1172 1176/1176/1176 
f 1172/1172/1172 1175/1175/1175 1176/1176/1176 
f 1183/1183/1183 1169/1169/1169 1177/1177/1177 
f 1176/1176/1176 1183/1183/1183 1177/1177/1177 
f 1169/1169/1169 1183/1183/1183 1168/1168/1168 
f 1175/1175/1175 1179/1179/1179 1176/1176/1176 
f 1183/1183/1183 1176/1176/1176 1179/1179/1179 
f 1179/1179/1179 1175/1175/1175 1139/1139/1139 
f 1139/1139/1139 1129/1129/1129 1179/1179/1179 
f 1140/1140/1140 1183/1183/1183 1179/1179/1179 
f 1129/1129/1129 1140/1140/1140 1179/1179/1179 
f 1183/1183/1183 1181/1181/1181 1168/1168/1168 
f 1183/1183/1183 1140/1140/1140 1182/1182/1182 
f 1181/1181/1181 1183/1183/1183 1182/1182/1182 
f 1140/1140/1140 1180/1180/1180 1182/1182/1182 
f 1180/1180/1180 1181/1181/1181 1182/1182/1182 
f 1145/1145/1145 1168/1168/1168 1181/1181/1181 
f 1168/1168/1168 1145/1145/1145 1120/1120/1120 
f 1110/1110/1110 1120/1120/1120 1145/1145/1145 
f 1120/1120/1120 1110/1110/1110 1109/1109/1109 
f 1181/1181/1181 1123/1123/1123 1145/1145/1145 
f 1123/1123/1123 1110/1110/1110 1145/1145/1145 
f 1123/1123/1123 1181/1181/1181 1146/1146/1146 
f 1181/1181/1181 1180/1180/1180 1146/1146/1146 
f 1087/1087/1087 1109/1109/1109 1110/1110/1110 
f 1109/1109/1109 1087/1087/1087 1096/1096/1096 
f 1180/1180/1180 1143/1143/1143 1146/1146/1146 
f 1146/1146/1146 1122/1122/1122 1123/1123/1123 
f 1122/1122/1122 1146/1146/1146 1143/1143/1143 
f 1143/1143/1143 1180/1180/1180 1138/1138/1138 
f 1138/1138/1138 1122/1122/1122 1143/1143/1143 
f 1110/1110/1110 1123/1123/1123 1114/1114/1114 
f 1122/1122/1122 1114/1114/1114 1123/1123/1123 
f 1110/1110/1110 1085/1085/1085 1087/1087/1087 
f 1085/1085/1085 1110/1110/1110 1114/1114/1114 
f 1114/1114/1114 1122/1122/1122 1112/1112/1112 
f 1112/1112/1112 1085/1085/1085 1114/1114/1114 
f 1108/1108/1108 1112/1112/1112 1122/1122/1122 
f 1122/1122/1122 1138/1138/1138 1108/1108/1108 
f 1112/1112/1112 1108/1108/1108 1102/1102/1102 
f 1085/1085/1085 1112/1112/1112 1102/1102/1102 
f 1138/1138/1138 1101/1101/1101 1108/1108/1108 
f 1101/1101/1101 1102/1102/1102 1108/1108/1108 
f 1088/1088/1088 1085/1085/1085 1102/1102/1102 
f 1102/1102/1102 1101/1101/1101 1088/1088/1088 
f 1085/1085/1085 1088/1088/1088 1089/1089/1089 
f 1101/1101/1101 1089/1089/1089 1088/1088/1088 
f 1085/1085/1085 1086/1086/1086 1087/1087/1087 
f 1086/1086/1086 1085/1085/1085 1089/1089/1089 
f 1086/1086/1086 1096/1096/1096 1087/1087/1087 
f 1101/1101/1101 1138/1138/1138 1134/1134/1134 
f 1096/1096/1096 1086/1086/1086 1093/1093/1093 
f 1092/1092/1092 1096/1096/1096 1093/1093/1093 
f 1092/1092/1092 1093/1093/1093 1094/1094/1094 
f 1129/1129/1129 1094/1094/1094 1093/1093/1093 
f 1106/1106/1106 1093/1093/1093 1086/1086/1086 
f 1093/1093/1093 1106/1106/1106 1129/1129/1129 
f 1089/1089/1089 1106/1106/1106 1086/1086/1086 
f 1140/1140/1140 1129/1129/1129 1106/1106/1106 
f 1089/1089/1089 1101/1101/1101 1107/1107/1107 
f 1106/1106/1106 1089/1089/1089 1107/1107/1107 
f 1107/1107/1107 1140/1140/1140 1106/1106/1106 
f 1134/1134/1134 1107/1107/1107 1101/1101/1101 
f 1140/1140/1140 1107/1107/1107 1135/1135/1135 
f 1107/1107/1107 1134/1134/1134 1135/1135/1135 
f 1138/1138/1138 1135/1135/1135 1134/1134/1134 
f 1180/1180/1180 1140/1140/1140 1135/1135/1135 
f 1135/1135/1135 1138/1138/1138 1180/1180/1180 
f 912/912/912 905/905/905 903/903/903 
f 811/811/811 812/812/812 829/829/829 
f 813/813/813 829/829/829 903/903/903 
f 829/829/829 813/813/813 811/811/811 
f 903/903/903 815/815/815 813/813/813 
f 815/815/815 903/903/903 905/905/905 
f 813/813/813 809/809/809 811/811/811 
f 809/809/809 813/813/813 814/814/814 
f 815/815/815 814/814/814 813/813/813 
f 809/809/809 810/810/810 811/811/811 
f 812/812/812 811/811/811 810/810/810 
f 810/810/810 809/809/809 822/822/822 
f 862/862/862 812/812/812 810/810/810 
f 822/822/822 862/862/862 810/810/810 
f 812/812/812 862/862/862 864/864/864 
f 862/862/862 822/822/822 866/866/866 
f 867/867/867 864/864/864 862/862/862 
f 866/866/866 867/867/867 862/862/862 
f 867/867/867 866/866/866 874/874/874 
f 814/814/814 815/815/815 816/816/816 
f 814/814/814 816/816/816 823/823/823 
f 846/846/846 823/823/823 816/816/816 
f 823/823/823 846/846/846 883/883/883 
f 820/820/820 816/816/816 815/815/815 
f 821/821/821 846/846/846 816/816/816 
f 816/816/816 820/820/820 821/821/821 
f 815/815/815 833/833/833 820/820/820 
f 833/833/833 815/815/815 905/905/905 
f 820/820/820 824/824/824 821/821/821 
f 884/884/884 883/883/883 846/846/846 
f 883/883/883 884/884/884 885/885/885 
f 887/887/887 885/885/885 884/884/884 
f 885/885/885 887/887/887 889/889/889 
f 884/884/884 888/888/888 887/887/887 
f 888/888/888 884/884/884 886/886/886 
f 846/846/846 886/886/886 884/884/884 
f 886/886/886 901/901/901 888/888/888 
f 901/901/901 886/886/886 899/899/899 
f 899/899/899 943/943/943 901/901/901 
f 886/886/886 846/846/846 861/861/861 
f 861/861/861 899/899/899 886/886/886 
f 865/865/865 861/861/861 846/846/846 
f 846/846/846 821/821/821 865/865/865 
f 899/899/899 861/861/861 860/860/860 
f 943/943/943 899/899/899 938/938/938 
f 860/860/860 938/938/938 899/899/899 
f 938/938/938 942/942/942 943/943/943 
f 856/856/856 860/860/860 861/861/861 
f 861/861/861 865/865/865 856/856/856 
f 821/821/821 863/863/863 865/865/865 
f 863/863/863 856/856/856 865/865/865 
f 942/942/942 938/938/938 941/941/941 
f 941/941/941 935/935/935 942/942/942 
f 938/938/938 860/860/860 918/918/918 
f 918/918/918 941/941/941 938/938/938 
f 860/860/860 856/856/856 858/858/858 
f 858/858/858 918/918/918 860/860/860 
f 935/935/935 941/941/941 930/930/930 
f 930/930/930 931/931/931 935/935/935 
f 941/941/941 918/918/918 917/917/917 
f 917/917/917 930/930/930 941/941/941 
f 918/918/918 858/858/858 915/915/915 
f 906/906/906 917/917/917 918/918/918 
f 915/915/915 906/906/906 918/918/918 
f 930/930/930 917/917/917 926/926/926 
f 931/931/931 930/930/930 929/929/929 
f 926/926/926 929/929/929 930/930/930 
f 803/803/803 931/931/931 929/929/929 
f 931/931/931 803/803/803 807/807/807 
f 803/803/803 804/804/804 807/807/807 
f 804/804/804 803/803/803 778/778/778 
f 778/778/778 805/805/805 804/804/804 
f 929/929/929 774/774/774 803/803/803 
f 774/774/774 778/778/778 803/803/803 
f 774/774/774 929/929/929 775/775/775 
f 929/929/929 926/926/926 775/775/775 
f 775/775/775 773/773/773 774/774/774 
f 926/926/926 773/773/773 775/775/775 
f 778/778/778 774/774/774 772/772/772 
f 773/773/773 772/772/772 774/774/774 
f 805/805/805 778/778/778 802/802/802 
f 772/772/772 802/802/802 778/778/778 
f 802/802/802 806/806/806 805/805/805 
f 806/806/806 802/802/802 801/801/801 
f 801/801/801 800/800/800 806/806/806 
f 802/802/802 772/772/772 771/771/771 
f 771/771/771 801/801/801 802/802/802 
f 772/772/772 773/773/773 767/767/767 
f 767/767/767 771/771/771 772/772/772 
f 771/771/771 767/767/767 768/768/768 
f 709/709/709 768/768/768 767/767/767 
f 768/768/768 777/777/777 771/771/771 
f 801/801/801 771/771/771 777/777/777 
f 777/777/777 768/768/768 766/766/766 
f 766/766/766 776/776/776 777/777/777 
f 777/777/777 797/797/797 801/801/801 
f 797/797/797 777/777/777 776/776/776 
f 800/800/800 801/801/801 797/797/797 
f 776/776/776 796/796/796 797/797/797 
f 797/797/797 799/799/799 800/800/800 
f 799/799/799 797/797/797 796/796/796 
f 767/767/767 712/712/712 709/709/709 
f 712/712/712 767/767/767 773/773/773 
f 696/696/696 709/709/709 712/712/712 
f 711/711/711 696/696/696 712/712/712 
f 916/916/916 712/712/712 773/773/773 
f 712/712/712 916/916/916 711/711/711 
f 773/773/773 926/926/926 916/916/916 
f 926/926/926 914/914/914 916/916/916 
f 914/914/914 711/711/711 916/916/916 
f 914/914/914 926/926/926 917/917/917 
f 917/917/917 906/906/906 914/914/914 
f 711/711/711 914/914/914 913/913/913 
f 906/906/906 913/913/913 914/914/914 
f 912/912/912 711/711/711 913/913/913 
f 905/905/905 912/912/912 913/913/913 
f 913/913/913 906/906/906 905/905/905 
f 906/906/906 833/833/833 905/905/905 
f 833/833/833 906/906/906 907/907/907 
f 906/906/906 915/915/915 907/907/907 
f 908/908/908 833/833/833 907/907/907 
f 915/915/915 908/908/908 907/907/907 
f 833/833/833 908/908/908 835/835/835 
f 825/825/825 833/833/833 835/835/835 
f 833/833/833 825/825/825 820/820/820 
f 824/824/824 820/820/820 825/825/825 
f 834/834/834 825/825/825 835/835/835 
f 827/827/827 824/824/824 825/825/825 
f 825/825/825 834/834/834 827/827/827 
f 835/835/835 838/838/838 834/834/834 
f 838/838/838 835/835/835 908/908/908 
f 838/838/838 827/827/827 834/834/834 
f 824/824/824 827/827/827 875/875/875 
f 908/908/908 923/923/923 838/838/838 
f 875/875/875 863/863/863 824/824/824 
f 863/863/863 821/821/821 824/824/824 
f 827/827/827 847/847/847 875/875/875 
f 863/863/863 875/875/875 847/847/847 
f 827/827/827 838/838/838 839/839/839 
f 847/847/847 827/827/827 839/839/839 
f 849/849/849 838/838/838 923/923/923 
f 838/838/838 849/849/849 839/839/839 
f 839/839/839 851/851/851 847/847/847 
f 851/851/851 863/863/863 847/847/847 
f 851/851/851 839/839/839 849/849/849 
f 863/863/863 851/851/851 850/850/850 
f 849/849/849 850/850/850 851/851/851 
f 856/856/856 863/863/863 850/850/850 
f 922/922/922 849/849/849 923/923/923 
f 923/923/923 908/908/908 922/922/922 
f 908/908/908 915/915/915 922/922/922 
f 849/849/849 922/922/922 857/857/857 
f 850/850/850 849/849/849 857/857/857 
f 915/915/915 857/857/857 922/922/922 
f 857/857/857 856/856/856 850/850/850 
f 857/857/857 915/915/915 858/858/858 
f 856/856/856 857/857/857 858/858/858 
f 1007/1007/1007 994/994/994 997/997/997 
f 994/994/994 1007/1007/1007 1002/1002/1002 
f 1002/1002/1002 967/967/967 994/994/994 
f 967/967/967 1002/1002/1002 1003/1003/1003 
f 967/967/967 965/965/965 994/994/994 
f 965/965/965 997/997/997 994/994/994 
f 965/965/965 967/967/967 966/966/966 
f 959/959/959 965/965/965 966/966/966 
f 997/997/997 965/965/965 993/993/993 
f 998/998/998 997/997/997 993/993/993 
f 965/965/965 959/959/959 960/960/960 
f 960/960/960 993/993/993 965/965/965 
f 959/959/959 958/958/958 960/960/960 
f 992/992/992 998/998/998 993/993/993 
f 993/993/993 960/960/960 992/992/992 
f 991/991/991 960/960/960 958/958/958 
f 960/960/960 991/991/991 992/992/992 
f 957/957/957 991/991/991 958/958/958 
f 998/998/998 992/992/992 999/999/999 
f 1008/1008/1008 998/998/998 999/999/999 
f 996/996/996 992/992/992 991/991/991 
f 992/992/992 996/996/996 999/999/999 
f 991/991/991 957/957/957 995/995/995 
f 995/995/995 996/996/996 991/991/991 
f 957/957/957 961/961/961 995/995/995 
f 999/999/999 1001/1001/1001 1008/1008/1008 
f 1001/1001/1001 999/999/999 996/996/996 
f 1005/1005/1005 1008/1008/1008 1001/1001/1001 
f 996/996/996 995/995/995 1000/1000/1000 
f 961/961/961 1000/1000/1000 995/995/995 
f 1000/1000/1000 1001/1001/1001 996/996/996 
f 1000/1000/1000 961/961/961 1009/1009/1009 
f 1001/1001/1001 1000/1000/1000 1004/1004/1004 
f 1004/1004/1004 1005/1005/1005 1001/1001/1001 
f 1009/1009/1009 1004/1004/1004 1000/1000/1000 
f 968/968/968 1009/1009/1009 961/961/961 
f 1005/1005/1005 1004/1004/1004 1006/1006/1006 
f 1009/1009/1009 968/968/968 1010/1010/1010 
f 968/968/968 969/969/969 1010/1010/1010 
f 1011/1011/1011 1010/1010/1010 969/969/969 
f 1010/1010/1010 1011/1011/1011 1012/1012/1012 
f 1010/1010/1010 1013/1013/1013 1009/1009/1009 
f 1004/1004/1004 1009/1009/1009 1013/1013/1013 
f 1013/1013/1013 1010/1010/1010 1012/1012/1012 
f 1013/1013/1013 1006/1006/1006 1004/1004/1004 
f 1012/1012/1012 1019/1019/1019 1013/1013/1013 
f 1006/1006/1006 1013/1013/1013 1019/1019/1019 
f 1019/1019/1019 1075/1075/1075 1006/1006/1006 
f 1076/1076/1076 1006/1006/1006 1075/1075/1075 
f 1006/1006/1006 1076/1076/1076 1005/1005/1005 
f 1075/1075/1075 1077/1077/1077 1076/1076/1076 
f 1064/1064/1064 1005/1005/1005 1076/1076/1076 
f 1077/1077/1077 1064/1064/1064 1076/1076/1076 
f 762/762/762 759/759/759 761/761/761 
f 759/759/759 758/758/758 761/761/761 
f 759/759/759 763/763/763 760/760/760 
f 763/763/763 754/754/754 760/760/760 
f 758/758/758 759/759/759 757/757/757 
f 760/760/760 757/757/757 759/759/759 
f 757/757/757 756/756/756 758/758/758 
f 754/754/754 753/753/753 760/760/760 
f 757/757/757 760/760/760 753/753/753 
f 756/756/756 757/757/757 750/750/750 
f 753/753/753 750/750/750 757/757/757 
f 750/750/750 751/751/751 756/756/756 
f 753/753/753 754/754/754 752/752/752 
f 754/754/754 684/684/684 752/752/752 
f 684/684/684 683/683/683 752/752/752 
f 752/752/752 749/749/749 753/753/753 
f 749/749/749 752/752/752 683/683/683 
f 750/750/750 753/753/753 749/749/749 
f 683/683/683 667/667/667 749/749/749 
f 751/751/751 750/750/750 748/748/748 
f 749/749/749 748/748/748 750/750/750 
f 748/748/748 749/749/749 667/667/667 
f 748/748/748 747/747/747 751/751/751 
f 667/667/667 686/686/686 748/748/748 
f 747/747/747 748/748/748 686/686/686 
f 686/686/686 667/667/667 668/668/668 
f 667/667/667 665/665/665 668/668/668 
f 727/727/727 747/747/747 686/686/686 
f 747/747/747 727/727/727 729/729/729 
f 728/728/728 729/729/729 727/727/727 
f 729/729/729 728/728/728 963/963/963 
f 686/686/686 723/723/723 727/727/727 
f 723/723/723 728/728/728 727/727/727 
f 723/723/723 686/686/686 668/668/668 
f 728/728/728 723/723/723 962/962/962 
f 723/723/723 722/722/722 962/962/962 
f 668/668/668 715/715/715 723/723/723 
f 722/722/722 723/723/723 715/715/715 
f 715/715/715 668/668/668 665/665/665 
f 678/678/678 715/715/715 665/665/665 
f 714/714/714 722/722/722 715/715/715 
f 715/715/715 678/678/678 714/714/714 
f 722/722/722 714/714/714 721/721/721 
f 678/678/678 713/713/713 714/714/714 
f 713/713/713 721/721/721 714/714/714 
f 721/721/721 713/713/713 724/724/724 
f 716/716/716 724/724/724 713/713/713 
f 713/713/713 677/677/677 716/716/716 
f 724/724/724 716/716/716 725/725/725 
f 677/677/677 717/717/717 716/716/716 
f 717/717/717 725/725/725 716/716/716 
f 725/725/725 717/717/717 720/720/720 
f 719/719/719 720/720/720 717/717/717 
f 720/720/720 719/719/719 730/730/730 
f 719/719/719 739/739/739 730/730/730 
f 739/739/739 719/719/719 737/737/737 
f 719/719/719 745/745/745 737/737/737 
f 737/737/737 736/736/736 739/739/739 
f 745/745/745 735/735/735 737/737/737 
f 736/736/736 737/737/737 735/735/735 
f 735/735/735 734/734/734 736/736/736 
f 734/734/734 735/735/735 732/732/732 
f 735/735/735 701/701/701 732/732/732 
f 732/732/732 731/731/731 734/734/734 
f 701/701/701 733/733/733 732/732/732 
f 731/731/731 732/732/732 733/733/733 
f 733/733/733 701/701/701 692/692/692 
f 704/704/704 731/731/731 733/733/733 
f 692/692/692 704/704/704 733/733/733 
f 701/701/701 693/693/693 692/692/692 
f 731/731/731 704/704/704 738/738/738 
f 691/691/691 692/692/692 693/693/693 
f 704/704/704 692/692/692 699/699/699 
f 692/692/692 691/691/691 699/699/699 
f 693/693/693 696/696/696 691/691/691 
f 706/706/706 738/738/738 704/704/704 
f 738/738/738 706/706/706 808/808/808 
f 706/706/706 882/882/882 808/808/808 
f 704/704/704 705/705/705 706/706/706 
f 705/705/705 704/704/704 699/699/699 
f 882/882/882 706/706/706 879/879/879 
f 705/705/705 879/879/879 706/706/706 
f 879/879/879 871/871/871 882/882/882 
f 699/699/699 698/698/698 705/705/705 
f 698/698/698 699/699/699 691/691/691 
f 879/879/879 705/705/705 909/909/909 
f 698/698/698 909/909/909 705/705/705 
f 871/871/871 879/879/879 864/864/864 
f 864/864/864 867/867/867 871/871/871 
f 812/812/812 879/879/879 909/909/909 
f 879/879/879 812/812/812 864/864/864 
f 691/691/691 700/700/700 698/698/698 
f 700/700/700 691/691/691 696/696/696 
f 909/909/909 698/698/698 904/904/904 
f 700/700/700 904/904/904 698/698/698 
f 829/829/829 909/909/909 904/904/904 
f 909/909/909 829/829/829 812/812/812 
f 904/904/904 700/700/700 912/912/912 
f 696/696/696 711/711/711 700/700/700 
f 711/711/711 912/912/912 700/700/700 
f 903/903/903 904/904/904 912/912/912 
f 904/904/904 903/903/903 829/829/829 
f 740/740/740 1150/1150/1150 975/975/975 
f 741/741/741 740/740/740 975/975/975 
f 1150/1150/1150 1153/1153/1153 983/983/983 
f 743/743/743 741/741/741 975/975/975 
f 741/741/741 743/743/743 744/744/744 
f 976/976/976 975/975/975 1150/1150/1150 
f 975/975/975 976/976/976 743/743/743 
f 983/983/983 976/976/976 1150/1150/1150 
f 974/974/974 744/744/744 743/743/743 
f 976/976/976 974/974/974 743/743/743 
f 744/744/744 974/974/974 973/973/973 
f 972/972/972 973/973/973 974/974/974 
f 973/973/973 972/972/972 971/971/971 
f 954/954/954 971/971/971 972/972/972 
f 971/971/971 954/954/954 955/955/955 
f 974/974/974 970/970/970 972/972/972 
f 970/970/970 954/954/954 972/972/972 
f 954/954/954 953/953/953 955/955/955 
f 953/953/953 954/954/954 952/952/952 
f 952/952/952 951/951/951 953/953/953 
f 974/974/974 976/976/976 977/977/977 
f 970/970/970 974/974/974 977/977/977 
f 954/954/954 970/970/970 964/964/964 
f 964/964/964 952/952/952 954/954/954 
f 951/951/951 952/952/952 949/949/949 
f 949/949/949 950/950/950 951/951/951 
f 950/950/950 949/949/949 957/957/957 
f 952/952/952 961/961/961 949/949/949 
f 961/961/961 957/957/957 949/949/949 
f 957/957/957 956/956/956 950/950/950 
f 952/952/952 964/964/964 968/968/968 
f 961/961/961 952/952/952 968/968/968 
f 969/969/969 968/968/968 964/964/964 
f 970/970/970 969/969/969 964/964/964 
f 956/956/956 957/957/957 958/958/958 
f 958/958/958 959/959/959 956/956/956 
f 969/969/969 970/970/970 979/979/979 
f 977/977/977 979/979/979 970/970/970 
f 979/979/979 1011/1011/1011 969/969/969 
f 979/979/979 977/977/977 978/978/978 
f 976/976/976 978/978/978 977/977/977 
f 978/978/978 986/986/986 979/979/979 
f 1011/1011/1011 979/979/979 986/986/986 
f 978/978/978 976/976/976 980/980/980 
f 976/976/976 983/983/983 980/980/980 
f 986/986/986 978/978/978 981/981/981 
f 980/980/980 981/981/981 978/978/978 
f 983/983/983 982/982/982 980/980/980 
f 981/981/981 980/980/980 982/982/982 
f 982/982/982 983/983/983 984/984/984 
f 983/983/983 1155/1155/1155 984/984/984 
f 1155/1155/1155 983/983/983 1153/1153/1153 
f 1153/1153/1153 1171/1171/1171 1155/1155/1155 
f 1172/1172/1172 1155/1155/1155 1171/1171/1171 
f 1175/1175/1175 1172/1172/1172 1171/1171/1171 
f 1155/1155/1155 988/988/988 984/984/984 
f 984/984/984 985/985/985 982/982/982 
f 985/985/985 984/984/984 988/988/988 
f 988/988/988 1155/1155/1155 1173/1173/1173 
f 1155/1155/1155 1172/1172/1172 1173/1173/1173 
f 988/988/988 989/989/989 985/985/985 
f 987/987/987 982/982/982 985/985/985 
f 982/982/982 987/987/987 981/981/981 
f 985/985/985 1048/1048/1048 987/987/987 
f 1048/1048/1048 985/985/985 989/989/989 
f 990/990/990 981/981/981 987/987/987 
f 981/981/981 990/990/990 986/986/986 
f 1018/1018/1018 987/987/987 1048/1048/1048 
f 987/987/987 1018/1018/1018 990/990/990 
f 989/989/989 988/988/988 1046/1046/1046 
f 1173/1173/1173 1046/1046/1046 988/988/988 
f 1015/1015/1015 986/986/986 990/990/990 
f 1046/1046/1046 1173/1173/1173 1160/1160/1160 
f 986/986/986 1015/1015/1015 1011/1011/1011 
f 1046/1046/1046 1047/1047/1047 989/989/989 
f 990/990/990 1016/1016/1016 1015/1015/1015 
f 1016/1016/1016 990/990/990 1018/1018/1018 
f 1014/1014/1014 1011/1011/1011 1015/1015/1015 
f 1017/1017/1017 1015/1015/1015 1016/1016/1016 
f 1015/1015/1015 1017/1017/1017 1014/1014/1014 
f 1018/1018/1018 1043/1043/1043 1016/1016/1016 
f 1016/1016/1016 1031/1031/1031 1017/1017/1017 
f 1031/1031/1031 1016/1016/1016 1043/1043/1043 
f 1043/1043/1043 1018/1018/1018 1044/1044/1044 
f 1048/1048/1048 1044/1044/1044 1018/1018/1018 
f 1043/1043/1043 1027/1027/1027 1031/1031/1031 
f 664/664/664 665/665/665 666/666/666 
f 665/665/665 667/667/667 666/666/666 
f 666/666/666 669/669/669 664/664/664 
f 665/665/665 664/664/664 678/678/678 
f 669/669/669 666/666/666 683/683/683 
f 667/667/667 683/683/683 666/666/666 
f 683/683/683 684/684/684 669/669/669 
f 669/669/669 670/670/670 664/664/664 
f 664/664/664 679/679/679 678/678/678 
f 679/679/679 664/664/664 670/670/670 
f 670/670/670 669/669/669 671/671/671 
f 684/684/684 671/671/671 669/669/669 
f 670/670/670 677/677/677 679/679/679 
f 713/713/713 678/678/678 679/679/679 
f 677/677/677 713/713/713 679/679/679 
f 671/671/671 672/672/672 670/670/670 
f 677/677/677 670/670/670 672/672/672 
f 672/672/672 671/671/671 673/673/673 
f 672/672/672 726/726/726 677/677/677 
f 671/671/671 684/684/684 685/685/685 
f 685/685/685 673/673/673 671/671/671 
f 673/673/673 674/674/674 672/672/672 
f 726/726/726 672/672/672 674/674/674 
f 673/673/673 685/685/685 687/687/687 
f 717/717/717 677/677/677 726/726/726 
f 674/674/674 673/673/673 675/675/675 
f 687/687/687 675/675/675 673/673/673 
f 676/676/676 674/674/674 675/675/675 
f 675/675/675 687/687/687 688/688/688 
f 688/688/688 676/676/676 675/675/675 
f 680/680/680 726/726/726 674/674/674 
f 674/674/674 676/676/676 680/680/680 
f 726/726/726 680/680/680 718/718/718 
f 718/718/718 717/717/717 726/726/726 
f 680/680/680 745/745/745 718/718/718 
f 676/676/676 681/681/681 680/680/680 
f 745/745/745 680/680/680 681/681/681 
f 676/676/676 688/688/688 689/689/689 
f 745/745/745 719/719/719 718/718/718 
f 717/717/717 718/718/718 719/719/719 
f 681/681/681 676/676/676 682/682/682 
f 689/689/689 682/682/682 676/676/676 
f 681/681/681 703/703/703 745/745/745 
f 682/682/682 702/702/702 681/681/681 
f 703/703/703 681/681/681 702/702/702 
f 735/735/735 745/745/745 703/703/703 
f 702/702/702 701/701/701 703/703/703 
f 701/701/701 735/735/735 703/703/703 
f 702/702/702 682/682/682 707/707/707 
f 682/682/682 689/689/689 690/690/690 
f 690/690/690 707/707/707 682/682/682 
f 707/707/707 695/695/695 702/702/702 
f 701/701/701 702/702/702 695/695/695 
f 707/707/707 690/690/690 710/710/710 
f 695/695/695 707/707/707 694/694/694 
f 710/710/710 694/694/694 707/707/707 
f 694/694/694 693/693/693 695/695/695 
f 693/693/693 701/701/701 695/695/695 
f 694/694/694 710/710/710 708/708/708 
f 693/693/693 694/694/694 697/697/697 
f 708/708/708 697/697/697 694/694/694 
f 696/696/696 693/693/693 697/697/697 
f 697/697/697 708/708/708 709/709/709 
f 709/709/709 696/696/696 697/697/697 
f 766/766/766 708/708/708 710/710/710 
f 768/768/768 709/709/709 708/708/708 
f 708/708/708 766/766/766 768/768/768 
f 710/710/710 764/764/764 766/766/766 
f 764/764/764 710/710/710 690/690/690 
f 690/690/690 770/770/770 764/764/764 
f 770/770/770 690/690/690 689/689/689 
f 776/776/776 766/766/766 764/764/764 
f 689/689/689 746/746/746 770/770/770 
f 746/746/746 689/689/689 688/688/688 
f 795/795/795 764/764/764 770/770/770 
f 764/764/764 795/795/795 776/776/776 
f 783/783/783 770/770/770 746/746/746 
f 770/770/770 783/783/783 795/795/795 
f 688/688/688 769/769/769 746/746/746 
f 769/769/769 688/688/688 687/687/687 
f 746/746/746 782/782/782 783/783/783 
f 782/782/782 746/746/746 769/769/769 
f 789/789/789 795/795/795 783/783/783 
f 786/786/786 783/783/783 782/782/782 
f 783/783/783 786/786/786 789/789/789 
f 687/687/687 765/765/765 769/769/769 
f 765/765/765 687/687/687 685/685/685 
f 769/769/769 780/780/780 782/782/782 
f 780/780/780 769/769/769 765/765/765 
f 788/788/788 789/789/789 786/786/786 
f 786/786/786 785/785/785 788/788/788 
f 789/789/789 788/788/788 798/798/798 
f 782/782/782 784/784/784 786/786/786 
f 785/785/785 786/786/786 784/784/784 
f 784/784/784 782/782/782 780/780/780 
f 784/784/784 1024/1024/1024 785/785/785 
f 798/798/798 796/796/796 789/789/789 
f 795/795/795 789/789/789 796/796/796 
f 796/796/796 798/798/798 799/799/799 
f 796/796/796 776/776/776 795/795/795 
f 1024/1024/1024 784/784/784 787/787/787 
f 780/780/780 787/787/787 784/784/784 
f 787/787/787 1032/1032/1032 1024/1024/1024 
f 787/787/787 780/780/780 781/781/781 
f 1032/1032/1032 787/787/787 792/792/792 
f 781/781/781 792/792/792 787/787/787 
f 792/792/792 1034/1034/1034 1032/1032/1032 
f 765/765/765 781/781/781 780/780/780 
f 1034/1034/1034 792/792/792 794/794/794 
f 794/794/794 1033/1033/1033 1034/1034/1034 
f 792/792/792 781/781/781 791/791/791 
f 791/791/791 794/794/794 792/792/792 
f 781/781/781 765/765/765 755/755/755 
f 685/685/685 755/755/755 765/765/765 
f 755/755/755 685/685/685 684/684/684 
f 754/754/754 781/781/781 755/755/755 
f 781/781/781 754/754/754 791/791/791 
f 684/684/684 754/754/754 755/755/755 
f 794/794/794 791/791/791 763/763/763 
f 754/754/754 763/763/763 791/791/791 
f 1033/1033/1033 794/794/794 793/793/793 
f 763/763/763 793/793/793 794/794/794 
f 793/793/793 1035/1035/1035 1033/1033/1033 
f 1035/1035/1035 793/793/793 790/790/790 
f 779/779/779 790/790/790 793/793/793 
f 793/793/793 763/763/763 779/779/779 
f 790/790/790 779/779/779 762/762/762 
f 759/759/759 762/762/762 779/779/779 
f 763/763/763 759/759/759 779/779/779 
f 740/740/740 741/741/741 742/742/742 
f 742/742/742 927/927/927 740/740/740 
f 927/927/927 742/742/742 928/928/928 
f 881/881/881 927/927/927 928/928/928 
f 927/927/927 881/881/881 880/880/880 
f 870/870/870 880/880/880 881/881/881 
f 1152/1152/1152 740/740/740 927/927/927 
f 880/880/880 1152/1152/1152 927/927/927 
f 880/880/880 870/870/870 869/869/869 
f 868/868/868 869/869/869 870/870/870 
f 1152/1152/1152 880/880/880 1105/1105/1105 
f 1095/1095/1095 880/880/880 869/869/869 
f 880/880/880 1095/1095/1095 1105/1105/1105 
f 869/869/869 868/868/868 1081/1081/1081 
f 1081/1081/1081 1095/1095/1095 869/869/869 
f 868/868/868 872/872/872 1081/1081/1081 
f 872/872/872 868/868/868 873/873/873 
f 1080/1080/1080 1081/1081/1081 872/872/872 
f 1081/1081/1081 1080/1080/1080 1091/1091/1091 
f 1095/1095/1095 1081/1081/1081 1091/1091/1091 
f 1126/1126/1126 1091/1091/1091 1080/1080/1080 
f 1130/1130/1130 1095/1095/1095 1091/1091/1091 
f 1091/1091/1091 1126/1126/1126 1130/1130/1130 
f 1095/1095/1095 1130/1130/1130 1132/1132/1132 
f 1132/1132/1132 1105/1105/1105 1095/1095/1095 
f 1126/1126/1126 1131/1131/1131 1130/1130/1130 
f 1131/1131/1131 1132/1132/1132 1130/1130/1130 
f 1131/1131/1131 1126/1126/1126 1094/1094/1094 
f 1105/1105/1105 1132/1132/1132 1174/1174/1174 
f 1132/1132/1132 1131/1131/1131 1139/1139/1139 
f 1139/1139/1139 1174/1174/1174 1132/1132/1132 
f 1094/1094/1094 1129/1129/1129 1131/1131/1131 
f 1129/1129/1129 1139/1139/1139 1131/1131/1131 
f 1154/1154/1154 1105/1105/1105 1174/1174/1174 
f 1105/1105/1105 1154/1154/1154 1152/1152/1152 
f 1154/1154/1154 1151/1151/1151 1152/1152/1152 
f 740/740/740 1152/1152/1152 1151/1151/1151 
f 1174/1174/1174 1171/1171/1171 1154/1154/1154 
f 1174/1174/1174 1139/1139/1139 1175/1175/1175 
f 1171/1171/1171 1174/1174/1174 1175/1175/1175 
f 1151/1151/1151 1154/1154/1154 1153/1153/1153 
f 1171/1171/1171 1153/1153/1153 1154/1154/1154 
f 1150/1150/1150 740/740/740 1151/1151/1151 
f 1153/1153/1153 1150/1150/1150 1151/1151/1151 
f 989/989/989 1049/1049/1049 1048/1048/1048 
f 1044/1044/1044 1048/1048/1048 1049/1049/1049 
f 1049/1049/1049 989/989/989 1047/1047/1047 
f 1044/1044/1044 1045/1045/1045 1043/1043/1043 
f 1027/1027/1027 1043/1043/1043 1045/1045/1045 
f 1049/1049/1049 1051/1051/1051 1044/1044/1044 
f 1045/1045/1045 1044/1044/1044 1051/1051/1051 
f 1045/1045/1045 1042/1042/1042 1027/1027/1027 
f 1042/1042/1042 1045/1045/1045 1050/1050/1050 
f 1051/1051/1051 1050/1050/1050 1045/1045/1045 
f 1026/1026/1026 1027/1027/1027 1042/1042/1042 
f 1050/1050/1050 1051/1051/1051 1052/1052/1052 
f 1027/1027/1027 1026/1026/1026 1025/1025/1025 
f 1025/1025/1025 1031/1031/1031 1027/1027/1027 
f 1023/1023/1023 1025/1025/1025 1026/1026/1026 
f 1053/1053/1053 1052/1052/1052 1051/1051/1051 
f 1051/1051/1051 1049/1049/1049 1053/1053/1053 
f 1052/1052/1052 1053/1053/1053 1054/1054/1054 
f 1047/1047/1047 1053/1053/1053 1049/1049/1049 
f 1055/1055/1055 1054/1054/1054 1053/1053/1053 
f 1053/1053/1053 1047/1047/1047 1055/1055/1055 
f 1054/1054/1054 1055/1055/1055 1056/1056/1056 
f 1025/1025/1025 1023/1023/1023 1022/1022/1022 
f 1021/1021/1021 1022/1022/1022 1023/1023/1023 
f 1031/1031/1031 1025/1025/1025 1030/1030/1030 
f 1022/1022/1022 1030/1030/1030 1025/1025/1025 
f 1030/1030/1030 1017/1017/1017 1031/1031/1031 
f 1022/1022/1022 1021/1021/1021 1028/1028/1028 
f 1029/1029/1029 1028/1028/1028 1021/1021/1021 
f 1030/1030/1030 1022/1022/1022 1057/1057/1057 
f 1028/1028/1028 1057/1057/1057 1022/1022/1022 
f 1017/1017/1017 1030/1030/1030 1020/1020/1020 
f 1057/1057/1057 1020/1020/1020 1030/1030/1030 
f 1020/1020/1020 1014/1014/1014 1017/1017/1017 
f 1057/1057/1057 1028/1028/1028 1077/1077/1077 
f 1028/1028/1028 1029/1029/1029 1041/1041/1041 
f 1041/1041/1041 1077/1077/1077 1028/1028/1028 
f 1038/1038/1038 1041/1041/1041 1029/1029/1029 
f 1020/1020/1020 1057/1057/1057 1075/1075/1075 
f 1077/1077/1077 1075/1075/1075 1057/1057/1057 
f 1014/1014/1014 1020/1020/1020 1019/1019/1019 
f 1075/1075/1075 1019/1019/1019 1020/1020/1020 
f 1019/1019/1019 1012/1012/1012 1014/1014/1014 
f 1011/1011/1011 1014/1014/1014 1012/1012/1012 
f 1041/1041/1041 1038/1038/1038 1037/1037/1037 
f 1036/1036/1036 1037/1037/1037 1038/1038/1038 
f 1077/1077/1077 1041/1041/1041 1078/1078/1078 
f 1037/1037/1037 1078/1078/1078 1041/1041/1041 
f 1037/1037/1037 1036/1036/1036 1039/1039/1039 
f 1040/1040/1040 1039/1039/1039 1036/1036/1036 
f 1039/1039/1039 1040/1040/1040 1068/1068/1068 
f 1039/1039/1039 1072/1072/1072 1037/1037/1037 
f 1078/1078/1078 1037/1037/1037 1072/1072/1072 
f 1068/1068/1068 1069/1069/1069 1039/1039/1039 
f 1072/1072/1072 1039/1039/1039 1069/1069/1069 
f 1069/1069/1069 1068/1068/1068 1070/1070/1070 
f 1070/1070/1070 1071/1071/1071 1069/1069/1069 
f 1071/1071/1071 1072/1072/1072 1069/1069/1069 
f 1071/1071/1071 1070/1070/1070 1074/1074/1074 
f 1073/1073/1073 1071/1071/1071 1074/1074/1074 
f 1072/1072/1072 1064/1064/1064 1078/1078/1078 
f 1064/1064/1064 1077/1077/1077 1078/1078/1078 
f 1072/1072/1072 1071/1071/1071 1060/1060/1060 
f 1064/1064/1064 1072/1072/1072 1060/1060/1060 
f 1071/1071/1071 1073/1073/1073 1061/1061/1061 
f 1061/1061/1061 1060/1060/1060 1071/1071/1071 
f 1067/1067/1067 1061/1061/1061 1073/1073/1073 
f 1060/1060/1060 1061/1061/1061 1062/1062/1062 
f 1062/1062/1062 1064/1064/1064 1060/1060/1060 
f 1061/1061/1061 1067/1067/1067 1065/1065/1065 
f 1065/1065/1065 1062/1062/1062 1061/1061/1061 
f 1066/1066/1066 1065/1065/1065 1067/1067/1067 
f 1065/1065/1065 1066/1066/1066 1058/1058/1058 
f 1007/1007/1007 1058/1058/1058 1066/1066/1066 
f 1062/1062/1062 1065/1065/1065 1059/1059/1059 
f 1058/1058/1058 1059/1059/1059 1065/1065/1065 
f 1064/1064/1064 1062/1062/1062 1063/1063/1063 
f 1059/1059/1059 1063/1063/1063 1062/1062/1062 
f 1005/1005/1005 1064/1064/1064 1063/1063/1063 
f 1063/1063/1063 1059/1059/1059 1008/1008/1008 
f 1008/1008/1008 1005/1005/1005 1063/1063/1063 
f 1059/1059/1059 1058/1058/1058 998/998/998 
f 998/998/998 1008/1008/1008 1059/1059/1059 
f 1058/1058/1058 1007/1007/1007 997/997/997 
f 997/997/997 998/998/998 1058/1058/1058 

g LegL1

v -0.660822 -4.03264 2.43594 
v -0.7298 -4.00449 2.43941 
v -0.695731 -3.99682 2.4181 
v -0.688588 -4.04348 2.46064 
v -0.72799 -4.01702 2.47817 
v -0.66098 -3.98981 2.41731 
v -0.686574 -3.95605 2.42287 
v -0.737774 -3.97418 2.4615 
v -0.642005 -4.05216 2.50457 
v -0.631918 -4.00518 2.43329 
v -0.622538 -4.04396 2.48164 
v -0.66098 -3.98981 2.41731 
v -0.629776 -3.95567 2.45885 
v -0.631918 -4.00518 2.43329 
v -0.599917 -4.01438 2.475 
v -0.721755 -3.9811 2.49846 
v -0.700795 -4.03494 2.50815 
v -0.662244 -4.03762 2.53645 
v -0.662244 -4.03762 2.53645 
v -0.697385 -3.99194 2.5257 
v -0.700795 -4.03494 2.50815 
v -0.72799 -4.01702 2.47817 
v -0.721755 -3.9811 2.49846 
v -0.663368 -4.00233 2.55263 
v -0.599063 -4.05162 2.60009 
v -0.599063 -4.05162 2.60009 
v -0.603569 -4.02487 2.61155 
v -0.591168 -3.9848 2.60317 
v -0.645716 -3.96624 2.55142 
v -0.672188 -3.95554 2.53399 
v -0.758532 -3.97152 2.38328 
v -0.771064 -3.97935 2.39625 
v -0.796597 -3.9811 2.35207 
v -0.771064 -3.97935 2.39625 
v -0.785354 -3.95483 2.40142 
v -0.796597 -3.9811 2.35207 
v -0.75212 -3.97247 2.43121 
v -0.76703 -3.94579 2.38182 
v -0.758532 -3.97152 2.38328 
v -0.764175 -3.94155 2.43993 
v -0.75212 -3.97247 2.43121 
v -0.726957 -3.95844 2.4057 
v -0.657336 -3.94921 2.43905 
v -0.726957 -3.95844 2.4057 
v -0.702477 -3.95691 2.41632 
v -0.741858 -3.97506 2.44587 
v -0.700071 -3.94353 2.51181 
v -0.737774 -3.97418 2.4615 
v -0.744211 -3.9343 2.46946 
v -0.741858 -3.97506 2.44587 
v -0.657336 -3.94921 2.43905 
v -0.646145 -3.9389 2.50156 
v -0.618108 -3.95166 2.52749 
v -0.599917 -4.01438 2.475 
v -0.578553 -4.0711 2.56954 
v -0.557701 -4.06764 2.54519 
v -0.513554 -4.09703 2.63459 
v -0.536462 -4.0378 2.5332 
v -0.492884 -4.09026 2.60936 
v -0.471958 -4.05592 2.59438 
v -0.536462 -4.0378 2.5332 
v -0.468657 -4.02529 2.62855 
v -0.471958 -4.05592 2.59438 
v -0.266912 -4.03073 2.57038 
v -0.251725 -3.98727 2.4256 
v -0.231963 -4.03552 2.55861 
v -0.537091 -4.00284 2.56451 
v -0.431108 -4.11505 2.68921 
v -0.534157 -4.07739 2.66244 
v -0.542563 -4.04586 2.6727 
v -0.534157 -4.07739 2.66244 
v -0.534083 -4.00145 2.66145 
v -0.400804 -4.07978 2.66584 
v -0.243227 -4.08779 2.69949 
v -0.209485 -4.09413 2.68551 
v -0.400804 -4.07978 2.66584 
v -0.195237 -3.97271 2.58701 
v -0.276388 -4.04883 2.7029 
v -0.291843 -4.00956 2.57843 
v -0.601216 -3.97131 2.49705 
v -0.287849 -3.98209 2.43905 
v -0.307927 -3.95577 2.45536 
v -0.308159 -3.92096 2.30789 
v -0.307927 -3.95577 2.45536 
v -0.281127 -3.98339 2.611 
v -0.3013 -3.93346 2.46781 
v -0.223998 -3.95494 2.4314 
v -0.277121 -3.91545 2.30227 
v -0.215631 -3.928 2.46734 
v -0.195237 -3.97271 2.58701 
v -0.223998 -3.95494 2.4314 
v -0.564405 -3.97686 2.58104 
v -0.504687 -3.99775 2.63952 
v -0.189637 -3.97181 2.61232 
v -0.165465 -4.05561 2.71766 
v -0.291843 -4.00956 2.57843 
v -0.270006 -4.02024 2.75527 
v -0.255806 -3.94671 2.62364 
v -0.408003 -4.03373 2.69694 
v -0.427115 -4.12058 2.73046 
v -0.435873 -4.09903 2.75314 
v -0.340528 -4.14341 2.83231 
v -0.450279 -4.06882 2.76297 
v -0.435873 -4.09903 2.75314 
v -0.36025 -4.12994 2.76445 
v -0.334649 -4.0976 2.74108 
v -0.238444 -4.14324 2.76924 
v -0.29434 -4.14115 2.76532 
v -0.267854 -4.07531 2.7807 
v -0.334649 -4.0976 2.74108 
v -0.353232 -4.11946 2.84823 
v -0.24241 -4.22217 2.87203 
v -0.29587 -4.2282 2.9331 
v -0.29587 -4.2282 2.9331 
v -0.364318 -4.08161 2.85949 
v -0.353232 -4.11946 2.84823 
v -0.253396 -4.1827 2.96516 
v -0.235255 -4.11056 3.03212 
v -0.237006 -4.05716 3.01687 
v -0.286539 -4.0312 2.79041 
v -0.267854 -4.07531 2.7807 
v -0.446351 -4.02959 2.75321 
v -0.428517 -4.01723 2.72298 
v -0.342097 -4.02958 2.75829 
v -0.276388 -4.04883 2.7029 
v -0.237774 -3.97917 2.76305 
v -0.365074 -4.04633 2.84911 
v -0.355446 -4.02021 2.80913 
v -0.203226 -4.01352 3.00092 
v -0.181505 -4.24688 2.88637 
v -0.199518 -4.21567 3.01285 
v -0.187877 -4.25595 3.01552 
v -0.16871 -4.13907 2.76057 
v -0.144346 -4.29259 2.99889 
v -0.187877 -4.25595 3.01552 
v -0.120421 -4.23726 2.87995 
v -0.120191 -4.07165 2.74767 
v -0.217583 -4.17161 3.04204 
v -0.169765 -4.20321 3.05318 
v -0.165408 -4.18325 3.06719 
v -0.206019 -4.1379 3.1124 
v -0.217583 -4.17161 3.04204 
v -0.218393 -4.09039 3.09718 
v -0.235255 -4.11056 3.03212 
v -0.194496 -4.10464 3.1811 
v -0.161341 -4.15195 3.12683 
v -0.154309 -4.29841 3.13432 
v -0.131835 -4.27166 3.15677 
v -0.165408 -4.18325 3.06719 
v -0.156036 -4.12015 3.18809 
v -0.168053 -4.0137 3.00295 
v -0.190529 -3.97729 2.76696 
v -0.219578 -3.94459 2.62415 
v -0.165465 -4.05561 2.71766 
v -0.157644 -4.0143 2.7577 
v -0.203226 -4.01352 3.00092 
v -0.159213 -4.0041 3.06658 
v -0.168053 -4.0137 3.00295 
v -0.225933 -4.04267 3.08178 
v -0.237006 -4.05716 3.01687 
v -0.214809 -4.02877 3.14776 
v -0.201469 -4.07083 3.16326 
v -0.195622 -4.00293 3.06518 
v -0.189262 -3.99135 3.1301 
v -0.151559 -3.99561 3.12964 
v -0.179647 -3.78395 3.77507 
v -0.722837 -3.93581 2.49246 
v -0.380275 -3.78061 2.10945 
v -0.346463 -3.82665 2.1159 
v -0.377408 -3.81189 2.15412 
v -0.367993 -3.76458 2.17659 
v -0.380275 -3.78061 2.10945 
v -0.377408 -3.81189 2.15412 
v -0.358071 -3.83367 2.19769 
v -0.356019 -3.73863 2.0959 
v -0.355384 -3.76911 2.07135 
v -0.37016 -3.74247 2.14058 
v -0.37016 -3.74247 2.14058 
v -0.308373 -3.819 2.10692 
v -0.328582 -3.85266 2.18365 
v -0.358071 -3.83367 2.19769 
v -0.309714 -3.76517 2.06676 
v -0.355954 -3.7876 2.21709 
v -0.336209 -3.73481 2.19185 
v -0.741482 -3.92554 2.4157 
v -0.718076 -3.91781 2.43972 
v -0.334294 -3.89239 2.32725 
v -0.32922 -3.75818 2.22547 
v -0.334294 -3.89239 2.32725 
v -0.326639 -3.86523 2.34103 
v -0.300747 -3.84097 2.35347 
v -0.291077 -3.73424 2.08904 
v -0.352836 -3.73453 2.01152 
v -0.356933 -3.70138 2.0071 
v -0.343403 -3.73658 1.96233 
v -0.320533 -3.73105 2.00466 
v -0.351411 -3.73495 2.05586 
v -0.352836 -3.73453 2.01152 
v -0.351411 -3.73495 2.05586 
v -0.324571 -3.70001 1.99902 
v -0.312605 -3.68691 2.05192 
v -0.35571 -3.69149 2.06017 
v -0.343403 -3.73658 1.96233 
v -0.307098 -3.72882 2.04982 
v -0.297764 -3.73193 2.07261 
v -0.350488 -3.7395 2.07833 
v -0.320533 -3.73105 2.00466 
v -0.304189 -3.68459 2.09184 
v -0.353232 -3.6911 2.10073 
v -0.340542 -3.71372 2.16236 
v -0.356019 -3.73863 2.0959 
v -0.350488 -3.7395 2.07833 
v -0.348205 -3.70179 2.12919 
v -0.350488 -3.7395 2.07833 
v -0.291077 -3.73424 2.08904 
v -0.356019 -3.73863 2.0959 
v -0.290813 -3.72742 2.18368 
v -0.300124 -3.69775 2.12452 
v -0.297515 -3.8482 2.17742 
v -0.266443 -3.7936 2.13024 
v -0.27601 -3.77107 2.09071 
v -0.263509 -3.82099 2.18272 
v -0.261159 -3.77731 2.2063 
v -0.243205 -3.88659 2.30712 
v -0.263509 -3.82099 2.18272 
v -0.243205 -3.88659 2.30712 
v -0.261466 -3.75117 2.15854 
v -0.266443 -3.7936 2.13024 
v -0.264615 -3.84019 2.34901 
v -0.288494 -3.75178 2.22118 
v -0.236543 -3.85489 2.33473 
v -0.243999 -3.90432 2.4854 
v -0.307098 -3.72882 2.04982 
v -0.271742 -3.735 2.12517 
v -0.291077 -3.73424 2.08904 
v -0.297764 -3.73193 2.07261 
v -0.298504 -3.71295 2.15337 
v -0.271742 -3.735 2.12517 
v -0.27601 -3.77107 2.09071 
v -0.702477 -3.95691 2.41632 
v -0.686574 -3.95605 2.42287 
v -0.691876 -3.9176 2.46483 
v -0.673735 -3.9314 2.48237 
v -0.274034 -3.90692 2.48845 
v -0.199354 -3.73961 3.75287 
v -0.20816 -2.52919 4.17736 
v -0.334752 -2.33935 4.27998 
v -0.281419 -2.3309 4.14213 
v -0.188102 -2.7174 4.26755 
v -0.257113 -2.56407 4.26206 
v -0.391734 -2.16397 4.30461 
v -0.186322 -2.17278 4.05165 
v -0.365773 -2.15595 4.18068 
v -0.132148 -2.32737 4.12149 
v -0.194741 -3.42705 4.20317 
v -0.200863 -3.5173 4.22142 
v -0.204897 -3.4794 4.26439 
v -0.193585 -3.41893 4.21335 
v -0.209278 -3.45086 4.28245 
v -0.190208 -3.40041 4.23219 
v -0.20995 -3.42381 4.30084 
v -0.192301 -3.32699 4.23546 
v -0.201809 -3.33537 4.30518 
v -0.192377 -3.5117 4.3065 
v -0.274275 -2.36613 4.39226 
v -0.195681 -2.74637 4.3295 
v -0.222236 -2.60453 4.34843 
v -0.324813 -2.2117 4.43657 
v -0.18297 -2.25593 4.49358 
v -0.173266 -2.39006 4.45077 
v -0.195696 -3.47639 4.32979 
v -0.193198 -3.43794 4.35036 
v -0.178613 -3.70496 3.73251 
v -0.190134 -3.57628 4.09195 
v -0.20003 -3.44841 4.15769 
v -0.182427 -3.53106 4.05748 
v -0.14492 -3.70174 3.73099 
v -0.161242 -3.80716 3.78717 
v -0.147448 -3.63121 4.13603 
v -0.171714 -3.61308 4.12276 
v -0.140505 -3.52461 4.05317 
v -0.140919 -3.42762 4.14386 
v -0.179095 -3.54748 4.25304 
v -0.145087 -3.56384 4.27096 
v -0.14563 -3.53561 4.33329 
v -0.140611 -3.40871 4.18125 
v -0.148347 -3.44679 4.37756 
v -0.140449 -3.40349 4.19401 
v -0.196157 -3.16886 4.30709 
v -0.179577 -3.16744 4.25947 
v -0.181442 -2.8052 4.2725 
v -0.162313 -2.70432 4.22192 
v -0.142603 -3.39706 4.21179 
v -0.141819 -3.33029 4.21944 
v -0.143785 -3.16707 4.24364 
v -0.153111 -2.8038 4.25211 
v -0.179956 -2.80622 4.31789 
v -0.176947 -3.34207 4.3543 
v -0.162218 -2.75643 4.3776 
v -0.159112 -2.61494 4.41552 
v -0.165785 -3.17091 4.34601 
v -0.137447 -3.34529 4.37389 
v -0.162073 -2.80611 4.34762 
v -0.0821484 -4.26024 2.98455 
v -0.0983098 -4.29227 3.00057 
v -0.11842 -4.36071 3.10616 
v -0.078087 -4.2004 2.85681 
v -0.100426 -4.11599 2.73356 
v -0.111849 -4.19754 3.05585 
v -0.0660164 -4.18211 2.95876 
v -0.0988845 -4.15184 3.03531 
v -0.0734106 -4.22167 2.93504 
v -0.0808693 -4.36271 3.10421 
v -0.0821484 -4.26024 2.98455 
v -0.0759336 -4.21731 3.01447 
v -0.149264 -4.33803 3.121 
v -0.149264 -4.33803 3.121 
v -0.089607 -4.26821 3.15768 
v -0.114508 -4.11081 3.09891 
v -0.0911392 -4.43252 3.21263 
v -0.059257 -4.28905 3.12996 
v -0.0988845 -4.15184 3.03531 
v -0.124041 -4.03196 2.76094 
v -0.120191 -4.07165 2.74767 
v -0.124041 -4.03196 2.76094 
v -0.0846059 -4.10692 2.71134 
v -0.120191 -4.07165 2.74767 
v -0.0650146 -4.12306 2.73303 
v -0.0846059 -4.10692 2.71134 
v -0.0846059 -4.10692 2.71134 
v -0.0872149 -4.02824 2.74418 
v -0.0603206 -4.01765 2.76824 
v -0.118277 -4.04114 3.08197 
v -0.108191 -4.06174 3.02625 
v -0.13004 -4.07143 3.16295 
v -0.127087 -4.02107 3.13869 
v -0.13004 -4.07143 3.16295 
v -0.0988845 -4.15184 3.03531 
v -0.114508 -4.11081 3.09891 
v -0.0251718 -4.03633 2.78058 
v -0.108191 -4.06174 3.02625 
v -0.0163077 -4.08819 2.79351 
v 0.00696138 -4.07921 2.62422 
v -0.0201345 -4.07949 2.60889 
v -0.0378874 -4.12232 2.75001 
v -0.0418917 -4.05841 2.60274 
v 0.0273164 -4.03361 2.49292 
v -0.0418917 -4.05841 2.60274 
v 0.0287292 -4.06434 2.64546 
v -0.0211312 -4.10884 2.76376 
v 0.0295998 -4.03979 2.67069 
v -0.0211312 -4.10884 2.76376 
v 0.0287292 -4.06434 2.64546 
v 0.0532627 -4.03695 2.50484 
v 0.0775177 -4.01959 2.53155 
v -0.0570283 -4.33009 3.10203 
v -0.0570283 -4.33009 3.10203 
v -0.0598621 -4.43239 3.20668 
v -0.0734106 -4.22167 2.93504 
v 0.0641145 -3.99465 2.41267 
v 0.00315893 -4.00519 2.49812 
v 0.0753017 -3.98406 2.55212 
v 0.0775177 -4.01959 2.53155 
v 0.0372855 -3.95991 2.41887 
v 0.00315893 -4.00519 2.49812 
v -0.0382915 -4.01274 2.63019 
v 0.00729528 -3.97388 2.52146 
v 0.0925098 -4.00043 2.42165 
v 0.121307 -3.9779 2.4469 
v 0.121307 -3.9779 2.4469 
v 0.121031 -3.97174 2.37089 
v 0.146829 -3.95688 2.40445 
v 0.0131724 -4.00226 2.66532 
v -0.015467 -3.99408 2.65216 
v 0.0536832 -3.95971 2.55482 
v 0.0275852 -3.95411 2.54142 
v -0.0377566 -4.40352 3.2206 
v -0.0756323 -4.49878 3.29924 
v -0.107523 -4.5211 3.36783 
v -0.108519 -4.47834 3.32268 
v -0.0955549 -4.54351 3.40729 
v -0.111406 -4.46889 3.39809 
v -0.107523 -4.5211 3.36783 
v -0.100924 -4.49238 3.42723 
v -0.108519 -4.47834 3.32268 
v -0.124363 -4.40951 3.2292 
v -0.11201 -4.43376 3.35411 
v -0.0688768 -4.55735 3.3503 
v -0.0955549 -4.54351 3.40729 
v -0.0615196 -4.56241 3.42234 
v -0.0446577 -4.49416 3.29032 
v -0.0757186 -4.45748 3.43328 
v -0.0835858 -4.43672 3.40659 
v -0.0795297 -4.52343 3.44582 
v -0.100924 -4.49238 3.42723 
v -0.0683251 -4.50207 3.48676 
v -0.0795297 -4.52343 3.44582 
v -0.0725196 -4.53725 3.4556 
v -0.0739493 -4.47643 3.46136 
v -0.0623772 -4.55967 3.47562 
v -0.0588772 -4.53489 3.50782 
v -0.0437275 -4.58738 3.52699 
v -0.0197411 -4.53476 3.44419 
v -0.0725196 -4.53725 3.4556 
v -0.0337085 -4.45415 3.42715 
v -0.0259021 -4.47431 3.45279 
v -0.123027 -4.36919 3.25371 
v -0.124363 -4.40951 3.2292 
v -0.0995174 -4.3461 3.26562 
v -0.0657647 -4.34497 3.2629 
v -0.0436174 -4.36562 3.24414 
v -0.0860247 -4.40967 3.36924 
v -0.128815 -3.8034 3.78465 
v -0.0450608 -4.41015 3.36239 
v -0.0381041 -4.43396 3.39435 
v -0.0171484 -4.55838 3.4151 
v -0.0270643 -4.5482 3.34615 
v -0.019244 -4.55613 3.46676 
v -0.0623772 -4.55967 3.47562 
v -0.0197411 -4.53476 3.44419 
v -0.0795297 -4.52343 3.44582 
v -0.0146189 -4.5195 3.43731 
v -0.0146189 -4.5195 3.43731 
v 0.0086 -4.53127 3.3887 
v 0.0086 -4.53127 3.3887 
v -0.0146189 -4.5195 3.43731 
v -0.0171484 -4.55838 3.4151 
v -0.0192258 -4.49915 3.47441 
v -0.019244 -4.55613 3.46676 
v -0.0197411 -4.53476 3.44419 
v 0.00452289 -4.50305 3.33956 
v -0.0158051 -4.53075 3.49791 
v -0.047614 -4.60155 3.49813 
v -0.047614 -4.60155 3.49813 
v -0.0210977 -4.63985 3.51503 
v -0.0103095 -4.5822 3.51964 
v -0.0153409 -4.59703 3.49187 
v -0.0210977 -4.63985 3.51503 
v -0.0153409 -4.59703 3.49187 
v -0.00389239 -4.48167 3.41098 
v -0.0152556 -4.46556 3.30506 
v -0.0377566 -4.40352 3.2206 
v -0.0159122 -4.42806 3.33922 
v -0.0152556 -4.46556 3.30506 
v -0.00611821 -4.45747 3.37617 
v 0.00452289 -4.50305 3.33956 
v 0.0803007 -3.96456 2.35645 
v 0.0497001 -3.9458 2.37322 
v 0.0448171 -3.92559 2.43956 
v 0.0372855 -3.95991 2.41887 
v 0.0581303 -3.89542 2.40728 
v 0.0497001 -3.9458 2.37322 
v 0.0741763 -3.92111 2.34131 
v 0.0810495 -3.87542 2.4342 
v 0.0741763 -3.92111 2.34131 
v 0.112409 -3.92168 2.3248 
v 0.10749 -3.88028 2.34472 
v 0.0769004 -3.87658 2.37794 
v 0.0660465 -3.89784 2.46266 
v -0.11716 -3.72 3.73981 
v 0.12376 -3.93438 2.47318 
v 0.100566 -3.902 2.4764 
v 0.120554 -3.8816 2.44927 
v -0.114527 -3.76183 3.76166 
v -0.114527 -3.76183 3.76166 
v -0.116544 -3.53974 4.0612 
v 0.0769004 -3.87658 2.37794 
v 0.0963851 -3.85854 2.40811 
v 0.10749 -3.88028 2.34472 
v -0.0967063 -3.57932 4.09451 
v -0.119135 -3.62131 4.12751 
v -0.0896612 -3.45277 4.15851 
v -0.0967063 -3.57932 4.09451 
v -0.090105 -3.50825 4.21596 
v -0.0221627 -2.19458 4.15795 
v 0.107137 -3.84728 2.38185 
v 0.151811 -3.92771 2.33718 
v 0.164239 -3.93733 2.3714 
v 0.162196 -3.8945 2.36963 
v 0.118344 -3.88574 2.33535 
v 0.162196 -3.8945 2.36963 
v 0.10749 -3.88028 2.34472 
v 0.118344 -3.88574 2.33535 
v 0.164083 -3.89301 2.35503 
v 0.176699 -3.89516 2.29162 
v 0.148062 -3.88548 2.28073 
v 0.172892 -3.8959 2.24676 
v 0.128552 -3.88115 2.32064 
v 0.168084 -3.88987 2.33286 
v 0.14946 -3.91218 2.43837 
v 0.132319 -3.86848 2.41984 
v 0.146829 -3.95688 2.40445 
v 0.164239 -3.93733 2.3714 
v 0.159967 -3.89851 2.40793 
v 0.159967 -3.89851 2.40793 
v 0.162196 -3.8945 2.36963 
v 0.128552 -3.88115 2.32064 
v 0.151692 -3.8613 2.27767 
v 0.148062 -3.88548 2.28073 
v 0.132944 -3.8427 2.32435 
v 0.118158 -3.84246 2.35467 
v 0.118344 -3.88574 2.33535 
v 0.172557 -3.85308 2.33702 
v 0.162596 -3.85112 2.36943 
v 0.172892 -3.8959 2.24676 
v 0.182499 -3.86696 2.28657 
v 0.176699 -3.89516 2.29162 
v 0.168084 -3.88987 2.33286 
v 0.146874 -3.85738 2.39886 
v 0.164083 -3.89301 2.35503 
v -0.090105 -3.50825 4.21596 
v -0.0990373 -3.32927 4.23428 
v -0.0961998 -3.40035 4.21976 
v -0.09089 -3.42687 4.19582 
v -0.103621 -3.55212 4.25992 
v -0.093288 -3.41803 4.20942 
v -0.146438 -3.49587 4.36597 
v -0.0930354 -3.48835 4.34344 
v -0.10416 -3.34487 4.35543 
v -0.0919153 -3.52663 4.32275 
v -0.0957884 -3.44593 4.35684 
v -0.110124 -3.17059 4.34573 
v -0.106911 -3.16753 4.26076 
v -0.106417 -2.7064 4.22584 
v -0.116462 -2.52344 4.17671 
v -0.130184 -2.80455 4.3634 
v -0.111652 -2.80881 4.33056 
v -0.107007 -2.79961 4.2616 
v -0.13503 -3.17001 4.36288 
v -0.115323 -2.75348 4.37236 
v -0.0727416 -2.402 4.43523 
v -0.0871137 -2.60544 4.4098 
v -0.0818235 -3.47667 4.25599 
v -0.0786816 -3.41977 4.28573 
v -0.0858621 -3.33717 4.29458 
v -0.0818235 -3.47667 4.25599 
v -0.0790317 -3.44869 4.27052 
v -0.0934802 -3.16828 4.30142 
v -0.0934802 -3.16828 4.30142 
v -0.0858621 -3.33717 4.29458 
v -0.0995348 -2.80825 4.29388 
v -0.0790317 -3.44869 4.27052 
v -0.0786816 -3.41977 4.28573 
v -0.0995348 -2.80825 4.29388 
v -0.0807073 -2.71093 4.2664 
v -0.0811245 -2.74046 4.32482 
v -0.0807073 -2.71093 4.2664 
v -0.0595779 -2.55232 4.2489 
v -0.0518599 -2.34404 4.22447 
v -0.0341808 -2.38437 4.34122 
v -0.0595779 -2.55232 4.2489 
v -0.0518599 -2.34404 4.22447 
v -0.0540486 -2.58351 4.33952 
v 0.0233335 -2.27393 4.3316 
v -0.0221627 -2.19458 4.15795 
v -0.0122393 -2.29553 4.47619 

vn 0.11811 -0.724409 -0.685039 
vn -0.80315 -0.307087 -0.511811 
vn -0.275591 -0.149606 -0.952756 
vn -0.299213 -0.905512 -0.291339 
vn -0.850394 -0.496063 0.188976 
vn 0.314961 0.015748 -0.944882 
vn 0.228346 0.409449 -0.88189 
vn -0.937008 -0.283465 0.188976 
vn -0.165354 -0.984252 -0.0551181 
vn 0.614173 -0.149606 -0.779528 
vn 0.283465 -0.818898 -0.496063 
vn 0.314961 0.015748 -0.944882 
vn 0.637795 0.622047 -0.448819 
vn 0.614173 -0.149606 -0.779528 
vn 0.724409 -0.133858 -0.677165 
vn -0.826772 -0.0314961 0.559055 
vn -0.622047 -0.669291 0.409449 
vn -0.559055 -0.677165 0.472441 
vn -0.559055 -0.677165 0.472441 
vn -0.661417 -0.0314961 0.748031 
vn -0.622047 -0.669291 0.409449 
vn -0.850394 -0.496063 0.188976 
vn -0.826772 -0.0314961 0.559055 
vn -0.645669 -0.023622 0.76378 
vn -0.637795 -0.637795 0.433071 
vn -0.637795 -0.637795 0.433071 
vn -0.700787 -0.023622 0.708661 
vn -0.338583 0.716535 0.606299 
vn -0.314961 0.661417 0.677165 
vn -0.330709 0.622047 0.708661 
vn 0.661417 -0.456693 -0.598425 
vn -0.19685 -0.952756 0.23622 
vn -0.527559 -0.362205 -0.76378 
vn -0.19685 -0.952756 0.23622 
vn -0.937008 0.251969 0.244094 
vn -0.527559 -0.362205 -0.76378 
vn -0.330709 -0.913386 0.244094 
vn -0.015748 0.755906 -0.653543 
vn 0.661417 -0.456693 -0.598425 
vn -0.850394 0.330709 0.409449 
vn -0.330709 -0.913386 0.244094 
vn 0.598425 -0.330709 -0.732283 
vn 0.448819 0.653543 -0.606299 
vn 0.598425 -0.330709 -0.732283 
vn 0.582677 -0.314961 -0.748031 
vn -0.314961 -0.929134 0.181102 
vn -0.409449 0.622047 0.669291 
vn -0.937008 -0.283465 0.188976 
vn -0.748031 0.448819 0.496063 
vn -0.314961 -0.929134 0.181102 
vn 0.448819 0.653543 -0.606299 
vn 0.283465 0.952756 0.133858 
vn 0.322835 0.937008 0.141732 
vn 0.724409 -0.133858 -0.677165 
vn -0.283465 -0.96063 -0.0393701 
vn 0.212598 -0.826772 -0.519685 
vn -0.322835 -0.944882 0.00787402 
vn 0.677165 -0.0866142 -0.732283 
vn 0.204724 -0.850394 -0.480315 
vn 0.692913 -0.0629921 -0.716535 
vn 0.677165 -0.0866142 -0.732283 
vn 0.606299 0.669291 -0.425197 
vn 0.692913 -0.0629921 -0.716535 
vn -0.527559 -0.811024 -0.251969 
vn 0.338583 -0.84252 -0.425197 
vn 0.362205 -0.84252 -0.401575 
vn 0.645669 0.637795 -0.417323 
vn 0.181102 -0.897638 -0.401575 
vn -0.629921 -0.637795 0.440945 
vn -0.716535 -0.0708661 0.700787 
vn -0.629921 -0.637795 0.440945 
vn -0.362205 0.732283 0.574803 
vn 0.692913 -0.165354 -0.708661 
vn -0.559055 -0.76378 -0.330709 
vn 0.283465 -0.771654 -0.574803 
vn 0.692913 -0.165354 -0.708661 
vn 0.937008 -0.228346 -0.259843 
vn -0.96063 -0.283465 -0.0472441 
vn -0.96063 -0.283465 0.015748 
vn 0.708661 0.598425 -0.377953 
vn -0.511811 -0.811024 -0.275591 
vn -0.96063 -0.259843 0.0472441 
vn -0.425197 -0.834646 -0.354331 
vn -0.96063 -0.259843 0.0472441 
vn -0.92126 0.330709 0.204724 
vn -0.889764 0.338583 0.299213 
vn 0.897638 -0.338583 -0.291339 
vn 0.322835 -0.811024 -0.496063 
vn 0.937008 0.354331 -0.00787402 
vn 0.937008 -0.220472 -0.259843 
vn 0.897638 -0.338583 -0.291339 
vn 0.314961 0.944882 0.0551181 
vn 0.291339 0.96063 -0.015748 
vn 0.913386 0.393701 -0.0866142 
vn 0.811024 -0.141732 -0.574803 
vn -0.96063 -0.283465 0.015748 
vn -0.929134 0.354331 0.0944882 
vn -0.480315 0.826772 0.283465 
vn 0.559055 0.692913 -0.448819 
vn -0.346457 -0.929134 0.102362 
vn -0.661417 -0.582677 0.480315 
vn -0.622047 -0.779528 -0.015748 
vn -0.732283 -0.11811 0.669291 
vn -0.661417 -0.582677 0.480315 
vn -0.015748 -0.92126 -0.393701 
vn 0.456693 -0.220472 -0.858268 
vn -0.149606 -0.708661 -0.692913 
vn 0.0629921 -0.503937 -0.858268 
vn -0.456693 -0.0866142 -0.88189 
vn 0.456693 -0.220472 -0.858268 
vn -0.779528 -0.448819 0.433071 
vn -0.291339 -0.850394 -0.448819 
vn -0.755906 -0.614173 0.23622 
vn -0.755906 -0.614173 0.23622 
vn -0.779528 -0.0551181 0.622047 
vn -0.779528 -0.448819 0.433071 
vn -0.755906 -0.188976 0.629921 
vn -0.905512 -0.11811 0.409449 
vn -0.84252 0.393701 0.362205 
vn -0.370079 0.874016 -0.322835 
vn -0.456693 -0.0866142 -0.88189 
vn -0.496063 0.653543 0.574803 
vn 0.11811 0.992126 0.0314961 
vn 0.409449 0.755906 -0.511811 
vn -0.96063 -0.283465 -0.0472441 
vn -0.433071 0.874016 0.204724 
vn -0.653543 0.503937 0.566929 
vn -0.125984 0.984252 0.11811 
vn -0.354331 0.929134 0.110236 
vn -0.0866142 -0.874016 -0.480315 
vn -0.755906 -0.23622 0.614173 
vn -0.811024 -0.503937 0.307087 
vn 0.0866142 -0.692913 -0.716535 
vn -0.283465 -0.897638 -0.330709 
vn -0.811024 -0.503937 0.307087 
vn 0.267717 -0.826772 -0.488189 
vn -0.0787402 0.15748 -0.984252 
vn -0.724409 -0.480315 0.496063 
vn -0.535433 0.0866142 0.84252 
vn 0 -0.614173 0.795276 
vn -0.748031 -0.535433 0.393701 
vn -0.724409 -0.480315 0.488189 
vn -0.96063 -0.125984 0.244094 
vn -0.905512 -0.11811 0.409449 
vn -0.692913 -0.606299 0.377953 
vn 0.204724 -0.834646 0.511811 
vn -0.929134 0.0787402 0.354331 
vn -0.480315 0.653543 0.582677 
vn 0 -0.614173 0.795276 
vn 0.385827 -0.80315 0.448819 
vn 0.291339 0.952756 0.00787402 
vn 0.362205 0.929134 0.110236 
vn 0.354331 0.92126 0.173228 
vn 0.811024 -0.141732 -0.574803 
vn 0.755906 0.629921 -0.19685 
vn -0.362205 0.929134 0.110236 
vn 0.393701 0.897638 -0.181102 
vn 0.291339 0.952756 0.00787402 
vn -0.952756 0.283465 0.11811 
vn -0.84252 0.393701 0.362205 
vn -0.984252 0.141732 0.0629921 
vn -0.952756 -0.212598 0.212598 
vn -0.425197 0.897638 -0.0944882 
vn -0.464567 0.850394 -0.228346 
vn 0.417323 0.858268 -0.291339 
vn -0.897638 -0.385827 0.212598 
vn -0.582677 0.559055 0.590551 
vn -0.944882 -0.102362 -0.314961 
vn -0.330709 -0.795276 -0.511811 
vn -0.92126 -0.385827 -0.023622 
vn -0.889764 0.291339 0.354331 
vn -0.944882 -0.102362 -0.314961 
vn -0.92126 -0.385827 -0.023622 
vn -0.897638 -0.440945 0.0393701 
vn -0.913386 0.220472 -0.330709 
vn -0.503937 0 -0.866142 
vn -0.913386 0.393701 0.0944882 
vn -0.913386 0.393701 0.0944882 
vn 0.283465 -0.740157 -0.606299 
vn -0.307087 -0.889764 -0.338583 
vn -0.897638 -0.440945 0.0393701 
vn 0.23622 0 -0.968504 
vn -0.874016 0.267717 0.401575 
vn -0.417323 0.740157 0.535433 
vn -0.023622 0.889764 -0.456693 
vn 0.0393701 0.96063 -0.283465 
vn -0.952756 -0.307087 0.0393701 
vn -0.409449 0.716535 0.566929 
vn -0.952756 -0.307087 0.0393701 
vn -0.88189 0.299213 0.354331 
vn -0.409449 0.755906 0.519685 
vn 0.826772 0.228346 -0.511811 
vn -0.637795 -0.771654 -0.023622 
vn -0.771654 0.559055 -0.307087 
vn -0.125984 -0.377953 -0.92126 
vn 0.755906 -0.598425 -0.259843 
vn -0.645669 -0.76378 -0.0551181 
vn -0.637795 -0.771654 -0.023622 
vn -0.645669 -0.76378 -0.0551181 
vn 0.496063 0.685039 -0.527559 
vn 0.551181 0.795276 -0.244094 
vn -0.76378 0.645669 -0.0472441 
vn -0.125984 -0.377953 -0.92126 
vn 0.779528 -0.566929 -0.267717 
vn 0.779528 -0.582677 -0.228346 
vn -0.582677 -0.80315 -0.0708661 
vn 0.755906 -0.598425 -0.259843 
vn 0.551181 0.834646 0 
vn -0.716535 0.685039 0.141732 
vn -0.425197 0.811024 0.409449 
vn -0.913386 0.220472 -0.330709 
vn -0.582677 -0.80315 -0.0708661 
vn -0.582677 0.771654 0.251969 
vn -0.582677 -0.80315 -0.0708661 
vn 0.826772 0.228346 -0.511811 
vn -0.913386 0.220472 -0.330709 
vn 0.401575 0.811024 0.417323 
vn 0.511811 0.84252 0.149606 
vn 0.362205 -0.818898 -0.448819 
vn 0.874016 -0.338583 -0.346457 
vn 0.795276 -0.141732 -0.590551 
vn 0.874016 -0.385827 -0.299213 
vn 0.929134 0.346457 0.110236 
vn 0.874016 -0.346457 -0.338583 
vn 0.874016 -0.385827 -0.299213 
vn 0.874016 -0.346457 -0.338583 
vn 0.937008 0.354331 0.0472441 
vn 0.874016 -0.338583 -0.346457 
vn 0.354331 0.834646 0.417323 
vn 0.354331 0.80315 0.480315 
vn 0.92126 0.377953 0.0629921 
vn 0.346457 0.889764 0.291339 
vn 0.779528 -0.566929 -0.267717 
vn 0.88189 0.433071 -0.181102 
vn 0.826772 0.228346 -0.511811 
vn 0.779528 -0.582677 -0.228346 
vn 0.401575 0.866142 0.283465 
vn 0.88189 0.433071 -0.181102 
vn 0.795276 -0.141732 -0.590551 
vn 0.590551 -0.314961 -0.748031 
vn 0.228346 0.409449 -0.88189 
vn 0.15748 0.984252 -0.0551181 
vn 0.212598 0.968504 0.0866142 
vn -0.456693 0.80315 0.385827 
vn -1 0.023622 0.00787402 
vn -0.456693 -0.322835 -0.834646 
vn -0.937008 -0.346457 -0.015748 
vn -0.606299 -0.307087 -0.732283 
vn -0.897638 -0.267717 -0.346457 
vn -0.92126 -0.346457 -0.15748 
vn -0.944882 -0.322835 0.0393701 
vn -0.212598 -0.433071 -0.874016 
vn -0.818898 -0.299213 -0.496063 
vn 0.275591 -0.267717 -0.92126 
vn -0.84252 0.464567 -0.291339 
vn -0.976378 -0.204724 0.0472441 
vn -0.992126 -0.141732 0.0314961 
vn -0.787402 0.496063 -0.377953 
vn -1 -0.023622 0.015748 
vn -0.818898 0.307087 -0.488189 
vn -0.992126 0.0472441 0.11811 
vn -0.748031 0.102362 -0.653543 
vn -0.984252 0.0708661 0.149606 
vn -0.80315 -0.488189 0.338583 
vn -0.748031 -0.322835 0.582677 
vn -0.929134 -0.244094 0.275591 
vn -0.858268 -0.267717 0.440945 
vn -0.748031 -0.440945 0.496063 
vn -0.417323 -0.629921 0.653543 
vn -0.259843 -0.283465 0.92126 
vn -0.834646 -0.291339 0.464567 
vn -0.771654 -0.0708661 0.637795 
vn -0.582677 0.732283 -0.362205 
vn -0.992126 -0.133858 0.015748 
vn -0.80315 0.480315 -0.362205 
vn -0.732283 0.535433 -0.417323 
vn 0.291339 0.850394 -0.440945 
vn -0.464567 -0.787402 0.417323 
vn -0.19685 -0.88189 0.440945 
vn -0.811024 -0.527559 0.251969 
vn 0.181102 0.779528 -0.606299 
vn 0.0708661 0.80315 -0.590551 
vn -0.76378 -0.590551 0.251969 
vn -0.141732 -0.905512 0.409449 
vn -0.165354 -0.76378 0.622047 
vn 0 0.88189 -0.480315 
vn -0.0944882 -0.125984 0.984252 
vn -0.015748 0.84252 -0.535433 
vn -0.976378 0.0472441 0.204724 
vn -0.787402 0.0787402 -0.606299 
vn -0.874016 -0.0787402 -0.480315 
vn -0.354331 -0.314961 -0.88189 
vn -0.0629921 0.535433 -0.84252 
vn -0.00787402 0.133858 -0.992126 
vn -0.0393701 0.0944882 -0.992126 
vn -0.220472 -0.133858 -0.968504 
vn -0.968504 -0.110236 0.212598 
vn -0.700787 0.0708661 0.716535 
vn -0.425197 -0.307087 0.850394 
vn -0.307087 -0.228346 0.92126 
vn -0.669291 0.0314961 0.748031 
vn 0 0.0551181 1 
vn -0.629921 -0.173228 0.755906 
vn 0.889764 -0.370079 -0.267717 
vn 0.385827 -0.771654 -0.503937 
vn -0.370079 -0.811024 -0.448819 
vn 0.480315 -0.779528 -0.401575 
vn -0.299213 -0.527559 -0.795276 
vn 0.496063 0.503937 0.708661 
vn 0.968504 -0.0629921 0.23622 
vn 0.88189 -0.015748 0.480315 
vn 0.866142 -0.480315 -0.141732 
vn 0.377953 -0.740157 -0.559055 
vn 0.889764 -0.370079 -0.267717 
vn 0.976378 0.149606 0.181102 
vn -0.88189 -0.472441 -0.0708661 
vn -0.88189 -0.464567 -0.0708661 
vn 0.362205 0.795276 0.480315 
vn 0.92126 -0.251969 0.299213 
vn -0.377953 -0.787402 -0.480315 
vn 0.92126 0.385827 0.102362 
vn 0.88189 -0.015748 0.480315 
vn 0.15748 0.826772 -0.535433 
vn -0.0787402 0.15748 -0.984252 
vn 0.15748 0.826772 -0.535433 
vn -0.629921 -0.409449 -0.661417 
vn -0.0787402 0.15748 -0.984252 
vn -0.023622 -0.889764 -0.456693 
vn -0.629921 -0.409449 -0.661417 
vn -0.629921 -0.409449 -0.661417 
vn -0.566929 0.740157 -0.362205 
vn 0.0551181 0.992126 0.110236 
vn 0.905512 0.425197 -0.00787402 
vn 0.866142 0.480315 0.15748 
vn 0.968504 -0.19685 0.165354 
vn 0.92126 0.377953 -0.0866142 
vn 0.968504 -0.19685 0.165354 
vn 0.88189 -0.015748 0.480315 
vn 0.92126 -0.251969 0.299213 
vn 0.700787 0.614173 0.362205 
vn 0.866142 0.480315 0.15748 
vn 0.96063 -0.0393701 0.267717 
vn 0.393701 -0.905512 -0.173228 
vn -0.19685 -0.88189 -0.425197 
vn 0.496063 -0.834646 -0.259843 
vn -0.84252 -0.267717 -0.464567 
vn -0.330709 -0.80315 -0.503937 
vn -0.84252 -0.267717 -0.464567 
vn 0.818898 -0.559055 0.110236 
vn 0.834646 -0.551181 0.023622 
vn 0.929134 0.0393701 0.370079 
vn 0.834646 -0.551181 0.023622 
vn 0.818898 -0.559055 0.11811 
vn 0.354331 -0.905512 -0.220472 
vn 0.826772 -0.543307 0.149606 
vn 0.92126 -0.23622 -0.314961 
vn 0.92126 -0.23622 -0.314961 
vn 0.393701 -0.716535 -0.582677 
vn 0.866142 -0.480315 -0.141732 
vn -0.346457 -0.779528 -0.519685 
vn -0.88189 -0.133858 -0.448819 
vn 0.866142 0.125984 0.488189 
vn 0.826772 -0.543307 0.149606 
vn -0.92126 -0.0944882 -0.377953 
vn -0.88189 -0.133858 -0.448819 
vn -0.818898 0.543307 -0.181102 
vn -0.858268 0.503937 -0.125984 
vn 0.330709 -0.905512 -0.275591 
vn 0.80315 -0.566929 0.173228 
vn 0.80315 -0.566929 0.173228 
vn 0.346457 -0.826772 -0.448819 
vn 0.818898 -0.566929 0.0944882 
vn 0.519685 0.740157 0.433071 
vn -0.228346 0.96063 0.173228 
vn 0.354331 0.748031 0.566929 
vn -0.433071 0.866142 0.251969 
vn 0.937008 -0.149606 -0.307087 
vn -0.385827 -0.708661 -0.590551 
vn -0.889764 -0.433071 -0.141732 
vn -0.913386 -0.346457 -0.212598 
vn -0.80315 -0.566929 0.19685 
vn -0.929134 0.188976 0.307087 
vn -0.889764 -0.425197 -0.141732 
vn -0.88189 0.023622 0.472441 
vn -0.913386 -0.346457 -0.212598 
vn -0.897638 -0.417323 -0.11811 
vn -0.937008 0.259843 0.244094 
vn -0.291339 -0.866142 -0.401575 
vn -0.80315 -0.566929 0.19685 
vn -0.212598 -0.866142 0.456693 
vn 0.354331 -0.645669 -0.677165 
vn -0.370079 0.653543 0.653543 
vn -0.370079 0.724409 0.582677 
vn -0.826772 -0.385827 0.417323 
vn -0.88189 0.023622 0.472441 
vn -0.574803 0.385827 0.716535 
vn -0.826772 -0.385827 0.417323 
vn -0.76378 -0.511811 -0.385827 
vn -0.480315 0.527559 0.700787 
vn -0.76378 -0.551181 -0.338583 
vn -0.551181 0.23622 0.80315 
vn -0.472441 -0.0866142 0.874016 
vn 0.582677 -0.464567 -0.669291 
vn -0.76378 -0.511811 -0.385827 
vn 0.448819 0.724409 0.527559 
vn 0.582677 0.582677 0.559055 
vn -0.929134 0.19685 0.307087 
vn -0.897638 -0.417323 -0.11811 
vn -0.417323 0.716535 0.559055 
vn 0.409449 0.795276 0.448819 
vn 0.905512 0.417323 0.0944882 
vn -0.354331 0.76378 0.543307 
vn 0.590551 -0.724409 0.354331 
vn 0.409449 0.795276 0.456693 
vn 0.425197 0.771654 0.472441 
vn 0.551181 -0.755906 0.362205 
vn 0.377953 -0.795276 -0.480315 
vn 0.653543 -0.425197 -0.622047 
vn -0.76378 -0.551181 -0.338583 
vn 0.582677 -0.464567 -0.669291 
vn -0.826772 -0.385827 0.417323 
vn 0.92126 -0.188976 0.330709 
vn 0.92126 -0.188976 0.330709 
vn 0.944882 -0.314961 0.0314961 
vn 0.944882 -0.314961 0.0314961 
vn 0.92126 -0.188976 0.330709 
vn 0.551181 -0.755906 0.362205 
vn 0.740157 0.456693 0.496063 
vn 0.653543 -0.433071 -0.622047 
vn 0.582677 -0.464567 -0.669291 
vn 0.913386 -0.188976 -0.362205 
vn 0.76378 0.362205 0.535433 
vn -0.740157 -0.566929 -0.370079 
vn -0.740157 -0.566929 -0.370079 
vn 0.188976 -0.976378 0.141732 
vn 0.787402 0.0944882 0.606299 
vn 0.645669 -0.385827 -0.661417 
vn 0.188976 -0.976378 0.141732 
vn 0.637795 -0.385827 -0.661417 
vn 0.905512 0.283465 0.307087 
vn 0.913386 -0.0944882 -0.393701 
vn 0.937008 -0.15748 -0.307087 
vn 0.88189 0.472441 0.0866142 
vn 0.913386 -0.0944882 -0.393701 
vn 0.88189 0.448819 0.141732 
vn 0.913386 -0.188976 -0.362205 
vn -0.283465 -0.661417 -0.692913 
vn -0.866142 -0.133858 -0.488189 
vn -0.889764 0.456693 -0.0629921 
vn -0.92126 -0.0944882 -0.377953 
vn -0.858268 0.511811 -0.0866142 
vn -0.866142 -0.133858 -0.488189 
vn -0.661417 0.102362 -0.740157 
vn -0.440945 0.826772 0.346457 
vn -0.661417 0.102362 -0.740157 
vn -0.015748 -0.015748 -1 
vn -0.559055 0.385827 -0.732283 
vn -0.724409 0.606299 -0.338583 
vn -0.496063 0.787402 0.354331 
vn 0.874016 0.417323 -0.23622 
vn 0.811024 0.0629921 0.582677 
vn 0.275591 0.677165 0.685039 
vn 0.354331 0.692913 0.622047 
vn 0.992126 -0.133858 0.0393701 
vn 0.992126 -0.133858 0.0393701 
vn 0.834646 0.409449 -0.362205 
vn -0.724409 0.606299 -0.338583 
vn -0.338583 0.913386 0.212598 
vn -0.559055 0.393701 -0.732283 
vn 0.992126 -0.11811 -0.015748 
vn 0.692913 -0.653543 0.299213 
vn 0.84252 0.393701 -0.377953 
vn 0.992126 -0.11811 -0.015748 
vn 0.984252 -0.15748 -0.0393701 
vn 0.244094 -0.708661 -0.661417 
vn -0.346457 0.937008 -0.015748 
vn 0.661417 -0.165354 -0.732283 
vn 0.913386 -0.385827 -0.110236 
vn 1 -0.023622 -0.0314961 
vn -0.669291 -0.653543 -0.362205 
vn 1 -0.023622 -0.0314961 
vn -0.559055 0.385827 -0.732283 
vn -0.669291 -0.653543 -0.362205 
vn 0.598425 -0.787402 0.149606 
vn 0.543307 -0.834646 0.0944882 
vn -0.76378 -0.543307 -0.338583 
vn 0.188976 -0.401575 -0.897638 
vn -0.748031 -0.535433 -0.393701 
vn 0.606299 -0.787402 0.102362 
vn 0.858268 0.0866142 0.511811 
vn 0.433071 0.748031 0.503937 
vn 0.818898 -0.566929 0.0944882 
vn 0.913386 -0.385827 -0.110236 
vn 0.937008 0.173228 0.314961 
vn 0.937008 0.165354 0.314961 
vn 1 -0.023622 -0.0314961 
vn -0.748031 -0.535433 -0.393701 
vn -0.385827 0.677165 -0.629921 
vn -0.76378 -0.543307 -0.338583 
vn -0.417323 0.826772 -0.362205 
vn -0.440945 0.874016 -0.212598 
vn -0.669291 -0.653543 -0.362205 
vn 0.80315 0.590551 0.0866142 
vn 0.724409 0.629921 0.291339 
vn 0.188976 -0.401575 -0.897638 
vn 0.858268 0.472441 -0.204724 
vn 0.543307 -0.834646 0.0944882 
vn 0.606299 -0.787402 0.102362 
vn 0.590551 0.692913 0.417323 
vn 0.598425 -0.787402 0.149606 
vn 0.984252 -0.15748 -0.0393701 
vn 0.732283 0.133858 -0.661417 
vn 0.76378 0.346457 -0.551181 
vn 0.826772 0.464567 -0.314961 
vn 0.716535 -0.653543 0.228346 
vn 0.795276 0.480315 -0.362205 
vn -0.125984 -0.433071 0.889764 
vn 0.76378 -0.267717 0.582677 
vn 0.76378 0.0472441 0.637795 
vn 0.716535 -0.559055 0.417323 
vn 0.748031 -0.0708661 0.661417 
vn 0.826772 0.0314961 0.566929 
vn 0.740157 0.0708661 -0.669291 
vn 0.488189 -0.259843 -0.834646 
vn 0.417323 -0.204724 -0.889764 
vn 0.299213 -0.228346 0.929134 
vn 0.897638 -0.141732 0.409449 
vn 0.661417 -0.173228 -0.732283 
vn 0.102362 0.0393701 0.992126 
vn 0.503937 -0.330709 0.795276 
vn 0.559055 -0.314961 0.76378 
vn 0.582677 -0.212598 0.779528 
vn 0.992126 -0.0866142 -0.023622 
vn 1 0.0629921 0.0472441 
vn 1 0.0708661 0.0393701 
vn 0.992126 -0.0866142 -0.023622 
vn 1 0.023622 -0.00787402 
vn 1 0.0314961 0.0314961 
vn 1 0.0314961 0.0314961 
vn 1 0.0708661 0.0393701 
vn 0.992126 -0.11811 -0.0708661 
vn 1 0.023622 -0.00787402 
vn 1 0.0629921 0.0472441 
vn 0.992126 -0.11811 -0.0708661 
vn 0.929134 -0.204724 -0.307087 
vn 0.944882 -0.251969 0.204724 
vn 0.929134 -0.204724 -0.307087 
vn 0.913386 -0.11811 -0.385827 
vn 0.834646 -0.244094 -0.488189 
vn 0.96063 -0.283465 0.0314961 
vn 0.913386 -0.11811 -0.385827 
vn 0.834646 -0.251969 -0.488189 
vn 0.976378 -0.141732 0.149606 
vn 0.448819 -0.858268 -0.251969 
vn 0.244094 -0.708661 -0.661417 
vn 0.0944882 -0.968504 0.23622 

vt 0.132507 0.910507 
vt 0.140503 0.9142 
vt 0.136002 0.915802 
vt 0.136597 0.908203 
vt 0.142899 0.910004 
vt 0.131699 0.916397 
vt 0.136093 0.920898 
vt 0.143906 0.916794 
vt 0.132797 0.901199 
vt 0.128006 0.912399 
vt 0.129303 0.903702 
vt 0.615997 0.794403 
vt 0.6138 0.786697 
vt 0.619293 0.791107 
vt 0.621994 0.784897 
vt 0.147797 0.912796 
vt 0.140793 0.9039 
vt 0.137207 0.898407 
vt 0.600906 0.768295 
vt 0.600998 0.775604 
vt 0.596298 0.772095 
vt 0.593094 0.776794 
vt 0.597702 0.779602 
vt 0.604904 0.771393 
vt 0.131607 0.888107 
vt 0.6091 0.759994 
vt 0.611893 0.762604 
vt 0.615707 0.766602 
vt 0.609207 0.774506 
vt 0.606201 0.777801 
vt 0.145004 0.927094 
vt 0.147095 0.925507 
vt 0.149597 0.931503 
vt 0.589798 0.794693 
vt 0.593201 0.795502 
vt 0.590103 0.801895 
vt 0.591904 0.7892 
vt 0.595795 0.797806 
vt 0.597107 0.800903 
vt 0.5961 0.790695 
vt 0.145004 0.920898 
vt 0.141007 0.923798 
vt 0.132004 0.922699 
vt 0.602203 0.797806 
vt 0.138107 0.921906 
vt 0.143997 0.918793 
vt 0.603394 0.781403 
vt 0.594406 0.784103 
vt 0.598602 0.787201 
vt 0.592804 0.786194 
vt 0.611206 0.790405 
vt 0.610199 0.781906 
vt 0.613205 0.777801 
vt 0.124802 0.905807 
vt 0.127197 0.891006 
vt 0.123703 0.893295 
vt 0.121399 0.880402 
vt 0.1194 0.895599 
vt 0.117905 0.882797 
vt 0.113403 0.885605 
vt 0.628204 0.775696 
vt 0.632202 0.761505 
vt 0.634705 0.7668 
vt 0.083405 0.884903 
vt 0.077301 0.902893 
vt 0.078705 0.884796 
vt 0.624405 0.770996 
vt 0.113205 0.870499 
vt 0.125702 0.877808 
vt 0.618805 0.753204 
vt 0.615799 0.750198 
vt 0.622498 0.757904 
vt 0.643295 0.757797 
vt 0.085205 0.866394 
vt 0.080994 0.866394 
vt 0.107498 0.873703 
vt 0.069 0.882996 
vt 0.089905 0.8703 
vt 0.087601 0.885803 
vt 0.617096 0.781296 
vt 0.082108 0.902695 
vt 0.086807 0.902893 
vt 0.080505 0.921097 
vt 0.667404 0.781494 
vt 0.664505 0.761505 
vt 0.670395 0.780197 
vt 0.072006 0.903198 
vt 0.076599 0.921295 
vt 0.684494 0.775207 
vt 0.680496 0.759293 
vt 0.690201 0.776794 
vt 0.619507 0.769302 
vt 0.626404 0.760406 
vt 0.679092 0.756195 
vt 0.683395 0.740402 
vt 0.660996 0.765594 
vt 0.659393 0.742798 
vt 0.669907 0.759201 
vt 0.639099 0.751907 
vt 0.114197 0.865295 
vt 0.117401 0.8629 
vt 0.107193 0.849503 
vt 0.629395 0.740005 
vt 0.626404 0.736603 
vt 0.106705 0.858505 
vt 0.102203 0.861893 
vt 0.089294 0.854996 
vt 0.097198 0.856094 
vt 0.094193 0.863296 
vt 0.652802 0.750107 
vt 0.110794 0.848694 
vt 0.094803 0.837997 
vt 0.103394 0.832199 
vt 0.635193 0.703293 
vt 0.639298 0.726395 
vt 0.635498 0.722794 
vt 0.643997 0.702805 
vt 0.655304 0.703506 
vt 0.656998 0.708099 
vt 0.655106 0.738403 
vt 0.654999 0.741104 
vt 0.632706 0.744293 
vt 0.635498 0.748505 
vt 0.647003 0.743301 
vt 0.656693 0.749802 
vt 0.665695 0.740997 
vt 0.642105 0.730804 
vt 0.644608 0.736999 
vt 0.660996 0.710205 
vt 0.087906 0.833298 
vt 0.648804 0.692902 
vt 0.645294 0.689102 
vt 0.079498 0.8535 
vt 0.087204 0.816803 
vt 0.094803 0.817505 
vt 0.0802 0.832397 
vt 0.070206 0.8591 
vt 0.653503 0.697098 
vt 0.655304 0.688705 
vt 0.305206 0.952805 
vt 0.313904 0.955002 
vt 0.305695 0.959503 
vt 0.317505 0.9599 
vt 0.310593 0.964798 
vt 0.322098 0.950699 
vt 0.3125 0.949402 
vt 0.648895 0.673202 
vt 0.654007 0.6716 
vt 0.657394 0.690704 
vt 0.319794 0.946106 
vt 0.662003 0.709106 
vt 0.671707 0.738296 
vt 0.674194 0.757507 
vt 0.073303 0.863907 
vt 0.677795 0.735992 
vt 0.317093 0.974396 
vt 0.326096 0.973694 
vt 0.319 0.976898 
vt 0.320694 0.964905 
vt 0.313995 0.969498 
vt 0.327499 0.960297 
vt 0.324295 0.9552 
vt 0.323807 0.970306 
vt 0.330704 0.965897 
vt 0.333298 0.970398 
vt 0.395096 0.916702 
vt 0.600906 0.784302 
vt 0.086197 0.956802 
vt 0.080994 0.948395 
vt 0.086807 0.946198 
vt 0.680695 0.823105 
vt 0.6763 0.830994 
vt 0.673996 0.824295 
vt 0.673203 0.817596 
vt 0.080505 0.962601 
vt 0.081299 0.957596 
vt 0.0849 0.9664 
vt 0.682297 0.828293 
vt 0.076202 0.949203 
vt 0.080307 0.939194 
vt 0.085297 0.939407 
vt 0.075607 0.957199 
vt 0.679596 0.817001 
vt 0.686096 0.821396 
vt 0.599701 0.793793 
vt 0.602493 0.790894 
vt 0.671494 0.799301 
vt 0.684708 0.816101 
vt 0.085999 0.921295 
vt 0.6754 0.798294 
vt 0.679993 0.796493 
vt 0.072205 0.960693 
vt 0.694107 0.847198 
vt 0.696304 0.843903 
vt 0.701096 0.849304 
vt 0.072006 0.972107 
vt 0.078003 0.967194 
vt 0.076202 0.972702 
vt 0.688904 0.842895 
vt 0.699799 0.842499 
vt 0.697403 0.836304 
vt 0.692398 0.838592 
vt 0.073105 0.978104 
vt 0.072403 0.966095 
vt 0.072403 0.962906 
vt 0.078995 0.964401 
vt 0.703507 0.842499 
vt 0.695496 0.832107 
vt 0.689301 0.834305 
vt 0.687607 0.825897 
vt 0.683197 0.834106 
vt 0.684601 0.838592 
vt 0.6884 0.830307 
vt 0.078995 0.964401 
vt 0.072205 0.960693 
vt 0.080505 0.962601 
vt 0.691895 0.820206 
vt 0.694397 0.828201 
vt 0.075897 0.939499 
vt 0.069702 0.948303 
vt 0.070999 0.955002 
vt 0.070297 0.940094 
vt 0.694794 0.812897 
vt 0.694397 0.794006 
vt 0.700897 0.810806 
vt 0.070801 0.921707 
vt 0.697403 0.819397 
vt 0.703705 0.817993 
vt 0.684601 0.795196 
vt 0.689896 0.814804 
vt 0.688904 0.794296 
vt 0.679092 0.776001 
vt 0.702698 0.835495 
vt 0.066803 0.960098 
vt 0.701004 0.829102 
vt 0.701996 0.831604 
vt 0.6931 0.824493 
vt 0.698898 0.824097 
vt 0.705399 0.823807 
vt 0.606003 0.795807 
vt 0.6082 0.794098 
vt 0.605194 0.787704 
vt 0.6073 0.785095 
vt 0.675293 0.777206 
vt 0.398193 0.922394 
vt 0.574402 0.887207 
vt 0.598801 0.870407 
vt 0.599899 0.888 
vt 0.550293 0.877808 
vt 0.570694 0.875503 
vt 0.6203 0.865707 
vt 0.615799 0.906692 
vt 0.621597 0.881393 
vt 0.594696 0.905106 
vt 0.461395 0.898102 
vt 0.451706 0.891403 
vt 0.458099 0.889297 
vt 0.463806 0.897507 
vt 0.462006 0.888702 
vt 0.467606 0.895904 
vt 0.4655 0.8871 
vt 0.477097 0.893997 
vt 0.4758 0.885498 
vt 0.456406 0.883606 
vt 0.591995 0.856094 
vt 0.546402 0.870697 
vt 0.563599 0.865799 
vt 0.611298 0.850403 
vt 0.599304 0.837097 
vt 0.583893 0.843903 
vt 0.460495 0.882797 
vt 0.464294 0.881103 
vt 0.400696 0.9272 
vt 0.437805 0.900803 
vt 0.455505 0.901093 
vt 0.440796 0.9077 
vt 0.402802 0.930603 
vt 0.393295 0.913406 
vt 0.433594 0.890396 
vt 0.435303 0.894607 
vt 0.443405 0.912796 
vt 0.458801 0.906998 
vt 0.449799 0.885696 
vt 0.447998 0.880707 
vt 0.4543 0.877899 
vt 0.463898 0.9048 
vt 0.462799 0.875503 
vt 0.466202 0.904007 
vt 0.495697 0.882202 
vt 0.496399 0.888397 
vt 0.539093 0.878006 
vt 0.5522 0.884003 
vt 0.469101 0.902603 
vt 0.4776 0.900101 
vt 0.496704 0.893097 
vt 0.539398 0.882202 
vt 0.538406 0.872498 
vt 0.474594 0.878601 
vt 0.544006 0.864197 
vt 0.559494 0.855896 
vt 0.494797 0.876007 
vt 0.473496 0.873001 
vt 0.537705 0.867905 
vt 0.077896 0.818497 
vt 0.081696 0.815399 
vt 0.086395 0.799896 
vt 0.072998 0.835098 
vt 0.069305 0.853805 
vt 0.663803 0.686096 
vt 0.677795 0.692505 
vt 0.667099 0.692001 
vt 0.074402 0.825195 
vt 0.081696 0.799194 
vt 0.678299 0.682404 
vt 0.672104 0.685394 
vt 0.091507 0.800507 
vt 0.643494 0.671905 
vt 0.659302 0.6698 
vt 0.308502 0.942398 
vt 0.0858 0.783203 
vt 0.665207 0.669006 
vt 0.299896 0.945007 
vt 0.6828 0.732498 
vt 0.6857 0.736206 
vt 0.6828 0.732498 
vt 0.689407 0.742004 
vt 0.6857 0.736206 
vt 0.064606 0.851395 
vt 0.066101 0.854797 
vt 0.689407 0.742004 
vt 0.689102 0.731094 
vt 0.690308 0.725906 
vt 0.329895 0.979202 
vt 0.324402 0.983902 
vt 0.316803 0.939499 
vt 0.335495 0.974594 
vt 0.339401 0.980194 
vt 0.3284 0.993805 
vt 0.334 0.986694 
vt 0.692902 0.720306 
vt 0.664902 0.701706 
vt 0.694 0.712799 
vt 0.052505 0.864105 
vt 0.055603 0.866699 
vt 0.0616 0.848694 
vt 0.058594 0.869202 
vt 0.046402 0.880798 
vt 0.7034 0.743301 
vt 0.049393 0.861206 
vt 0.059006 0.846695 
vt 0.708603 0.723495 
vt 0.698196 0.710907 
vt 0.712296 0.720795 
vt 0.043396 0.878494 
vt 0.039703 0.875 
vt 0.077103 0.801193 
vt 0.671204 0.667007 
vt 0.081696 0.783203 
vt 0.682404 0.688995 
vt 0.039703 0.8909 
vt 0.050507 0.883102 
vt 0.723908 0.733002 
vt 0.726807 0.7285 
vt 0.044495 0.893997 
vt 0.716599 0.749405 
vt 0.704605 0.736801 
vt 0.718399 0.744705 
vt 0.036301 0.888794 
vt 0.031494 0.885605 
vt 0.738998 0.732803 
vt 0.031403 0.895294 
vt 0.0271 0.891602 
vt 0.707398 0.728607 
vt 0.705795 0.732498 
vt 0.721802 0.736801 
vt 0.720306 0.740601 
vt 0.666107 0.650299 
vt 0.085907 0.769196 
vt 0.0923 0.760193 
vt 0.091995 0.768906 
vt 0.632706 0.627899 
vt 0.641098 0.632904 
vt 0.633499 0.634003 
vt 0.639999 0.628006 
vt 0.636795 0.641495 
vt 0.091293 0.783798 
vt 0.643402 0.639801 
vt 0.085693 0.759598 
vt 0.090805 0.753296 
vt 0.086105 0.751205 
vt 0.081406 0.769806 
vt 0.645706 0.628296 
vt 0.6465 0.632797 
vt 0.0896 0.746704 
vt 0.0952 0.747406 
vt 0.643906 0.619995 
vt 0.638596 0.622406 
vt 0.638107 0.6194 
vt 0.644699 0.624298 
vt 0.638504 0.614395 
vt 0.643601 0.615295 
vt 0.643494 0.608307 
vt 0.082703 0.743103 
vt 0.089493 0.744507 
vt 0.651199 0.627304 
vt 0.650894 0.623199 
vt 0.647202 0.6548 
vt 0.641205 0.655594 
vt 0.651596 0.654007 
vt 0.656097 0.652893 
vt 0.660507 0.651703 
vt 0.648193 0.638504 
vt 0.391602 0.910202 
vt 0.653198 0.637405 
vt 0.652405 0.632095 
vt 0.080307 0.751007 
vt 0.080994 0.759796 
vt 0.084198 0.739502 
vt 0.089798 0.740494 
vt 0.082703 0.743103 
vt 0.0896 0.746704 
vt 0.081299 0.744995 
vt 0.081299 0.744995 
vt 0.075806 0.755203 
vt 0.662705 0.622208 
vt 0.655899 0.6194 
vt 0.660904 0.616501 
vt 0.650406 0.619095 
vt 0.653793 0.612305 
vt 0.655899 0.616592 
vt 0.074997 0.762695 
vt 0.6492 0.614593 
vt 0.090302 0.734405 
vt 0.639999 0.607101 
vt 0.644699 0.601303 
vt 0.647507 0.608093 
vt 0.086197 0.733597 
vt 0.089096 0.728104 
vt 0.650406 0.605896 
vt 0.656494 0.625397 
vt 0.075699 0.770004 
vt 0.076706 0.7836 
vt 0.658402 0.636795 
vt 0.664795 0.636505 
vt 0.657806 0.630707 
vt 0.665299 0.629303 
vt 0.035995 0.898193 
vt 0.040604 0.899399 
vt 0.729202 0.752106 
vt 0.726105 0.756195 
vt 0.734497 0.754593 
vt 0.730103 0.761002 
vt 0.735504 0.763794 
vt 0.736603 0.75 
vt 0.034897 0.906097 
vt 0.030808 0.904099 
vt 0.026794 0.908707 
vt 0.738907 0.757004 
vt 0.732193 0.747604 
vt 0.404694 0.934097 
vt 0.736404 0.738693 
vt 0.734406 0.743393 
vt 0.739197 0.745499 
vt 0.407196 0.939102 
vt 0.388794 0.904907 
vt 0.444901 0.916397 
vt 0.028793 0.914001 
vt 0.740494 0.751999 
vt 0.7435 0.7603 
vt 0.426895 0.881195 
vt 0.431503 0.886597 
vt 0.460693 0.912796 
vt 0.447907 0.922195 
vt 0.440308 0.869904 
vt 0.601807 0.925201 
vt 0.743607 0.754105 
vt 0.026703 0.901001 
vt 0.024307 0.897201 
vt 0.0215 0.902695 
vt 0.024796 0.909103 
vt 0.0215 0.902695 
vt 0.026794 0.908707 
vt 0.024796 0.909103 
vt 0.020706 0.904297 
vt 0.015396 0.910797 
vt 0.018204 0.913696 
vt 0.013199 0.916 
vt 0.022797 0.9104 
vt 0.018997 0.906692 
vt 0.742096 0.741196 
vt 0.742905 0.747604 
vt 0.745606 0.735107 
vt 0.750595 0.737503 
vt 0.746307 0.743103 
vt 0.017395 0.899597 
vt 0.751205 0.745102 
vt 0.751801 0.761795 
vt 0.757599 0.758499 
vt 0.758194 0.761307 
vt 0.751099 0.756897 
vt 0.746903 0.756195 
vt 0.746857 0.7621 
vt 0.753296 0.752106 
vt 0.749497 0.750503 
vt 0.764008 0.758606 
vt 0.759003 0.754898 
vt 0.761398 0.752502 
vt 0.756393 0.748505 
vt 0.746002 0.748795 
vt 0.753296 0.746399 
vt 0.463898 0.921204 
vt 0.479202 0.905106 
vt 0.470993 0.9086 
vt 0.466095 0.910995 
vt 0.445404 0.875702 
vt 0.468308 0.910004 
vt 0.458496 0.876297 
vt 0.456207 0.870605 
vt 0.472305 0.867996 
vt 0.452301 0.872696 
vt 0.460693 0.869598 
vt 0.492706 0.867798 
vt 0.497406 0.897903 
vt 0.550598 0.890198 
vt 0.571396 0.897598 
vt 0.536896 0.863602 
vt 0.534805 0.860001 
vt 0.539597 0.887299 
vt 0.493897 0.871506 
vt 0.542099 0.859299 
vt 0.576401 0.832901 
vt 0.556702 0.8479 
vt 0.447296 0.864899 
vt 0.474503 0.916397 
vt 0.482193 0.911697 
vt 0.469605 0.919693 
vt 0.472 0.917603 
vt 0.498993 0.902603 
vt 0.492294 0.861999 
vt 0.471893 0.860397 
vt 0.533005 0.856399 
vt 0.453293 0.861496 
vt 0.460007 0.860794 
vt 0.537994 0.890305 
vt 0.547394 0.894806 
vt 0.5392 0.852707 
vt 0.536194 0.845596 
vt 0.562805 0.904999 
vt 0.584396 0.916901 
vt 0.568604 0.822205 
vt 0.5466 0.829803 
vt 0.560104 0.809601 
vt 0.552399 0.839706 
vt 0.576706 0.809601 
vt 0.564194 0.790604 
vt 0.587402 0.822006 

usemtl Tail1Mtl

f 1372/1372/1372 1363/1363/1363 1266/1266/1266 
f 1402/1402/1402 1266/1266/1266 1363/1363/1363 
f 1363/1363/1363 1372/1372/1372 1364/1364/1364 
f 1363/1363/1363 1362/1362/1362 1402/1402/1402 
f 1403/1403/1403 1402/1402/1402 1362/1362/1362 
f 1364/1364/1364 1352/1352/1352 1363/1363/1363 
f 1362/1362/1362 1363/1363/1363 1352/1352/1352 
f 1352/1352/1352 1364/1364/1364 1353/1353/1353 
f 1362/1362/1362 1404/1404/1404 1403/1403/1403 
f 1351/1351/1351 1352/1352/1352 1353/1353/1353 
f 1404/1404/1404 1362/1362/1362 1365/1365/1365 
f 1359/1359/1359 1362/1362/1362 1352/1352/1352 
f 1352/1352/1352 1351/1351/1351 1359/1359/1359 
f 1362/1362/1362 1359/1359/1359 1365/1365/1365 
f 1351/1351/1351 1358/1358/1358 1359/1359/1359 
f 1358/1358/1358 1351/1351/1351 1360/1360/1360 
f 1375/1375/1375 1359/1359/1359 1358/1358/1358 
f 1359/1359/1359 1375/1375/1375 1365/1365/1365 
f 1375/1375/1375 1404/1404/1404 1365/1365/1365 
f 1404/1404/1404 1375/1375/1375 1417/1417/1417 
f 1375/1375/1375 1389/1389/1389 1388/1388/1388 
f 1380/1380/1380 1388/1388/1388 1389/1389/1389 
f 1388/1388/1388 1380/1380/1380 1387/1387/1387 
f 1380/1380/1380 1379/1379/1379 1387/1387/1387 
f 1379/1379/1379 1380/1380/1380 1381/1381/1381 
f 1379/1379/1379 1381/1381/1381 1386/1386/1386 
f 1530/1530/1530 1529/1529/1529 1544/1544/1544 
f 1547/1547/1547 1530/1530/1530 1544/1544/1544 
f 1543/1543/1543 1537/1537/1537 1530/1530/1530 
f 1530/1530/1530 1547/1547/1547 1543/1543/1543 
f 1551/1551/1551 1538/1538/1538 1537/1537/1537 
f 1537/1537/1537 1543/1543/1543 1551/1551/1551 
f 1538/1538/1538 1551/1551/1551 1552/1552/1552 
f 1551/1551/1551 1555/1555/1555 1552/1552/1552 
f 1555/1555/1555 1551/1551/1551 1554/1554/1554 
f 1543/1543/1543 1554/1554/1554 1551/1551/1551 
f 1554/1554/1554 1661/1661/1661 1555/1555/1555 
f 1547/1547/1547 1630/1630/1630 1543/1543/1543 
f 1554/1554/1554 1543/1543/1543 1630/1630/1630 
f 1630/1630/1630 1547/1547/1547 1631/1631/1631 
f 1638/1638/1638 1630/1630/1630 1631/1631/1631 
f 1661/1661/1661 1554/1554/1554 1660/1660/1660 
f 1639/1639/1639 1554/1554/1554 1630/1630/1630 
f 1630/1630/1630 1638/1638/1638 1639/1639/1639 
f 1554/1554/1554 1639/1639/1639 1660/1660/1660 
f 1638/1638/1638 1640/1640/1640 1639/1639/1639 
f 1640/1640/1640 1638/1638/1638 1650/1650/1650 
f 1662/1662/1662 1639/1639/1639 1640/1640/1640 
f 1639/1639/1639 1662/1662/1662 1660/1660/1660 
f 1662/1662/1662 1661/1661/1661 1660/1660/1660 
f 1661/1661/1661 1662/1662/1662 1678/1678/1678 
f 1662/1662/1662 1666/1666/1666 1667/1667/1667 
f 1671/1671/1671 1667/1667/1667 1666/1666/1666 
f 1667/1667/1667 1671/1671/1671 1672/1672/1672 
f 1671/1671/1671 1668/1668/1668 1672/1672/1672 
f 1668/1668/1668 1671/1671/1671 1669/1669/1669 
f 1668/1668/1668 1669/1669/1669 1670/1670/1670 
f 1288/1288/1288 1259/1259/1259 1289/1289/1289 
f 1285/1285/1285 1288/1288/1288 1295/1295/1295 
f 1289/1289/1289 1295/1295/1295 1288/1288/1288 
f 1296/1296/1296 1285/1285/1285 1295/1295/1295 
f 1295/1295/1295 1289/1289/1289 1291/1291/1291 
f 1289/1289/1289 1290/1290/1290 1291/1291/1291 
f 1290/1290/1290 1295/1295/1295 1291/1291/1291 
f 1290/1290/1290 1289/1289/1289 1292/1292/1292 
f 1313/1313/1313 1296/1296/1296 1295/1295/1295 
f 1295/1295/1295 1290/1290/1290 1313/1313/1313 
f 1296/1296/1296 1313/1313/1313 1317/1317/1317 
f 1296/1296/1296 1317/1317/1317 1318/1318/1318 
f 1317/1317/1317 1499/1499/1499 1318/1318/1318 
f 1261/1261/1261 1290/1290/1290 1292/1292/1292 
f 1319/1319/1319 1317/1317/1317 1313/1313/1313 
f 1290/1290/1290 1319/1319/1319 1313/1313/1313 
f 1499/1499/1499 1317/1317/1317 1489/1489/1489 
f 1489/1489/1489 1569/1569/1569 1499/1499/1499 
f 1488/1488/1488 1489/1489/1489 1317/1317/1317 
f 1317/1317/1317 1319/1319/1319 1488/1488/1488 
f 1569/1569/1569 1489/1489/1489 1503/1503/1503 
f 1489/1489/1489 1488/1488/1488 1496/1496/1496 
f 1496/1496/1496 1503/1503/1503 1489/1489/1489 
f 1487/1487/1487 1496/1496/1496 1488/1488/1488 
f 1319/1319/1319 1487/1487/1487 1488/1488/1488 
f 1496/1496/1496 1487/1487/1487 1539/1539/1539 
f 1487/1487/1487 1319/1319/1319 1495/1495/1495 
f 1539/1539/1539 1541/1541/1541 1496/1496/1496 
f 1503/1503/1503 1496/1496/1496 1541/1541/1541 
f 1541/1541/1541 1539/1539/1539 1625/1625/1625 
f 1624/1624/1624 1541/1541/1541 1625/1625/1625 
f 1495/1495/1495 1319/1319/1319 1490/1490/1490 
f 1490/1490/1490 1533/1533/1533 1495/1495/1495 
f 1541/1541/1541 1624/1624/1624 1574/1574/1574 
f 1574/1574/1574 1503/1503/1503 1541/1541/1541 
f 1624/1624/1624 1600/1600/1600 1574/1574/1574 
f 1600/1600/1600 1624/1624/1624 1614/1614/1614 
f 1607/1607/1607 1600/1600/1600 1614/1614/1614 
f 1600/1600/1600 1607/1607/1607 1599/1599/1599 
f 1571/1571/1571 1574/1574/1574 1600/1600/1600 
f 1599/1599/1599 1571/1571/1571 1600/1600/1600 
f 1503/1503/1503 1574/1574/1574 1561/1561/1561 
f 1574/1574/1574 1571/1571/1571 1561/1561/1561 
f 1561/1561/1561 1569/1569/1569 1503/1503/1503 
f 1569/1569/1569 1561/1561/1561 1563/1563/1563 
f 1561/1561/1561 1562/1562/1562 1563/1563/1563 
f 1562/1562/1562 1561/1561/1561 1571/1571/1571 
f 1571/1571/1571 1572/1572/1572 1562/1562/1562 
f 1571/1571/1571 1599/1599/1599 1573/1573/1573 
f 1572/1572/1572 1571/1571/1571 1573/1573/1573 
f 1599/1599/1599 1577/1577/1577 1573/1573/1573 
f 1577/1577/1577 1572/1572/1572 1573/1573/1573 
f 1577/1577/1577 1599/1599/1599 1606/1606/1606 
f 1572/1572/1572 1577/1577/1577 1578/1578/1578 
f 1577/1577/1577 1586/1586/1586 1587/1587/1587 
f 1601/1601/1601 1587/1587/1587 1586/1586/1586 
f 1587/1587/1587 1601/1601/1601 1602/1602/1602 
f 1601/1601/1601 1616/1616/1616 1602/1602/1602 
f 1616/1616/1616 1601/1601/1601 1620/1620/1620 
f 1616/1616/1616 1620/1620/1620 1621/1621/1621 
f 1490/1490/1490 1316/1316/1316 1491/1491/1491 
f 1320/1320/1320 1491/1491/1491 1316/1316/1316 
f 1491/1491/1491 1320/1320/1320 1512/1512/1512 
f 1491/1491/1491 1511/1511/1511 1490/1490/1490 
f 1511/1511/1511 1491/1491/1491 1512/1512/1512 
f 1528/1528/1528 1490/1490/1490 1511/1511/1511 
f 1533/1533/1533 1490/1490/1490 1528/1528/1528 
f 1528/1528/1528 1532/1532/1532 1533/1533/1533 
f 1532/1532/1532 1528/1528/1528 1526/1526/1526 
f 1511/1511/1511 1526/1526/1526 1528/1528/1528 
f 1526/1526/1526 1538/1538/1538 1532/1532/1532 
f 1512/1512/1512 1527/1527/1527 1511/1511/1511 
f 1526/1526/1526 1511/1511/1511 1527/1527/1527 
f 1527/1527/1527 1512/1512/1512 1529/1529/1529 
f 1538/1538/1538 1526/1526/1526 1537/1537/1537 
f 1527/1527/1527 1537/1537/1537 1526/1526/1526 
f 1529/1529/1529 1530/1530/1530 1527/1527/1527 
f 1537/1537/1537 1527/1527/1527 1530/1530/1530 
f 1247/1247/1247 1248/1248/1248 1249/1249/1249 
f 1270/1270/1270 1249/1249/1249 1248/1248/1248 
f 1249/1249/1249 1270/1270/1270 1260/1260/1260 
f 1271/1271/1271 1270/1270/1270 1248/1248/1248 
f 1270/1270/1270 1271/1271/1271 1409/1409/1409 
f 1271/1271/1271 1405/1405/1405 1409/1409/1409 
f 1260/1260/1260 1258/1258/1258 1249/1249/1249 
f 1258/1258/1258 1260/1260/1260 1337/1337/1337 
f 1320/1320/1320 1258/1258/1258 1337/1337/1337 
f 1257/1257/1257 1249/1249/1249 1258/1258/1258 
f 1249/1249/1249 1257/1257/1257 1247/1247/1247 
f 1258/1258/1258 1320/1320/1320 1316/1316/1316 
f 1316/1316/1316 1257/1257/1257 1258/1258/1258 
f 1405/1405/1405 1271/1271/1271 1402/1402/1402 
f 1402/1402/1402 1403/1403/1403 1405/1405/1405 
f 1261/1261/1261 1247/1247/1247 1257/1257/1257 
f 1290/1290/1290 1261/1261/1261 1257/1257/1257 
f 1257/1257/1257 1316/1316/1316 1290/1290/1290 
f 1247/1247/1247 1261/1261/1261 1262/1262/1262 
f 1319/1319/1319 1290/1290/1290 1316/1316/1316 
f 1262/1262/1262 1264/1264/1264 1247/1247/1247 
f 1264/1264/1264 1262/1262/1262 1265/1265/1265 
f 1248/1248/1248 1247/1247/1247 1264/1264/1264 
f 1372/1372/1372 1264/1264/1264 1265/1265/1265 
f 1316/1316/1316 1490/1490/1490 1319/1319/1319 
f 1266/1266/1266 1248/1248/1248 1264/1264/1264 
f 1264/1264/1264 1372/1372/1372 1266/1266/1266 
f 1248/1248/1248 1266/1266/1266 1271/1271/1271 
f 1266/1266/1266 1402/1402/1402 1271/1271/1271 
f 1184/1184/1184 1185/1185/1185 1186/1186/1186 
f 1189/1189/1189 1184/1184/1184 1186/1186/1186 
f 1190/1190/1190 1189/1189/1189 1186/1186/1186 
f 1185/1185/1185 1190/1190/1190 1186/1186/1186 
f 1189/1189/1189 1190/1190/1190 1226/1226/1226 
f 1184/1184/1184 1189/1189/1189 1193/1193/1193 
f 1190/1190/1190 1185/1185/1185 1191/1191/1191 
f 1229/1229/1229 1190/1190/1190 1191/1191/1191 
f 1190/1190/1190 1229/1229/1229 1228/1228/1228 
f 1224/1224/1224 1228/1228/1228 1229/1229/1229 
f 1228/1228/1228 1224/1224/1224 1225/1225/1225 
f 1224/1224/1224 1214/1214/1214 1225/1225/1225 
f 1214/1214/1214 1224/1224/1224 1215/1215/1215 
f 1214/1214/1214 1215/1215/1215 1216/1216/1216 
f 1188/1188/1188 1191/1191/1191 1185/1185/1185 
f 1191/1191/1191 1188/1188/1188 1199/1199/1199 
f 1187/1187/1187 1188/1188/1188 1185/1185/1185 
f 1185/1185/1185 1184/1184/1184 1187/1187/1187 
f 1188/1188/1188 1187/1187/1187 1200/1200/1200 
f 1187/1187/1187 1201/1201/1201 1200/1200/1200 
f 1201/1201/1201 1187/1187/1187 1192/1192/1192 
f 1184/1184/1184 1192/1192/1192 1187/1187/1187 
f 1192/1192/1192 1208/1208/1208 1201/1201/1201 
f 1192/1192/1192 1184/1184/1184 1194/1194/1194 
f 1193/1193/1193 1194/1194/1194 1184/1184/1184 
f 1194/1194/1194 1193/1193/1193 1237/1237/1237 
f 1194/1194/1194 1238/1238/1238 1192/1192/1192 
f 1208/1208/1208 1192/1192/1192 1238/1238/1238 
f 1237/1237/1237 1239/1239/1239 1194/1194/1194 
f 1238/1238/1238 1194/1194/1194 1239/1239/1239 
f 1239/1239/1239 1237/1237/1237 1241/1241/1241 
f 1243/1243/1243 1239/1239/1239 1241/1241/1241 
f 1242/1242/1242 1238/1238/1238 1239/1239/1239 
f 1239/1239/1239 1243/1243/1243 1242/1242/1242 
f 1240/1240/1240 1208/1208/1208 1238/1238/1238 
f 1238/1238/1238 1242/1242/1242 1240/1240/1240 
f 1208/1208/1208 1240/1240/1240 1252/1252/1252 
f 1240/1240/1240 1284/1284/1284 1252/1252/1252 
f 1284/1284/1284 1240/1240/1240 1283/1283/1283 
f 1242/1242/1242 1283/1283/1283 1240/1240/1240 
f 1283/1283/1283 1294/1294/1294 1284/1284/1284 
f 1243/1243/1243 1251/1251/1251 1242/1242/1242 
f 1283/1283/1283 1242/1242/1242 1251/1251/1251 
f 1251/1251/1251 1243/1243/1243 1259/1259/1259 
f 1294/1294/1294 1283/1283/1283 1285/1285/1285 
f 1251/1251/1251 1285/1285/1285 1283/1283/1283 
f 1285/1285/1285 1296/1296/1296 1294/1294/1294 
f 1259/1259/1259 1288/1288/1288 1251/1251/1251 
f 1285/1285/1285 1251/1251/1251 1288/1288/1288 
f 1376/1376/1376 1377/1377/1377 1378/1378/1378 
f 1382/1382/1382 1377/1377/1377 1376/1376/1376 
f 1377/1377/1377 1383/1383/1383 1378/1378/1378 
f 1378/1378/1378 1383/1383/1383 1390/1390/1390 
f 1383/1383/1383 1416/1416/1416 1390/1390/1390 
f 1377/1377/1377 1384/1384/1384 1383/1383/1383 
f 1416/1416/1416 1383/1383/1383 1384/1384/1384 
f 1377/1377/1377 1382/1382/1382 1385/1385/1385 
f 1384/1384/1384 1377/1377/1377 1385/1385/1385 
f 1391/1391/1391 1416/1416/1416 1384/1384/1384 
f 1385/1385/1385 1391/1391/1391 1384/1384/1384 
f 1416/1416/1416 1391/1391/1391 1419/1419/1419 
f 1382/1382/1382 1392/1392/1392 1385/1385/1385 
f 1391/1391/1391 1385/1385/1385 1392/1392/1392 
f 1392/1392/1392 1382/1382/1382 1395/1395/1395 
f 1391/1391/1391 1418/1418/1418 1419/1419/1419 
f 1394/1394/1394 1392/1392/1392 1395/1395/1395 
f 1392/1392/1392 1394/1394/1394 1396/1396/1396 
f 1396/1396/1396 1391/1391/1391 1392/1392/1392 
f 1394/1394/1394 1393/1393/1393 1396/1396/1396 
f 1418/1418/1418 1391/1391/1391 1401/1401/1401 
f 1391/1391/1391 1396/1396/1396 1401/1401/1401 
f 1393/1393/1393 1401/1401/1401 1396/1396/1396 
f 1420/1420/1420 1418/1418/1418 1401/1401/1401 
f 1401/1401/1401 1393/1393/1393 1420/1420/1420 
f 1217/1217/1217 1218/1218/1218 1219/1219/1219 
f 1220/1220/1220 1218/1218/1218 1217/1217/1217 
f 1218/1218/1218 1221/1221/1221 1219/1219/1219 
f 1219/1219/1219 1221/1221/1221 1222/1222/1222 
f 1221/1221/1221 1227/1227/1227 1222/1222/1222 
f 1218/1218/1218 1368/1368/1368 1221/1221/1221 
f 1227/1227/1227 1221/1221/1221 1368/1368/1368 
f 1218/1218/1218 1220/1220/1220 1223/1223/1223 
f 1368/1368/1368 1218/1218/1218 1223/1223/1223 
f 1369/1369/1369 1227/1227/1227 1368/1368/1368 
f 1223/1223/1223 1369/1369/1369 1368/1368/1368 
f 1227/1227/1227 1369/1369/1369 1423/1423/1423 
f 1369/1369/1369 1424/1424/1424 1423/1423/1423 
f 1424/1424/1424 1369/1369/1369 1425/1425/1425 
f 1220/1220/1220 1232/1232/1232 1223/1223/1223 
f 1369/1369/1369 1223/1223/1223 1232/1232/1232 
f 1232/1232/1232 1220/1220/1220 1233/1233/1233 
f 1231/1231/1231 1232/1232/1232 1233/1233/1233 
f 1350/1350/1350 1369/1369/1369 1232/1232/1232 
f 1232/1232/1232 1231/1231/1231 1350/1350/1350 
f 1369/1369/1369 1350/1350/1350 1425/1425/1425 
f 1231/1231/1231 1230/1230/1230 1350/1350/1350 
f 1230/1230/1230 1425/1425/1425 1350/1350/1350 
f 1508/1508/1508 1509/1509/1509 1510/1510/1510 
f 1323/1323/1323 1324/1324/1324 1325/1325/1325 
f 1326/1326/1326 1325/1325/1325 1324/1324/1324 
f 1325/1325/1325 1326/1326/1326 1327/1327/1327 
f 1326/1326/1326 1343/1343/1343 1327/1327/1327 
f 1324/1324/1324 1323/1323/1323 1329/1329/1329 
f 1323/1323/1323 1502/1502/1502 1329/1329/1329 
f 1502/1502/1502 1323/1323/1323 1505/1505/1505 
f 1329/1329/1329 1328/1328/1328 1324/1324/1324 
f 1328/1328/1328 1326/1326/1326 1324/1324/1324 
f 1502/1502/1502 1333/1333/1333 1329/1329/1329 
f 1328/1328/1328 1329/1329/1329 1333/1333/1333 
f 1333/1333/1333 1502/1502/1502 1518/1518/1518 
f 1518/1518/1518 1596/1596/1596 1333/1333/1333 
f 1596/1596/1596 1328/1328/1328 1333/1333/1333 
f 1596/1596/1596 1518/1518/1518 1648/1648/1648 
f 1653/1653/1653 1596/1596/1596 1648/1648/1648 
f 1596/1596/1596 1653/1653/1653 1654/1654/1654 
f 1657/1657/1657 1654/1654/1654 1653/1653/1653 
f 1328/1328/1328 1596/1596/1596 1461/1461/1461 
f 1654/1654/1654 1461/1461/1461 1596/1596/1596 
f 1654/1654/1654 1657/1657/1657 1698/1698/1698 
f 1461/1461/1461 1654/1654/1654 1462/1462/1462 
f 1698/1698/1698 1462/1462/1462 1654/1654/1654 
f 1716/1716/1716 1698/1698/1698 1657/1657/1657 
f 1349/1349/1349 1328/1328/1328 1461/1461/1461 
f 1462/1462/1462 1349/1349/1349 1461/1461/1461 
f 1328/1328/1328 1349/1349/1349 1345/1345/1345 
f 1326/1326/1326 1328/1328/1328 1345/1345/1345 
f 1349/1349/1349 1462/1462/1462 1463/1463/1463 
f 1344/1344/1344 1326/1326/1326 1345/1345/1345 
f 1428/1428/1428 1345/1345/1345 1349/1349/1349 
f 1345/1345/1345 1428/1428/1428 1344/1344/1344 
f 1457/1457/1457 1349/1349/1349 1463/1463/1463 
f 1349/1349/1349 1457/1457/1457 1428/1428/1428 
f 1456/1456/1456 1344/1344/1344 1428/1428/1428 
f 1457/1457/1457 1456/1456/1456 1428/1428/1428 
f 1326/1326/1326 1344/1344/1344 1342/1342/1342 
f 1343/1343/1343 1326/1326/1326 1342/1342/1342 
f 1342/1342/1342 1339/1339/1339 1343/1343/1343 
f 1347/1347/1347 1342/1342/1342 1344/1344/1344 
f 1344/1344/1344 1456/1456/1456 1347/1347/1347 
f 1339/1339/1339 1342/1342/1342 1346/1346/1346 
f 1342/1342/1342 1347/1347/1347 1346/1346/1346 
f 1340/1340/1340 1339/1339/1339 1346/1346/1346 
f 1339/1339/1339 1340/1340/1340 1341/1341/1341 
f 1348/1348/1348 1346/1346/1346 1347/1347/1347 
f 1346/1346/1346 1348/1348/1348 1340/1340/1340 
f 1460/1460/1460 1347/1347/1347 1456/1456/1456 
f 1347/1347/1347 1460/1460/1460 1348/1348/1348 
f 1516/1516/1516 1341/1341/1341 1340/1340/1340 
f 1348/1348/1348 1516/1516/1516 1340/1340/1340 
f 1341/1341/1341 1516/1516/1516 1517/1517/1517 
f 1516/1516/1516 1521/1521/1521 1517/1517/1517 
f 1521/1521/1521 1516/1516/1516 1522/1522/1522 
f 1516/1516/1516 1520/1520/1520 1522/1522/1522 
f 1516/1516/1516 1348/1348/1348 1519/1519/1519 
f 1520/1520/1520 1516/1516/1516 1519/1519/1519 
f 1460/1460/1460 1519/1519/1519 1348/1348/1348 
f 1643/1643/1643 1520/1520/1520 1519/1519/1519 
f 1519/1519/1519 1460/1460/1460 1643/1643/1643 
f 1520/1520/1520 1643/1643/1643 1647/1647/1647 
f 1649/1649/1649 1647/1647/1647 1643/1643/1643 
f 1460/1460/1460 1649/1649/1649 1643/1643/1643 
f 1647/1647/1647 1649/1649/1649 1656/1656/1656 
f 1649/1649/1649 1460/1460/1460 1464/1464/1464 
f 1456/1456/1456 1464/1464/1464 1460/1460/1460 
f 1655/1655/1655 1656/1656/1656 1649/1649/1649 
f 1464/1464/1464 1655/1655/1655 1649/1649/1649 
f 1656/1656/1656 1655/1655/1655 1694/1694/1694 
f 1655/1655/1655 1719/1719/1719 1694/1694/1694 
f 1464/1464/1464 1456/1456/1456 1459/1459/1459 
f 1456/1456/1456 1457/1457/1457 1459/1459/1459 
f 1655/1655/1655 1464/1464/1464 1465/1465/1465 
f 1459/1459/1459 1465/1465/1465 1464/1464/1464 
f 1719/1719/1719 1655/1655/1655 1697/1697/1697 
f 1465/1465/1465 1697/1697/1697 1655/1655/1655 
f 1699/1699/1699 1719/1719/1719 1697/1697/1697 
f 1719/1719/1719 1699/1699/1699 1720/1720/1720 
f 1697/1697/1697 1465/1465/1465 1469/1469/1469 
f 1469/1469/1469 1699/1699/1699 1697/1697/1697 
f 1699/1699/1699 1717/1717/1717 1720/1720/1720 
f 1458/1458/1458 1469/1469/1469 1465/1465/1465 
f 1465/1465/1465 1459/1459/1459 1458/1458/1458 
f 1457/1457/1457 1458/1458/1458 1459/1459/1459 
f 1603/1603/1603 1604/1604/1604 1605/1605/1605 
f 1374/1374/1374 1415/1415/1415 1412/1412/1412 
f 1366/1366/1366 1374/1374/1374 1371/1371/1371 
f 1412/1412/1412 1371/1371/1371 1374/1374/1374 
f 1354/1354/1354 1357/1357/1357 1366/1366/1366 
f 1357/1357/1357 1354/1354/1354 1356/1356/1356 
f 1354/1354/1354 1355/1355/1355 1356/1356/1356 
f 1355/1355/1355 1354/1354/1354 1361/1361/1361 
f 1366/1366/1366 1367/1367/1367 1354/1354/1354 
f 1367/1367/1367 1361/1361/1361 1354/1354/1354 
f 1367/1367/1367 1366/1366/1366 1371/1371/1371 
f 1361/1361/1361 1367/1367/1367 1393/1393/1393 
f 1393/1393/1393 1394/1394/1394 1361/1361/1361 
f 1371/1371/1371 1400/1400/1400 1367/1367/1367 
f 1400/1400/1400 1393/1393/1393 1367/1367/1367 
f 1400/1400/1400 1371/1371/1371 1413/1413/1413 
f 1371/1371/1371 1412/1412/1412 1413/1413/1413 
f 1393/1393/1393 1400/1400/1400 1420/1420/1420 
f 1413/1413/1413 1410/1410/1410 1400/1400/1400 
f 1410/1410/1410 1420/1420/1420 1400/1400/1400 
f 1412/1412/1412 1406/1406/1406 1413/1413/1413 
f 1410/1410/1410 1413/1413/1413 1406/1406/1406 
f 1406/1406/1406 1412/1412/1412 1414/1414/1414 
f 1412/1412/1412 1272/1272/1272 1414/1414/1414 
f 1407/1407/1407 1406/1406/1406 1414/1414/1414 
f 1272/1272/1272 1407/1407/1407 1414/1414/1414 
f 1406/1406/1406 1407/1407/1407 1408/1408/1408 
f 1408/1408/1408 1410/1410/1410 1406/1406/1406 
f 1407/1407/1407 1272/1272/1272 1274/1274/1274 
f 1410/1410/1410 1408/1408/1408 1411/1411/1411 
f 1422/1422/1422 1410/1410/1410 1411/1411/1411 
f 1410/1410/1410 1422/1422/1422 1421/1421/1421 
f 1420/1420/1420 1410/1410/1410 1421/1421/1421 
f 1272/1272/1272 1273/1273/1273 1274/1274/1274 
f 1418/1418/1418 1420/1420/1420 1421/1421/1421 
f 1272/1272/1272 1412/1412/1412 1415/1415/1415 
f 1273/1273/1273 1272/1272/1272 1277/1277/1277 
f 1415/1415/1415 1277/1277/1277 1272/1272/1272 
f 1277/1277/1277 1278/1278/1278 1273/1273/1273 
f 1277/1277/1277 1415/1415/1415 1336/1336/1336 
f 1336/1336/1336 1338/1338/1338 1277/1277/1277 
f 1278/1278/1278 1277/1277/1277 1338/1338/1338 
f 1338/1338/1338 1336/1336/1336 1335/1335/1335 
f 1506/1506/1506 1278/1278/1278 1338/1338/1338 
f 1335/1335/1335 1506/1506/1506 1338/1338/1338 
f 1278/1278/1278 1506/1506/1506 1507/1507/1507 
f 1506/1506/1506 1335/1335/1335 1334/1334/1334 
f 1515/1515/1515 1506/1506/1506 1334/1334/1334 
f 1506/1506/1506 1515/1515/1515 1514/1514/1514 
f 1513/1513/1513 1506/1506/1506 1514/1514/1514 
f 1514/1514/1514 1531/1531/1531 1513/1513/1513 
f 1531/1531/1531 1514/1514/1514 1549/1549/1549 
f 1515/1515/1515 1549/1549/1549 1514/1514/1514 
f 1549/1549/1549 1548/1548/1548 1531/1531/1531 
f 1334/1334/1334 1523/1523/1523 1515/1515/1515 
f 1523/1523/1523 1334/1334/1334 1524/1524/1524 
f 1549/1549/1549 1515/1515/1515 1557/1557/1557 
f 1523/1523/1523 1557/1557/1557 1515/1515/1515 
f 1548/1548/1548 1549/1549/1549 1550/1550/1550 
f 1557/1557/1557 1550/1550/1550 1549/1549/1549 
f 1524/1524/1524 1525/1525/1525 1523/1523/1523 
f 1525/1525/1525 1524/1524/1524 1494/1494/1494 
f 1557/1557/1557 1523/1523/1523 1556/1556/1556 
f 1525/1525/1525 1556/1556/1556 1523/1523/1523 
f 1550/1550/1550 1557/1557/1557 1559/1559/1559 
f 1556/1556/1556 1559/1559/1559 1557/1557/1557 
f 1632/1632/1632 1548/1548/1548 1550/1550/1550 
f 1548/1548/1548 1632/1632/1632 1633/1633/1633 
f 1642/1642/1642 1550/1550/1550 1559/1559/1559 
f 1550/1550/1550 1642/1642/1642 1632/1632/1632 
f 1559/1559/1559 1556/1556/1556 1558/1558/1558 
f 1558/1558/1558 1642/1642/1642 1559/1559/1559 
f 1556/1556/1556 1525/1525/1525 1534/1534/1534 
f 1534/1534/1534 1558/1558/1558 1556/1556/1556 
f 1535/1535/1535 1534/1534/1534 1525/1525/1525 
f 1534/1534/1534 1535/1535/1535 1536/1536/1536 
f 1493/1493/1493 1535/1535/1535 1525/1525/1525 
f 1535/1535/1535 1493/1493/1493 1542/1542/1542 
f 1493/1493/1493 1525/1525/1525 1494/1494/1494 
f 1493/1493/1493 1497/1497/1497 1542/1542/1542 
f 1536/1536/1536 1545/1545/1545 1534/1534/1534 
f 1558/1558/1558 1534/1534/1534 1545/1545/1545 
f 1545/1545/1545 1536/1536/1536 1546/1546/1546 
f 1553/1553/1553 1545/1545/1545 1546/1546/1546 
f 1644/1644/1644 1558/1558/1558 1545/1545/1545 
f 1545/1545/1545 1553/1553/1553 1644/1644/1644 
f 1558/1558/1558 1644/1644/1644 1645/1645/1645 
f 1642/1642/1642 1558/1558/1558 1645/1645/1645 
f 1553/1553/1553 1673/1673/1673 1644/1644/1644 
f 1673/1673/1673 1645/1645/1645 1644/1644/1644 
f 1673/1673/1673 1553/1553/1553 1675/1675/1675 
f 1676/1676/1676 1673/1673/1673 1675/1675/1675 
f 1673/1673/1673 1676/1676/1676 1677/1677/1677 
f 1645/1645/1645 1673/1673/1673 1646/1646/1646 
f 1646/1646/1646 1642/1642/1642 1645/1645/1645 
f 1674/1674/1674 1673/1673/1673 1677/1677/1677 
f 1673/1673/1673 1674/1674/1674 1646/1646/1646 
f 1679/1679/1679 1674/1674/1674 1677/1677/1677 
f 1642/1642/1642 1646/1646/1646 1637/1637/1637 
f 1637/1637/1637 1632/1632/1632 1642/1642/1642 
f 1651/1651/1651 1646/1646/1646 1674/1674/1674 
f 1646/1646/1646 1651/1651/1651 1637/1637/1637 
f 1674/1674/1674 1679/1679/1679 1692/1692/1692 
f 1692/1692/1692 1651/1651/1651 1674/1674/1674 
f 1679/1679/1679 1687/1687/1687 1692/1692/1692 
f 1687/1687/1687 1679/1679/1679 1693/1693/1693 
f 1651/1651/1651 1692/1692/1692 1659/1659/1659 
f 1687/1687/1687 1659/1659/1659 1692/1692/1692 
f 1641/1641/1641 1637/1637/1637 1651/1651/1651 
f 1691/1691/1691 1687/1687/1687 1693/1693/1693 
f 1651/1651/1651 1652/1652/1652 1641/1641/1641 
f 1652/1652/1652 1651/1651/1651 1659/1659/1659 
f 1637/1637/1637 1641/1641/1641 1634/1634/1634 
f 1632/1632/1632 1637/1637/1637 1634/1634/1634 
f 1636/1636/1636 1634/1634/1634 1641/1641/1641 
f 1634/1634/1634 1633/1633/1633 1632/1632/1632 
f 1634/1634/1634 1636/1636/1636 1635/1635/1635 
f 1633/1633/1633 1634/1634/1634 1635/1635/1635 
f 1684/1684/1684 1652/1652/1652 1659/1659/1659 
f 1659/1659/1659 1687/1687/1687 1684/1684/1684 
f 1652/1652/1652 1684/1684/1684 1685/1685/1685 
f 1684/1684/1684 1680/1680/1680 1685/1685/1685 
f 1687/1687/1687 1683/1683/1683 1684/1684/1684 
f 1680/1680/1680 1684/1684/1684 1683/1683/1683 
f 1683/1683/1683 1687/1687/1687 1686/1686/1686 
f 1687/1687/1687 1691/1691/1691 1686/1686/1686 
f 1681/1681/1681 1680/1680/1680 1683/1683/1683 
f 1686/1686/1686 1681/1681/1681 1683/1683/1683 
f 1680/1680/1680 1681/1681/1681 1682/1682/1682 
f 1682/1682/1682 1681/1681/1681 1688/1688/1688 
f 1681/1681/1681 1686/1686/1686 1689/1689/1689 
f 1691/1691/1691 1689/1689/1689 1686/1686/1686 
f 1681/1681/1681 1689/1689/1689 1688/1688/1688 
f 1689/1689/1689 1691/1691/1691 1690/1690/1690 
f 1688/1688/1688 1689/1689/1689 1690/1690/1690 
f 1195/1195/1195 1196/1196/1196 1197/1197/1197 
f 1196/1196/1196 1198/1198/1198 1197/1197/1197 
f 1196/1196/1196 1195/1195/1195 1234/1234/1234 
f 1198/1198/1198 1196/1196/1196 1263/1263/1263 
f 1263/1263/1263 1244/1244/1244 1198/1198/1198 
f 1426/1426/1426 1196/1196/1196 1234/1234/1234 
f 1244/1244/1244 1263/1263/1263 1250/1250/1250 
f 1424/1424/1424 1426/1426/1426 1234/1234/1234 
f 1245/1245/1245 1244/1244/1244 1250/1250/1250 
f 1244/1244/1244 1245/1245/1245 1246/1246/1246 
f 1263/1263/1263 1275/1275/1275 1250/1250/1250 
f 1275/1275/1275 1245/1245/1245 1250/1250/1250 
f 1245/1245/1245 1256/1256/1256 1246/1246/1246 
f 1275/1275/1275 1263/1263/1263 1236/1236/1236 
f 1196/1196/1196 1236/1236/1236 1263/1263/1263 
f 1256/1256/1256 1245/1245/1245 1282/1282/1282 
f 1282/1282/1282 1293/1293/1293 1256/1256/1256 
f 1245/1245/1245 1275/1275/1275 1276/1276/1276 
f 1276/1276/1276 1282/1282/1282 1245/1245/1245 
f 1236/1236/1236 1196/1196/1196 1235/1235/1235 
f 1196/1196/1196 1426/1426/1426 1235/1235/1235 
f 1212/1212/1212 1275/1275/1275 1236/1236/1236 
f 1235/1235/1235 1212/1212/1212 1236/1236/1236 
f 1211/1211/1211 1276/1276/1276 1275/1275/1275 
f 1275/1275/1275 1212/1212/1212 1211/1211/1211 
f 1230/1230/1230 1235/1235/1235 1426/1426/1426 
f 1212/1212/1212 1235/1235/1235 1213/1213/1213 
f 1235/1235/1235 1230/1230/1230 1213/1213/1213 
f 1213/1213/1213 1207/1207/1207 1212/1212/1212 
f 1207/1207/1207 1211/1211/1211 1212/1212/1212 
f 1206/1206/1206 1213/1213/1213 1230/1230/1230 
f 1425/1425/1425 1230/1230/1230 1426/1426/1426 
f 1426/1426/1426 1424/1424/1424 1425/1425/1425 
f 1230/1230/1230 1231/1231/1231 1206/1206/1206 
f 1213/1213/1213 1206/1206/1206 1203/1203/1203 
f 1207/1207/1207 1213/1213/1213 1203/1203/1203 
f 1205/1205/1205 1203/1203/1203 1206/1206/1206 
f 1203/1203/1203 1205/1205/1205 1204/1204/1204 
f 1202/1202/1202 1203/1203/1203 1204/1204/1204 
f 1203/1203/1203 1202/1202/1202 1207/1207/1207 
f 1209/1209/1209 1207/1207/1207 1202/1202/1202 
f 1207/1207/1207 1209/1209/1209 1210/1210/1210 
f 1211/1211/1211 1207/1207/1207 1210/1210/1210 
f 1209/1209/1209 1253/1253/1253 1210/1210/1210 
f 1253/1253/1253 1211/1211/1211 1210/1210/1210 
f 1253/1253/1253 1209/1209/1209 1254/1254/1254 
f 1211/1211/1211 1253/1253/1253 1255/1255/1255 
f 1276/1276/1276 1211/1211/1211 1255/1255/1255 
f 1254/1254/1254 1286/1286/1286 1253/1253/1253 
f 1286/1286/1286 1254/1254/1254 1287/1287/1287 
f 1253/1253/1253 1305/1305/1305 1255/1255/1255 
f 1305/1305/1305 1253/1253/1253 1286/1286/1286 
f 1255/1255/1255 1306/1306/1306 1276/1276/1276 
f 1306/1306/1306 1255/1255/1255 1305/1305/1305 
f 1282/1282/1282 1276/1276/1276 1306/1306/1306 
f 1287/1287/1287 1298/1298/1298 1286/1286/1286 
f 1298/1298/1298 1287/1287/1287 1299/1299/1299 
f 1286/1286/1286 1310/1310/1310 1305/1305/1305 
f 1310/1310/1310 1286/1286/1286 1298/1298/1298 
f 1305/1305/1305 1311/1311/1311 1306/1306/1306 
f 1311/1311/1311 1305/1305/1305 1310/1310/1310 
f 1306/1306/1306 1307/1307/1307 1282/1282/1282 
f 1307/1307/1307 1306/1306/1306 1311/1311/1311 
f 1293/1293/1293 1282/1282/1282 1307/1307/1307 
f 1297/1297/1297 1298/1298/1298 1299/1299/1299 
f 1303/1303/1303 1293/1293/1293 1307/1307/1307 
f 1311/1311/1311 1303/1303/1303 1307/1307/1307 
f 1293/1293/1293 1303/1303/1303 1304/1304/1304 
f 1303/1303/1303 1308/1308/1308 1304/1304/1304 
f 1303/1303/1303 1311/1311/1311 1312/1312/1312 
f 1310/1310/1310 1312/1312/1312 1311/1311/1311 
f 1298/1298/1298 1302/1302/1302 1310/1310/1310 
f 1312/1312/1312 1310/1310/1310 1302/1302/1302 
f 1302/1302/1302 1298/1298/1298 1301/1301/1301 
f 1309/1309/1309 1303/1303/1303 1312/1312/1312 
f 1308/1308/1308 1303/1303/1303 1280/1280/1280 
f 1303/1303/1303 1309/1309/1309 1280/1280/1280 
f 1280/1280/1280 1279/1279/1279 1308/1308/1308 
f 1300/1300/1300 1301/1301/1301 1298/1298/1298 
f 1298/1298/1298 1297/1297/1297 1300/1300/1300 
f 1301/1301/1301 1300/1300/1300 1321/1321/1321 
f 1297/1297/1297 1314/1314/1314 1300/1300/1300 
f 1300/1300/1300 1314/1314/1314 1321/1321/1321 
f 1314/1314/1314 1297/1297/1297 1315/1315/1315 
f 1279/1279/1279 1280/1280/1280 1268/1268/1268 
f 1309/1309/1309 1268/1268/1268 1280/1280/1280 
f 1268/1268/1268 1267/1267/1267 1279/1279/1279 
f 1334/1334/1334 1309/1309/1309 1312/1312/1312 
f 1267/1267/1267 1268/1268/1268 1269/1269/1269 
f 1269/1269/1269 1370/1370/1370 1267/1267/1267 
f 1268/1268/1268 1309/1309/1309 1281/1281/1281 
f 1281/1281/1281 1269/1269/1269 1268/1268/1268 
f 1370/1370/1370 1269/1269/1269 1373/1373/1373 
f 1335/1335/1335 1281/1281/1281 1309/1309/1309 
f 1309/1309/1309 1334/1334/1334 1335/1335/1335 
f 1366/1366/1366 1370/1370/1370 1373/1373/1373 
f 1370/1370/1370 1366/1366/1366 1357/1357/1357 
f 1269/1269/1269 1374/1374/1374 1373/1373/1373 
f 1374/1374/1374 1366/1366/1366 1373/1373/1373 
f 1269/1269/1269 1281/1281/1281 1427/1427/1427 
f 1374/1374/1374 1269/1269/1269 1427/1427/1427 
f 1336/1336/1336 1427/1427/1427 1281/1281/1281 
f 1281/1281/1281 1335/1335/1335 1336/1336/1336 
f 1415/1415/1415 1374/1374/1374 1427/1427/1427 
f 1427/1427/1427 1336/1336/1336 1415/1415/1415 
f 1397/1397/1397 1398/1398/1398 1399/1399/1399 
f 1663/1663/1663 1664/1664/1664 1665/1665/1665 
f 1322/1322/1322 1321/1321/1321 1314/1314/1314 
f 1321/1321/1321 1322/1322/1322 1332/1332/1332 
f 1492/1492/1492 1332/1332/1332 1322/1322/1322 
f 1332/1332/1332 1492/1492/1492 1494/1494/1494 
f 1492/1492/1492 1493/1493/1493 1494/1494/1494 
f 1493/1493/1493 1492/1492/1492 1498/1498/1498 
f 1497/1497/1497 1493/1493/1493 1498/1498/1498 
f 1498/1498/1498 1540/1540/1540 1497/1497/1497 
f 1540/1540/1540 1498/1498/1498 1504/1504/1504 
f 1492/1492/1492 1504/1504/1504 1498/1498/1498 
f 1504/1504/1504 1560/1560/1560 1540/1540/1540 
f 1322/1322/1322 1501/1501/1501 1492/1492/1492 
f 1504/1504/1504 1492/1492/1492 1501/1501/1501 
f 1501/1501/1501 1322/1322/1322 1331/1331/1331 
f 1314/1314/1314 1331/1331/1331 1322/1322/1322 
f 1501/1501/1501 1594/1594/1594 1504/1504/1504 
f 1560/1560/1560 1504/1504/1504 1594/1594/1594 
f 1331/1331/1331 1593/1593/1593 1501/1501/1501 
f 1594/1594/1594 1501/1501/1501 1593/1593/1593 
f 1331/1331/1331 1314/1314/1314 1330/1330/1330 
f 1315/1315/1315 1330/1330/1330 1314/1314/1314 
f 1330/1330/1330 1315/1315/1315 1500/1500/1500 
f 1330/1330/1330 1592/1592/1592 1331/1331/1331 
f 1593/1593/1593 1331/1331/1331 1592/1592/1592 
f 1500/1500/1500 1590/1590/1590 1330/1330/1330 
f 1592/1592/1592 1330/1330/1330 1590/1590/1590 
f 1590/1590/1590 1500/1500/1500 1591/1591/1591 
f 1568/1568/1568 1590/1590/1590 1591/1591/1591 
f 1597/1597/1597 1594/1594/1594 1593/1593/1593 
f 1592/1592/1592 1597/1597/1597 1593/1593/1593 
f 1626/1626/1626 1560/1560/1560 1594/1594/1594 
f 1594/1594/1594 1597/1597/1597 1626/1626/1626 
f 1560/1560/1560 1626/1626/1626 1627/1627/1627 
f 1590/1590/1590 1568/1568/1568 1570/1570/1570 
f 1570/1570/1570 1592/1592/1592 1590/1590/1590 
f 1568/1568/1568 1565/1565/1565 1570/1570/1570 
f 1565/1565/1565 1568/1568/1568 1566/1566/1566 
f 1592/1592/1592 1570/1570/1570 1595/1595/1595 
f 1597/1597/1597 1592/1592/1592 1595/1595/1595 
f 1565/1565/1565 1595/1595/1595 1570/1570/1570 
f 1564/1564/1564 1565/1565/1565 1566/1566/1566 
f 1565/1565/1565 1564/1564/1564 1567/1567/1567 
f 1595/1595/1595 1565/1565/1565 1576/1576/1576 
f 1576/1576/1576 1597/1597/1597 1595/1595/1595 
f 1575/1575/1575 1565/1565/1565 1567/1567/1567 
f 1565/1565/1565 1575/1575/1575 1576/1576/1576 
f 1580/1580/1580 1575/1575/1575 1567/1567/1567 
f 1597/1597/1597 1576/1576/1576 1598/1598/1598 
f 1598/1598/1598 1626/1626/1626 1597/1597/1597 
f 1588/1588/1588 1576/1576/1576 1575/1575/1575 
f 1576/1576/1576 1588/1588/1588 1598/1598/1598 
f 1575/1575/1575 1580/1580/1580 1582/1582/1582 
f 1582/1582/1582 1588/1588/1588 1575/1575/1575 
f 1580/1580/1580 1579/1579/1579 1582/1582/1582 
f 1579/1579/1579 1580/1580/1580 1581/1581/1581 
f 1588/1588/1588 1582/1582/1582 1589/1589/1589 
f 1579/1579/1579 1589/1589/1589 1582/1582/1582 
f 1583/1583/1583 1579/1579/1579 1581/1581/1581 
f 1609/1609/1609 1588/1588/1588 1589/1589/1589 
f 1623/1623/1623 1598/1598/1598 1588/1588/1588 
f 1588/1588/1588 1609/1609/1609 1623/1623/1623 
f 1626/1626/1626 1598/1598/1598 1628/1628/1628 
f 1598/1598/1598 1623/1623/1623 1628/1628/1628 
f 1628/1628/1628 1627/1627/1627 1626/1626/1626 
f 1627/1627/1627 1628/1628/1628 1629/1629/1629 
f 1628/1628/1628 1608/1608/1608 1629/1629/1629 
f 1608/1608/1608 1628/1628/1628 1623/1623/1623 
f 1609/1609/1609 1608/1608/1608 1623/1623/1623 
f 1608/1608/1608 1609/1609/1609 1610/1610/1610 
f 1611/1611/1611 1609/1609/1609 1589/1589/1589 
f 1589/1589/1589 1579/1579/1579 1611/1611/1611 
f 1609/1609/1609 1611/1611/1611 1613/1613/1613 
f 1611/1611/1611 1612/1612/1612 1613/1613/1613 
f 1579/1579/1579 1615/1615/1615 1611/1611/1611 
f 1612/1612/1612 1611/1611/1611 1615/1615/1615 
f 1615/1615/1615 1579/1579/1579 1584/1584/1584 
f 1579/1579/1579 1583/1583/1583 1584/1584/1584 
f 1619/1619/1619 1612/1612/1612 1615/1615/1615 
f 1584/1584/1584 1619/1619/1619 1615/1615/1615 
f 1612/1612/1612 1619/1619/1619 1622/1622/1622 
f 1622/1622/1622 1619/1619/1619 1618/1618/1618 
f 1619/1619/1619 1584/1584/1584 1585/1585/1585 
f 1583/1583/1583 1585/1585/1585 1584/1584/1584 
f 1619/1619/1619 1585/1585/1585 1618/1618/1618 
f 1585/1585/1585 1583/1583/1583 1617/1617/1617 
f 1618/1618/1618 1585/1585/1585 1617/1617/1617 
f 1458/1458/1458 1457/1457/1457 1439/1439/1439 
f 1463/1463/1463 1439/1439/1439 1457/1457/1457 
f 1469/1469/1469 1458/1458/1458 1438/1438/1438 
f 1439/1439/1439 1438/1438/1438 1458/1458/1458 
f 1699/1699/1699 1469/1469/1469 1471/1471/1471 
f 1438/1438/1438 1471/1471/1471 1469/1469/1469 
f 1471/1471/1471 1696/1696/1696 1699/1699/1699 
f 1717/1717/1717 1699/1699/1699 1696/1696/1696 
f 1439/1439/1439 1463/1463/1463 1466/1466/1466 
f 1462/1462/1462 1466/1466/1466 1463/1463/1463 
f 1438/1438/1438 1439/1439/1439 1440/1440/1440 
f 1466/1466/1466 1440/1440/1440 1439/1439/1439 
f 1695/1695/1695 1717/1717/1717 1696/1696/1696 
f 1466/1466/1466 1462/1462/1462 1467/1467/1467 
f 1717/1717/1717 1695/1695/1695 1718/1718/1718 
f 1462/1462/1462 1698/1698/1698 1467/1467/1467 
f 1467/1467/1467 1447/1447/1447 1466/1466/1466 
f 1440/1440/1440 1466/1466/1466 1447/1447/1447 
f 1703/1703/1703 1467/1467/1467 1698/1698/1698 
f 1698/1698/1698 1716/1716/1716 1703/1703/1703 
f 1447/1447/1447 1467/1467/1467 1468/1468/1468 
f 1467/1467/1467 1703/1703/1703 1468/1468/1468 
f 1716/1716/1716 1701/1701/1701 1703/1703/1703 
f 1701/1701/1701 1716/1716/1716 1725/1725/1725 
f 1726/1726/1726 1701/1701/1701 1725/1725/1725 
f 1700/1700/1700 1703/1703/1703 1701/1701/1701 
f 1703/1703/1703 1700/1700/1700 1468/1468/1468 
f 1701/1701/1701 1726/1726/1726 1704/1704/1704 
f 1723/1723/1723 1704/1704/1704 1726/1726/1726 
f 1701/1701/1701 1470/1470/1470 1700/1700/1700 
f 1470/1470/1470 1701/1701/1701 1704/1704/1704 
f 1454/1454/1454 1468/1468/1468 1700/1700/1700 
f 1468/1468/1468 1454/1454/1454 1447/1447/1447 
f 1470/1470/1470 1454/1454/1454 1700/1700/1700 
f 1704/1704/1704 1723/1723/1723 1702/1702/1702 
f 1702/1702/1702 1470/1470/1470 1704/1704/1704 
f 1722/1722/1722 1702/1702/1702 1723/1723/1723 
f 1442/1442/1442 1447/1447/1447 1454/1454/1454 
f 1447/1447/1447 1442/1442/1442 1440/1440/1440 
f 1454/1454/1454 1470/1470/1470 1455/1455/1455 
f 1470/1470/1470 1702/1702/1702 1485/1485/1485 
f 1485/1485/1485 1455/1455/1455 1470/1470/1470 
f 1702/1702/1702 1722/1722/1722 1705/1705/1705 
f 1705/1705/1705 1485/1485/1485 1702/1702/1702 
f 1722/1722/1722 1710/1710/1710 1705/1705/1705 
f 1710/1710/1710 1722/1722/1722 1724/1724/1724 
f 1485/1485/1485 1705/1705/1705 1712/1712/1712 
f 1709/1709/1709 1705/1705/1705 1710/1710/1710 
f 1705/1705/1705 1709/1709/1709 1712/1712/1712 
f 1724/1724/1724 1729/1729/1729 1710/1710/1710 
f 1729/1729/1729 1724/1724/1724 1730/1730/1730 
f 1710/1710/1710 1713/1713/1713 1709/1709/1709 
f 1713/1713/1713 1710/1710/1710 1729/1729/1729 
f 1712/1712/1712 1481/1481/1481 1485/1485/1485 
f 1455/1455/1455 1485/1485/1485 1481/1481/1481 
f 1709/1709/1709 1484/1484/1484 1712/1712/1712 
f 1481/1481/1481 1712/1712/1712 1484/1484/1484 
f 1484/1484/1484 1709/1709/1709 1486/1486/1486 
f 1713/1713/1713 1486/1486/1486 1709/1709/1709 
f 1472/1472/1472 1481/1481/1481 1484/1484/1484 
f 1446/1446/1446 1455/1455/1455 1481/1481/1481 
f 1481/1481/1481 1472/1472/1472 1446/1446/1446 
f 1455/1455/1455 1446/1446/1446 1444/1444/1444 
f 1444/1444/1444 1454/1454/1454 1455/1455/1455 
f 1454/1454/1454 1444/1444/1444 1442/1442/1442 
f 1445/1445/1445 1444/1444/1444 1446/1446/1446 
f 1472/1472/1472 1445/1445/1445 1446/1446/1446 
f 1443/1443/1443 1442/1442/1442 1444/1444/1444 
f 1444/1444/1444 1445/1445/1445 1443/1443/1443 
f 1445/1445/1445 1472/1472/1472 1473/1473/1473 
f 1442/1442/1442 1443/1443/1443 1441/1441/1441 
f 1441/1441/1441 1440/1440/1440 1442/1442/1442 
f 1440/1440/1440 1441/1441/1441 1438/1438/1438 
f 1471/1471/1471 1438/1438/1438 1441/1441/1441 
f 1441/1441/1441 1476/1476/1476 1471/1471/1471 
f 1476/1476/1476 1441/1441/1441 1443/1443/1443 
f 1696/1696/1696 1471/1471/1471 1476/1476/1476 
f 1476/1476/1476 1695/1695/1695 1696/1696/1696 
f 1443/1443/1443 1477/1477/1477 1476/1476/1476 
f 1695/1695/1695 1476/1476/1476 1477/1477/1477 
f 1477/1477/1477 1443/1443/1443 1445/1445/1445 
f 1445/1445/1445 1478/1478/1478 1477/1477/1477 
f 1478/1478/1478 1695/1695/1695 1477/1477/1477 
f 1478/1478/1478 1445/1445/1445 1473/1473/1473 
f 1695/1695/1695 1478/1478/1478 1706/1706/1706 
f 1706/1706/1706 1718/1718/1718 1695/1695/1695 
f 1718/1718/1718 1706/1706/1706 1721/1721/1721 
f 1474/1474/1474 1478/1478/1478 1473/1473/1473 
f 1472/1472/1472 1474/1474/1474 1473/1473/1473 
f 1479/1479/1479 1706/1706/1706 1478/1478/1478 
f 1478/1478/1478 1474/1474/1474 1479/1479/1479 
f 1711/1711/1711 1721/1721/1721 1706/1706/1706 
f 1706/1706/1706 1479/1479/1479 1711/1711/1711 
f 1721/1721/1721 1711/1711/1711 1727/1727/1727 
f 1711/1711/1711 1728/1728/1728 1727/1727/1727 
f 1728/1728/1728 1711/1711/1711 1707/1707/1707 
f 1479/1479/1479 1707/1707/1707 1711/1711/1711 
f 1707/1707/1707 1731/1731/1731 1728/1728/1728 
f 1731/1731/1731 1707/1707/1707 1708/1708/1708 
f 1708/1708/1708 1732/1732/1732 1731/1731/1731 
f 1707/1707/1707 1479/1479/1479 1475/1475/1475 
f 1475/1475/1475 1708/1708/1708 1707/1707/1707 
f 1479/1479/1479 1432/1432/1432 1475/1475/1475 
f 1432/1432/1432 1479/1479/1479 1474/1474/1474 
f 1708/1708/1708 1475/1475/1475 1429/1429/1429 
f 1432/1432/1432 1429/1429/1429 1475/1475/1475 
f 1732/1732/1732 1708/1708/1708 1437/1437/1437 
f 1429/1429/1429 1437/1437/1437 1708/1708/1708 
f 1437/1437/1437 1658/1658/1658 1732/1732/1732 
f 1658/1658/1658 1437/1437/1437 1435/1435/1435 
f 1431/1431/1431 1435/1435/1435 1437/1437/1437 
f 1437/1437/1437 1429/1429/1429 1431/1431/1431 
f 1435/1435/1435 1431/1431/1431 1436/1436/1436 
f 1431/1431/1431 1434/1434/1434 1436/1436/1436 
f 1434/1434/1434 1431/1431/1431 1430/1430/1430 
f 1429/1429/1429 1430/1430/1430 1431/1431/1431 
f 1430/1430/1430 1451/1451/1451 1434/1434/1434 
f 1430/1430/1430 1429/1429/1429 1433/1433/1433 
f 1429/1429/1429 1432/1432/1432 1433/1433/1433 
f 1451/1451/1451 1430/1430/1430 1448/1448/1448 
f 1433/1433/1433 1448/1448/1448 1430/1430/1430 
f 1448/1448/1448 1452/1452/1452 1451/1451/1451 
f 1449/1449/1449 1433/1433/1433 1432/1432/1432 
f 1474/1474/1474 1449/1449/1449 1432/1432/1432 
f 1448/1448/1448 1433/1433/1433 1450/1450/1450 
f 1433/1433/1433 1449/1449/1449 1450/1450/1450 
f 1452/1452/1452 1448/1448/1448 1453/1453/1453 
f 1450/1450/1450 1453/1453/1453 1448/1448/1448 
f 1714/1714/1714 1452/1452/1452 1453/1453/1453 
f 1452/1452/1452 1714/1714/1714 1739/1739/1739 
f 1453/1453/1453 1450/1450/1450 1483/1483/1483 
f 1483/1483/1483 1714/1714/1714 1453/1453/1453 
f 1482/1482/1482 1450/1450/1450 1449/1449/1449 
f 1450/1450/1450 1482/1482/1482 1483/1483/1483 
f 1449/1449/1449 1474/1474/1474 1480/1480/1480 
f 1480/1480/1480 1482/1482/1482 1449/1449/1449 
f 1474/1474/1474 1472/1472/1472 1480/1480/1480 
f 1484/1484/1484 1480/1480/1480 1472/1472/1472 
f 1480/1480/1480 1484/1484/1484 1486/1486/1486 
f 1482/1482/1482 1480/1480/1480 1486/1486/1486 
f 1486/1486/1486 1713/1713/1713 1482/1482/1482 
f 1713/1713/1713 1483/1483/1483 1482/1482/1482 
f 1483/1483/1483 1713/1713/1713 1715/1715/1715 
f 1714/1714/1714 1483/1483/1483 1715/1715/1715 
f 1729/1729/1729 1715/1715/1715 1713/1713/1713 
f 1715/1715/1715 1729/1729/1729 1736/1736/1736 
f 1736/1736/1736 1714/1714/1714 1715/1715/1715 
f 1730/1730/1730 1736/1736/1736 1729/1729/1729 
f 1736/1736/1736 1730/1730/1730 1734/1734/1734 
f 1714/1714/1714 1736/1736/1736 1733/1733/1733 
f 1734/1734/1734 1733/1733/1733 1736/1736/1736 
f 1733/1733/1733 1739/1739/1739 1714/1714/1714 
f 1733/1733/1733 1734/1734/1734 1735/1735/1735 
f 1739/1739/1739 1733/1733/1733 1737/1737/1737 
f 1735/1735/1735 1737/1737/1737 1733/1733/1733 
f 1737/1737/1737 1735/1735/1735 1738/1738/1738 

g WingL1

v -6.21529 -1.13128 4.00876 
v -6.2281 -1.1582 4.02334 
v -5.86704 -0.935902 4.05473 
v -5.86689 -0.941132 4.05172 
v -6.22796 -1.16343 4.02032 
v -6.21514 -1.13652 4.00573 
v -6.20565 -1.16143 4.03971 
v -6.2058 -1.1562 4.04273 
v -6.11753 -1.11244 4.06553 
v -6.11738 -1.11767 4.06252 
v -6.11985 -1.17582 4.09063 
v -6.13145 -1.20268 4.10517 
v -5.84085 -0.9924 4.14913 
v -5.94214 -0.901575 3.95043 
v -6.30717 -1.10491 3.89808 
v -6.33814 -1.10744 3.87191 
v -5.99017 -0.820255 3.81436 
v -6.35885 -1.02271 3.76271 
v -6.3887 -1.02354 3.73607 
v -6.31983 -1.06737 3.85898 
v -6.33829 -1.10221 3.87492 
v -5.94229 -0.896346 3.95345 
v -6.31969 -1.07261 3.85596 
v -6.30731 -1.09968 3.90109 
v -6.18696 -1.04363 3.9235 
v -6.18681 -1.04887 3.92048 
v -5.8407 -0.997629 4.14611 
v -6.1313 -1.20792 4.10215 
v -6.1197 -1.18106 4.08761 
v -6.108 -1.20002 4.12348 
v -6.10785 -1.20525 4.12046 
v -5.90594 -0.964826 4.08364 
v -6.01972 -1.1603 4.14117 
v -6.01986 -1.15507 4.14419 
v -5.73926 -1.01622 4.18812 
v -5.73911 -1.02145 4.18511 
v -5.90609 -0.959596 4.08666 
v -5.93002 -0.902223 3.98844 
v -5.92987 -0.907453 3.98542 
v -5.82797 -0.913254 4.02221 
v -5.76698 -0.945285 4.10491 
v -5.76713 -0.940047 4.10793 
v -5.51083 -0.92615 4.1568 
v -5.51098 -0.920912 4.15982 
v -5.67077 -0.974075 4.19581 
v -5.97989 -1.24382 4.24436 
v -6.0251 -1.24793 4.2251 
v -5.90953 -1.23733 4.29703 
v -5.90646 -1.28188 4.32845 
v -5.57159 -0.995634 4.27673 
v -5.57144 -1.00086 4.27371 
v -5.90632 -1.28711 4.32544 
v -5.90938 -1.24256 4.29401 
v -5.85625 -1.28234 4.3462 
v -5.8564 -1.2771 4.34923 
v -5.77535 -1.2392 4.36489 
v -5.77521 -1.24443 4.36187 
v -6.02524 -1.2427 4.22811 
v -5.98003 -1.23858 4.24738 
v -5.67091 -0.968837 4.19883 
v -6.02613 -1.21219 4.20663 
v -5.74791 -0.935129 4.14873 
v -6.02628 -1.20696 4.20964 
v -5.74776 -0.940359 4.14571 
v -5.89883 -1.20145 4.26679 
v -5.89869 -1.20668 4.26377 
v -5.64837 -0.972227 4.2179 
v -5.77441 -1.25077 4.37772 
v -5.76143 -1.29834 4.41243 
v -5.44477 -1.0147 4.35466 
v -5.44463 -1.01993 4.35165 
v -5.76128 -1.30357 4.40941 
v -5.77426 -1.256 4.3747 
v -5.71163 -1.30965 4.4393 
v -5.71178 -1.30441 4.44232 
v -5.62582 -1.26794 4.45828 
v -5.62567 -1.27317 4.45526 
v -5.42073 -1.03385 4.32131 
v -5.64822 -0.977457 4.21488 
v -5.51904 -1.00073 4.24699 
v -5.51889 -1.00596 4.24397 
v -5.42088 -1.02862 4.32433 
v -5.52345 -0.997264 4.30368 
v -5.5233 -1.00249 4.30066 
v -5.25574 -0.886789 4.20503 
v -6.3713 -0.991 3.72166 
v -6.34685 -0.940051 3.61273 
v -6.31846 -0.936878 3.63523 
v -5.94738 -0.745358 3.70838 
v -5.94724 -0.750588 3.70536 
v -6.31831 -0.942116 3.63221 
v -6.34671 -0.945281 3.60972 
v -6.37145 -0.985771 3.72467 
v -6.38885 -1.0183 3.73909 
v -5.99032 -0.815017 3.81738 
v -6.359 -1.01747 3.76573 
v -6.24322 -0.964063 3.79248 
v -6.24307 -0.969301 3.78946 
v -6.04085 -0.79947 3.77344 
v -6.33075 -0.905939 3.59792 
v -6.3306 -0.911168 3.5949 
v -5.99495 -0.720033 3.65731 
v -6.20445 -0.890644 3.67192 
v -6.2046 -0.885415 3.67494 
v -6.041 -0.794232 3.77646 
v -5.99481 -0.725271 3.65429 
v -5.87891 -0.851844 3.91811 
v -5.83726 -0.779103 3.81096 
v -5.83712 -0.784332 3.80794 
v -5.87906 -0.846614 3.92113 
v -5.57803 -0.772155 3.94219 
v -5.57789 -0.777384 3.93918 
v -5.61964 -0.696699 3.80935 
v -5.60573 -0.640922 3.75687 
v -5.53522 -0.701293 3.8311 
v -5.53507 -0.706522 3.82808 
v -5.60588 -0.635683 3.75989 
v -5.61978 -0.69147 3.81236 
v -5.60156 -0.690949 3.85348 
v -5.9992 -0.866418 3.88187 
v -5.99935 -0.861189 3.88488 
v -5.82812 -0.908016 4.02523 
v -5.53715 -0.850991 4.08571 
v -5.57136 -0.783133 4.02204 
v -5.57122 -0.788371 4.01902 
v -5.53729 -0.845762 4.08872 
v -5.55357 -0.822851 4.02886 
v -5.60171 -0.685711 3.8565 
v -5.60412 -0.759097 3.94007 
v -5.60397 -0.764335 3.93705 
v -5.59089 -0.736404 3.9328 
v -5.59103 -0.731166 3.93583 
v -5.55372 -0.817622 4.03188 
v -5.56398 -0.861305 4.10228 
v -5.34405 -0.723866 4.02471 
v -5.56413 -0.856075 4.10529 
v -5.24472 -0.750654 4.10261 
v -5.24458 -0.755884 4.0996 
v -5.58627 -0.803611 4.01811 
v -5.58613 -0.808849 4.01509 
v -5.3442 -0.718628 4.02773 
v -5.25559 -0.892019 4.20201 
v -5.29959 -0.79028 4.10815 
v -5.29945 -0.795509 4.10513 
v -5.15649 -0.911929 4.28249 
v -5.20144 -0.81817 4.18549 
v -5.12525 -0.774368 4.17133 
v -5.15634 -0.917159 4.27947 
v -5.12539 -0.769138 4.17435 
v -5.2013 -0.823399 4.18247 
v -5.19658 -0.694969 4.02294 
v -5.19672 -0.68974 4.02596 
v -5.08655 -0.826467 4.2466 
v -5.0864 -0.831696 4.24358 
v -5.03224 -0.90484 4.35608 
v -5.03238 -0.899602 4.35911 
v -5.27711 -1.04452 4.40729 
v -5.01361 -0.830618 4.2888 
v -4.56962 -0.763019 4.30455 
v -4.87901 -0.949077 4.46686 
v -4.56976 -0.757789 4.30756 
v -5.01376 -0.825379 4.29182 
v -4.87916 -0.943838 4.46989 
v -5.14831 -0.766013 4.1049 
v -5.14817 -0.771243 4.10189 
v -4.85542 -0.662865 4.10245 
v -4.85557 -0.657635 4.10547 
v -4.74996 -0.661927 4.14709 
v -4.74981 -0.667157 4.14408 
v -5.27725 -1.03928 4.41031 
v -5.24353 -1.1507 4.58576 
v -5.39678 -1.05676 4.43237 
v -5.24368 -1.14547 4.58877 
v -5.39693 -1.05153 4.43538 
v -4.76327 -1.06188 4.55436 
v -4.76342 -1.05665 4.55738 
v -4.4659 -0.754345 4.38165 
v -4.63085 -0.794114 4.38935 
v -4.52884 -0.807075 4.41921 
v -4.74857 -0.872163 4.45602 
v -4.29418 -0.807159 4.41384 
v -4.43639 -0.689615 4.2999 
v -4.29404 -0.812388 4.41082 
v -4.74842 -0.877401 4.453 
v -4.43625 -0.694845 4.29689 
v -4.42283 -0.794383 4.42171 
v -4.43785 -0.889756 4.41939 
v -4.4377 -0.894985 4.41637 
v -4.4159 -0.818648 4.45203 
v -4.22095 -0.775226 4.44188 
v -3.90584 -1.00311 4.61766 
v -3.79319 -0.590861 4.2689 
v -4.08933 -0.855529 4.50527 
v -3.79304 -0.59609 4.26589 
v -3.90569 -1.00835 4.61464 
v -4.08919 -0.860759 4.50225 
v -3.42848 -0.711418 4.37229 
v -3.47058 -0.849475 4.4838 
v -3.54817 -0.831393 4.46801 
v -4.30648 -0.845611 4.50411 
v -3.61489 -0.646433 4.35216 
v -3.99323 -0.84237 4.50164 
v -3.82312 -0.921169 4.55946 
v -3.99308 -0.8476 4.49863 
v -3.61474 -0.651662 4.34914 
v -3.82297 -0.926399 4.55645 
v -3.67155 -0.995112 4.61277 
v -3.44812 -0.738849 4.39955 
v -3.6717 -0.989874 4.61579 
v -3.44827 -0.733619 4.40257 
v -3.71724 -0.857128 4.51892 
v -3.37897 -0.598406 4.30459 
v -3.55596 -0.914656 4.55877 
v -3.39083 -0.831913 4.46691 
v -3.30118 -0.652304 4.31232 
v -3.37912 -0.593176 4.30761 
v -3.71738 -0.851899 4.52193 
v -3.5561 -0.909426 4.56179 
v -4.05647 -0.783315 4.46392 
v -4.11329 -0.819362 4.48978 
v -3.67847 -0.539149 4.25984 
v -3.9558 -0.960617 4.63106 
v -3.89416 -0.841079 4.53569 
v -5.21468 -0.638053 3.95484 
v -5.21453 -0.643291 3.95182 
v -4.95481 -0.633985 4.02576 
v -4.95496 -0.628747 4.02878 
v -4.87903 -0.713417 4.12362 
v -4.87918 -0.708178 4.12664 
v -5.22426 -0.603433 3.89435 
v -5.22412 -0.608671 3.89133 
v -5.17013 -0.704624 4.04097 
v -5.16999 -0.709862 4.03795 
v -4.77988 -0.733929 4.20514 
v -4.77973 -0.739159 4.20212 
v -4.6619 -0.742158 4.24936 
v -4.66205 -0.736928 4.25237 
v -4.64765 -0.770432 4.35231 
v -4.62296 -0.729058 4.31323 
v -4.69543 -0.64287 4.1772 
v -4.69528 -0.6481 4.17418 
v -4.19401 -0.528072 4.12601 
v -4.19416 -0.522843 4.12902 
v -4.81638 -0.732309 4.27799 
v -4.76477 -0.754068 4.30854 
v -4.68532 -0.741109 4.31414 
v -4.41584 -0.82074 4.45082 
v -4.0737 -0.481428 4.13325 
v -4.30625 -0.853987 4.49928 
v -3.94681 -0.560622 4.20174 
v -4.14643 -0.916617 4.52372 
v -4.14658 -0.911387 4.52674 
v -3.94696 -0.555392 4.20475 
v -4.24047 -0.756097 4.38842 
v -3.63485 -0.784105 4.43746 
v -3.62624 -0.753879 4.40967 
v -3.66148 -0.781921 4.51704 
v -3.83558 -0.644898 4.37989 
v -3.93843 -0.785574 4.48087 
v -3.65395 -0.703099 4.3735 
v -3.65381 -0.708328 4.37048 
v -4.24062 -0.750867 4.39144 
v -4.19256 -0.847701 4.50603 
v -3.97863 -0.595629 4.29233 
v -4.19256 -0.847701 4.50603 
v -3.86548 -0.492606 4.19423 
v -4.11329 -0.819362 4.48978 
v -4.04879 -0.821813 4.49717 
v -3.86548 -0.492606 4.19423 
v -3.98029 -0.842774 4.52717 
v -3.54817 -0.831393 4.46801 
v -3.49497 -0.571984 4.3112 
v -3.63485 -0.784105 4.43746 
v -3.22283 -0.54945 4.2999 
v -3.47058 -0.849475 4.4838 
v -3.39083 -0.831913 4.46691 
v -3.44989 -0.970157 4.57789 
v -3.2201 -0.659026 4.34001 
v -3.29903 -0.758128 4.41604 
v -3.54817 -0.831393 4.46801 
v -3.23184 -0.999256 4.65591 
v -3.23024 -0.602142 4.33284 
v -3.06688 -0.638939 4.35378 
v -3.23039 -0.596912 4.33586 
v -3.23198 -0.994026 4.65893 
v -3.06703 -0.63371 4.3568 
v -3.21755 -0.756963 4.4301 
v -3.29903 -0.758128 4.41604 
v -3.30118 -0.652304 4.31232 
v -3.10852 -0.747197 4.4475 
v -3.21755 -0.756963 4.4301 
v -3.45004 -0.964918 4.58091 
v -3.22025 -0.653797 4.34303 
v -3.20304 -0.78108 4.50891 
v -3.24615 -0.637188 4.39039 
v -3.24531 -0.748864 4.48245 
v -3.24615 -0.637188 4.39039 
v -3.20304 -0.78108 4.50891 
v -3.05401 -0.772762 4.52593 
v -4.92115 -1.23115 4.74819 
v -5.28737 -1.38174 4.77369 
v -5.27616 -1.31263 4.73183 
v -5.28751 -1.37651 4.77671 
v -5.1683 -1.41124 4.82096 
v -4.9213 -1.22591 4.75121 
v -5.16815 -1.41647 4.81794 
v -5.00947 -1.40472 4.83916 
v -5.00961 -1.39948 4.84219 
v -4.94578 -1.4116 4.9292 
v -4.9418 -1.48771 4.98151 
v -4.61375 -1.30745 4.90272 
v -4.6136 -1.31268 4.8997 
v -4.94165 -1.49294 4.9785 
v -4.94563 -1.41683 4.92618 
v -4.79426 -1.28184 4.82051 
v -5.62311 -1.28309 4.55968 
v -5.53888 -1.31497 4.61181 
v -5.53873 -1.3202 4.60879 
v -5.62296 -1.28832 4.55667 
v -5.40996 -1.30481 4.64643 
v -5.41011 -1.29957 4.64945 
v -5.27631 -1.30739 4.73485 
v -4.79441 -1.27661 4.82352 
v -4.81819 -1.21972 4.80598 
v -4.16364 -1.23941 4.80669 
v -4.42944 -1.44077 4.98558 
v -3.86532 -1.19308 4.81592 
v -4.23686 -1.36001 4.99286 
v -4.06584 -1.45634 5.05451 
v -4.23672 -1.36524 4.98985 
v -3.86517 -1.19832 4.8129 
v -4.06569 -1.46158 5.05148 
v -4.79578 -1.53361 5.01499 
v -4.79593 -1.52838 5.01801 
v -4.62128 -1.5368 5.01692 
v -4.16379 -1.23417 4.80971 
v -4.42958 -1.43554 4.9886 
v -4.19571 -1.02623 4.67992 
v -4.42825 -1.32194 4.92962 
v -4.19556 -1.03147 4.6769 
v -4.4281 -1.32717 4.9266 
v -4.02715 -1.13164 4.7644 
v -4.81804 -1.22495 4.80297 
v -3.91161 -1.38023 5.02926 
v -3.88563 -1.06856 4.73937 
v -4.06765 -1.35518 4.99274 
v -3.88548 -1.0738 4.73635 
v -3.91146 -1.38547 5.02624 
v -4.0675 -1.36041 4.98972 
v -4.62142 -1.53156 5.01994 
v -4.45986 -1.58929 5.14482 
v -4.50344 -1.53146 5.11501 
v -4.22052 -1.57286 5.12075 
v -4.33549 -1.58368 5.14357 
v -4.13354 -1.53542 5.09394 
v -4.50358 -1.52622 5.11803 
v -4.46 -1.58406 5.14784 
v -4.33564 -1.57844 5.14659 
v -4.22066 -1.56763 5.12377 
v -4.13368 -1.53019 5.09696 
v -4.46564 -1.40545 5.00242 
v -4.4655 -1.41068 4.9994 
v -4.09318 -1.61226 5.18558 
v -4.12849 -1.55522 5.14786 
v -3.99671 -1.6042 5.18598 
v -3.89825 -1.5657 5.14096 
v -3.89811 -1.57093 5.13794 
v -3.99657 -1.60943 5.18296 
v -4.12864 -1.54998 5.15088 
v -4.09332 -1.60703 5.1886 
v -3.83138 -1.5243 5.09664 
v -4.10293 -1.43408 5.06249 
v -4.10278 -1.43931 5.05947 
v -3.83153 -1.51907 5.09966 
v -5.10702 -1.22989 4.65229 
v -5.6021 -1.23085 4.53546 
v -5.60195 -1.23608 4.53244 
v -5.10717 -1.22466 4.6553 
v -4.57904 -1.00883 4.60203 
v -4.5789 -1.01407 4.59901 
v -4.45811 -1.09951 4.69497 
v -4.45826 -1.09428 4.69798 
v -4.5155 -0.942571 4.56524 
v -4.34341 -1.06183 4.70297 
v -3.89416 -0.841079 4.53569 
v -3.9558 -0.960617 4.63106 
v -4.51535 -0.9478 4.56223 
v -4.34326 -1.06706 4.69995 
v -4.19256 -0.847701 4.50603 
v -4.04879 -0.821813 4.49717 
v -3.98029 -0.842774 4.52717 
v -3.89416 -0.841079 4.53569 
v -3.93843 -0.785574 4.48087 
v -3.98029 -0.842774 4.52717 
v -3.93828 -1.01852 4.67909 
v -3.93828 -1.01852 4.67909 
v -5.12158 -1.13133 4.64281 
v -5.12143 -1.13657 4.63979 
v -4.0273 -1.1264 4.76742 
v -3.73089 -1.14006 4.78134 
v -3.73104 -1.13483 4.78436 
v -3.75617 -1.43327 5.0441 
v -3.61826 -1.18412 4.79549 
v -3.75602 -1.4385 5.04109 
v -3.62496 -1.45536 5.1033 
v -3.67821 -1.14099 4.80006 
v -3.75897 -1.45037 5.08329 
v -3.67806 -1.14623 4.79704 
v -3.62481 -1.46059 5.10029 
v -3.75882 -1.4556 5.08028 
v -3.77612 -1.5911 5.17644 
v -3.77598 -1.59633 5.17342 
v -3.50044 -1.58182 5.18104 
v -3.45704 -1.49399 5.11316 
v -3.61841 -1.17889 4.79851 
v -3.49947 -1.18973 4.86907 
v -3.49961 -1.1845 4.87209 
v -3.3453 -1.22269 4.87323 
v -3.34515 -1.22792 4.87021 
v -3.45719 -1.48876 5.11617 
v -3.44767 -1.20075 4.88344 
v -3.35241 -1.51329 5.17831 
v -3.49904 -1.5115 5.17534 
v -3.12893 -1.2615 4.92202 
v -3.27867 -1.23471 4.93361 
v -3.35255 -1.50805 5.18134 
v -3.44781 -1.19552 4.88646 
v -3.49918 -1.50627 5.17835 
v -3.12907 -1.25626 4.92505 
v -3.18993 -1.53465 5.19422 
v -3.18979 -1.53988 5.19121 
v -3.27882 -1.22947 4.93663 
v -3.20052 -0.997805 4.69121 
v -3.24182 -1.3174 5.0207 
v -2.98251 -1.08434 4.75992 
v -3.17151 -1.05079 4.76513 
v -2.98236 -1.08957 4.7569 
v -3.24168 -1.32263 5.01768 
v -3.17136 -1.05602 4.76211 
v -3.20067 -0.992576 4.69423 
v -3.50059 -1.57658 5.18406 
v -3.75023 -1.64399 5.22827 
v -3.69456 -1.65426 5.25121 
v -3.69442 -1.6595 5.24819 
v -3.75008 -1.64923 5.22525 
v -3.61974 -1.65632 5.24147 
v -3.55969 -1.6335 5.22178 
v -3.61988 -1.65108 5.24449 
v -3.48936 -1.65148 5.27573 
v -3.44729 -1.6974 5.31386 
v -3.44714 -1.70263 5.31084 
v -3.48921 -1.65671 5.27271 
v -3.55983 -1.62827 5.2248 
v -3.37676 -1.70256 5.31655 
v -3.37662 -1.70778 5.31354 
v -3.29208 -1.69044 5.29485 
v -3.29193 -1.69568 5.29183 
v -3.25523 -1.59914 5.25447 
v -3.08321 -1.58379 5.24349 
v -3.23707 -1.73381 5.36301 
v -3.23721 -1.72857 5.36603 
v -3.18654 -1.79739 5.41282 
v -3.08336 -1.57855 5.24651 
v -3.18639 -1.80263 5.4098 
v -3.25538 -1.59391 5.25749 
v -3.22954 -1.63455 5.24936 
v -3.22969 -1.62932 5.25238 
v -3.8754 -1.0319 4.69565 
v -3.67847 -0.539149 4.25984 
v -3.69514 -0.990759 4.67668 
v -3.7741 -1.02211 4.69815 
v -3.7741 -1.02211 4.69815 
v -3.62991 -0.885077 4.59825 
v -3.64355 -0.932226 4.63334 
v -3.58884 -0.917354 4.62475 
v -3.45067 -0.780605 4.52503 
v -3.49497 -0.571984 4.3112 
v -3.64355 -0.932226 4.63334 
v -3.6009 -0.781528 4.51931 
v -3.61216 -0.68814 4.45364 
v -3.62991 -0.885077 4.59825 
v -3.58884 -0.917354 4.62475 
v -3.64355 -0.932226 4.63334 
v -3.62991 -0.885077 4.59825 
v -3.56347 -0.931696 4.60246 
v -3.38065 -0.963881 4.63329 
v -3.38079 -0.958643 4.63631 
v -3.40185 -0.904651 4.62393 
v -3.33896 -0.822212 4.55182 
v -3.3735 -0.986526 4.6729 
v -3.10684 -0.514238 4.26871 
v -3.10698 -0.509008 4.27172 
v -3.37365 -0.981287 4.67592 
v -3.43303 -0.656166 4.42388 
v -3.40185 -0.904651 4.62393 
v -3.22283 -0.54945 4.2999 
v -3.33896 -0.822212 4.55182 
v -3.48208 -0.935459 4.6444 
v -3.58884 -0.917354 4.62475 
v -3.35791 -0.604963 4.34844 
v -3.56362 -0.926458 4.60548 
v -3.40185 -0.904651 4.62393 
v -3.45067 -0.780605 4.52503 
v -3.48208 -0.935459 4.6444 
v -3.7741 -1.02211 4.69815 
v -3.8754 -1.0319 4.69565 
v -3.69514 -0.990759 4.67668 
v -3.0586 -1.02653 4.69711 
v -3.05875 -1.02129 4.70013 
v -3.58884 -0.917354 4.62475 
v -5.56842 -0.573207 3.65823 
v -5.56827 -0.578445 3.65521 
v -5.5759 -0.634863 3.71394 
v -5.57605 -0.629625 3.71697 
v -5.21798 -0.573762 3.7924 
v -5.17693 -0.513659 3.72407 
v -5.17678 -0.518889 3.72105 
v -5.21812 -0.568533 3.79541 
v -5.24733 -0.524785 3.73993 
v -5.24719 -0.530015 3.73691 
v -5.19728 -0.46015 3.65692 
v -5.19713 -0.465388 3.6539 
v -4.83233 -0.44302 3.77808 
v -4.83248 -0.437791 3.7811 
v -5.14188 -0.603082 3.85903 
v -5.14173 -0.608311 3.85601 
v -4.78858 -0.388802 3.71039 
v -4.78873 -0.383564 3.71341 
v -4.85338 -0.404375 3.70522 
v -4.72983 -0.496907 3.84021 
v -4.86565 -0.447469 3.82771 
v -5.26362 -0.559796 3.82403 
v -4.89448 -0.415836 3.76663 
v -4.72997 -0.491678 3.84323 
v -5.26376 -0.554567 3.82705 
v -4.8658 -0.442239 3.83073 
v -4.89462 -0.410606 3.76965 
v -5.18908 -0.662262 3.92546 
v -5.18922 -0.657024 3.92848 
v -5.25942 -0.589228 3.87526 
v -4.86441 -0.471595 3.8696 
v -4.86456 -0.466365 3.87262 
v -5.25957 -0.583999 3.87828 
v -5.18325 -0.679885 4.00711 
v -5.1831 -0.685115 4.0041 
v -4.89758 -0.428437 3.80283 
v -4.89744 -0.433667 3.79982 
v -4.7887 -0.528181 3.88429 
v -4.85312 -0.516497 3.93105 
v -5.24512 -0.636001 3.95222 
v -4.88862 -0.475094 3.86482 
v -4.78885 -0.522943 3.88731 
v -4.96894 -0.531859 3.92061 
v -4.4876 -0.394619 3.84162 
v -4.94428 -0.53213 3.93437 
v -4.90602 -0.514798 3.9449 
v -4.79439 -0.414782 3.83259 
v -4.94678 -0.505967 3.89373 
v -4.94678 -0.505967 3.89373 
v -4.45798 -0.359315 3.83507 
v -4.80073 -0.550535 3.96844 
v -4.8015 -0.480652 3.93191 
v -4.4876 -0.394619 3.84162 
v -4.90575 -0.52422 3.93946 
v -4.94428 -0.53213 3.93437 
v -4.80141 -0.48379 3.9301 
v -4.45813 -0.354086 3.83809 
v -4.80088 -0.545306 3.97146 
v -4.80185 -0.340155 3.63026 
v -4.8017 -0.345393 3.62724 
v -4.82444 -0.417064 3.72135 
v -4.57894 -0.331595 3.72546 
v -4.807 -0.420199 3.73249 
v -4.85352 -0.399146 3.70823 
v -4.82459 -0.411826 3.72437 
v -4.68914 -0.383058 3.72464 
v -4.80715 -0.41497 3.73551 
v -4.57908 -0.326357 3.72848 
v -4.72818 -0.408242 3.75431 
v -4.7713 -0.444902 3.79157 
v -4.57908 -0.326357 3.72848 
v -4.82459 -0.411826 3.72437 
v -4.80715 -0.41497 3.73551 
v -4.56523 -0.309068 3.69435 
v -4.56508 -0.314307 3.69133 
v -4.79611 -0.359727 3.74431 
v -4.46873 -0.233862 3.64124 
v -4.88171 -0.403401 3.76746 
v -4.42503 -0.261424 3.68147 
v -4.79597 -0.364956 3.74129 
v -4.88171 -0.403401 3.76746 
v -4.79121 -0.372193 3.76616 
v -4.42517 -0.256186 3.68449 
v -4.77115 -0.450132 3.78855 
v -4.72804 -0.41348 3.75129 
v -4.57894 -0.331595 3.72546 
v -4.80715 -0.41497 3.73551 
v -4.68926 -0.378874 3.72706 
v -4.68911 -0.384103 3.72404 
v -4.807 -0.420199 3.73249 
v -4.54569 -0.401912 3.79336 
v -4.72804 -0.41348 3.75129 
v -4.68911 -0.384103 3.72404 
v -4.68926 -0.378874 3.72706 
v -4.72818 -0.408242 3.75431 
v -4.54584 -0.396683 3.79638 
v -4.57784 -0.317795 3.70403 
v -4.46831 -0.214935 3.60603 
v -4.58815 -0.259393 3.61678 
v -4.588 -0.264622 3.61376 
v -4.57798 -0.312565 3.70704 
v -4.88171 -0.403401 3.76746 
v -4.57798 -0.312565 3.70704 
v -4.54071 -0.293067 3.68956 
v -4.48907 -0.264234 3.6808 
v -4.89485 -0.443425 3.82895 
v -4.96851 -0.445633 3.7929 
v -4.96874 -0.453825 3.81193 
v -4.96842 -0.44877 3.79109 
v -4.96859 -0.459055 3.80891 
v -4.4978 -0.311914 3.75578 
v -4.71062 -0.440519 3.91758 
v -4.85327 -0.511258 3.93407 
v -4.49795 -0.306676 3.75881 
v -4.88876 -0.469865 3.86783 
v -4.79563 -0.413791 3.83323 
v -4.96842 -0.44877 3.79109 
v -4.48922 -0.258996 3.68382 
v -4.96859 -0.459055 3.80891 
v -4.89482 -0.444471 3.82835 
v -4.50121 -0.272246 3.70621 
v -4.50106 -0.277484 3.70319 
v -4.47619 -0.352376 3.80523 
v -4.45564 -0.346513 3.81299 
v -4.80903 -0.528554 3.92993 
v -4.40737 -0.339803 3.81822 
v -4.40722 -0.345032 3.8152 
v -4.45579 -0.341284 3.81601 
v -4.80918 -0.523324 3.93294 
v -4.99082 -0.538679 3.94588 
v -4.54162 -0.41777 3.89847 
v -4.59849 -0.379945 3.83979 
v -4.54147 -0.422999 3.89545 
v -4.99067 -0.543909 3.94286 
v -4.59834 -0.385175 3.83677 
v -4.47619 -0.352376 3.80523 
v -4.89482 -0.444471 3.82835 
v -4.38193 -0.298913 3.68809 
v -4.76535 -0.48058 3.81259 
v -4.77083 -0.461645 3.78191 
v -4.39956 -0.232673 3.76351 
v -4.76582 -0.463837 3.82225 
v -4.47604 -0.357614 3.8022 
v -4.76567 -0.469066 3.81923 
v -4.82459 -0.411826 3.72437 
v -4.68914 -0.383058 3.72464 
v -4.72795 -0.416618 3.74948 
v -4.58848 -0.432032 3.81204 
v -4.45522 -0.285507 3.7629 
v -4.45507 -0.290745 3.75987 
v -4.44664 -0.278264 3.73865 
v -4.46834 -0.216879 3.60213 
v -4.82459 -0.411826 3.72437 
v -4.46819 -0.222108 3.59911 
v -4.57784 -0.317795 3.70403 
v -4.82444 -0.417064 3.72135 
v -4.46834 -0.216879 3.60213 
v -4.46873 -0.233862 3.64124 
v -4.54071 -0.293067 3.68956 
v -4.44678 -0.273026 3.74167 
v -4.38857 -0.273346 3.74506 
v -4.38842 -0.278584 3.74204 
v -4.45426 -0.353625 3.76973 
v -4.45453 -0.276891 3.68267 
v -4.45441 -0.348387 3.77275 
v -4.25245 -0.346391 3.80817 
v -4.36164 -0.30527 3.74607 
v -4.46834 -0.216879 3.60213 
v -4.54056 -0.298297 3.68655 
v -4.48095 -0.227095 3.60955 
v -4.34252 -0.241833 3.67814 
v -4.45468 -0.271662 3.68568 
v -4.36179 -0.30004 3.74908 
v -4.76582 -0.463837 3.82225 
v -4.58859 -0.427848 3.81445 
v -4.68705 -0.485897 3.86917 
v -4.79563 -0.413791 3.83323 
v -4.44936 -0.413855 3.87439 
v -4.44955 -0.322814 3.81091 
v -4.48539 -0.407341 3.8928 
v -4.6285 -0.495347 3.90777 
v -4.80141 -0.48379 3.9301 
v -4.44951 -0.408617 3.87741 
v -4.44969 -0.317576 3.81393 
v -4.27469 -0.272183 3.86472 
v -4.68705 -0.485897 3.86917 
v -4.48539 -0.407341 3.8928 
v -4.68658 -0.50264 3.85951 
v -4.6285 -0.495347 3.90777 
v -4.55951 -0.516653 3.95291 
v -4.1307 -0.374761 3.86571 
v -4.6285 -0.495347 3.90777 
v -4.42645 -0.421451 3.93708 
v -3.99654 -0.405137 3.92975 
v -3.72966 -0.295345 3.84191 
v -3.88963 -0.430565 3.98146 
v -3.88541 -0.238077 3.74714 
v -3.35942 -0.184139 3.77118 
v -3.36752 -0.37737 3.99693 
v -3.52188 -0.335887 3.92232 
v -3.08667 -0.280589 3.91057 
v -3.27798 -0.21401 3.81485 
v -4.37395 -0.187469 3.60656 
v -4.48109 -0.221857 3.61257 
v -4.3738 -0.192698 3.60354 
v -4.34267 -0.236595 3.68116 
v -4.04469 -0.0957794 3.55072 
v -4.04469 -0.0957794 3.55072 
v -4.46834 -0.216879 3.60213 
v -4.06316 -0.0355746 3.59063 
v -3.60756 0.064832 3.60084 
v -3.5376 -0.0565001 3.60654 
v -3.99361 -0.152854 3.62799 
v -3.58786 -0.00977623 3.54003 
v -3.58786 -0.00977623 3.54003 
v -3.42424 0.0145792 3.54448 
v -3.16386 -0.00912571 3.59101 
v -3.11631 0.0368892 3.55468 
v -3.50314 -0.107215 3.66469 
v -3.4492 -0.142274 3.71117 
v -3.53855 0.0578418 3.70585 
v -3.42365 0.102995 3.61624 
v -3.42424 0.0145792 3.54448 
v -3.11631 0.0368892 3.55468 
v -3.12524 0.126631 3.63335 
v -3.16022 0.0912722 3.7002 
v -4.00926 -0.0782562 3.70112 
v -4.16852 -0.296957 3.93221 
v -3.90199 -0.132525 3.83673 
v -3.49198 0.0140971 3.77429 
v -3.73344 -0.193465 3.94818 
v -3.53532 -0.237444 4.02439 
v -3.36209 -0.0610149 3.86728 
v -3.43749 -0.0248933 3.83243 
v -3.2729 -0.103873 3.90722 
v -3.06456 -0.142371 4.00832 
v -4.66277 -0.467805 3.97447 
v -5.24527 -0.630772 3.95523 
v -4.89243 -0.576436 4.01613 
v -4.78429 -0.608222 4.02085 
v -4.78414 -0.613451 4.01784 
v -4.89258 -0.571206 4.01915 
v -4.44229 -0.446048 3.97412 
v -4.44214 -0.451286 3.97109 
v -4.93308 -0.65224 4.1117 
v -4.55183 -0.491762 4.04076 
v -4.93494 -0.631653 4.08317 
v -4.37702 -0.538537 4.06507 
v -4.37687 -0.543775 4.06205 
v -4.82082 -0.631682 4.13233 
v -4.78522 -0.582345 4.06789 
v -4.78507 -0.587574 4.06487 
v -4.88559 -0.686517 4.18553 
v -4.84554 -0.695133 4.21453 
v -4.38871 -0.521387 4.14122 
v -4.73021 -0.656901 4.20467 
v -4.81638 -0.732309 4.27799 
v -4.32841 -0.469784 4.05711 
v -4.76477 -0.754068 4.30854 
v -4.68532 -0.741109 4.31414 
v -4.73021 -0.656901 4.20467 
v -4.88559 -0.686517 4.18553 
v -4.3809 -0.437964 3.97518 
v -4.84554 -0.695133 4.21453 
v -4.82082 -0.631682 4.13233 
v -4.33952 -0.447735 4.00623 
v -4.33937 -0.452965 4.00321 
v -4.64765 -0.770432 4.35231 
v -4.63073 -0.798306 4.38693 
v -4.15873 -0.568726 4.22481 
v -4.52884 -0.807075 4.41921 
v -4.52884 -0.807075 4.41921 
v -4.0737 -0.481428 4.13325 
v -4.42283 -0.794383 4.42171 
v -4.42283 -0.794383 4.42171 
v -4.0737 -0.481428 4.13325 
v -4.41584 -0.82074 4.45082 
v -4.62296 -0.729058 4.31323 
v -4.32841 -0.469784 4.05711 
v -4.64765 -0.770432 4.35231 
v -4.26975 -0.531468 4.09917 
v -4.62296 -0.729058 4.31323 
v -4.2699 -0.526239 4.10218 
v -4.97139 -0.584653 3.99508 
v -4.94326 -0.556382 3.96921 
v -4.97154 -0.579424 3.99809 
v -4.96067 -0.593995 4.01421 
v -4.96915 -0.524537 3.92483 
v -4.94454 -0.522708 3.93981 
v -4.94314 -0.560574 3.96679 
v -4.94314 -0.560574 3.96679 
v -4.49901 -0.413453 3.91242 
v -4.55951 -0.516653 3.95291 
v -4.58284 -0.542164 3.98147 
v -4.58284 -0.542164 3.98147 
v -4.56635 -0.562844 4.01329 
v -4.4855 -0.551632 4.02199 
v -4.3809 -0.437964 3.97518 
v -4.56635 -0.562844 4.01329 
v -4.5063 -0.564647 4.03387 
v -4.42645 -0.421451 3.93708 
v -4.96067 -0.593995 4.01421 
v -4.49916 -0.408224 3.91544 
v -4.58284 -0.542164 3.98147 
v -4.81194 -0.555659 4.02758 
v -4.93486 -0.63479 4.08136 
v -4.93311 -0.651195 4.11231 
v -4.81208 -0.550421 4.0306 
v -4.96073 -0.591903 4.01542 
v -4.47631 -0.511305 3.98882 
v -4.47616 -0.516534 3.9858 
v -4.93486 -0.63479 4.08136 
v -4.5063 -0.564647 4.03387 
v -4.50271 -0.589559 4.07238 
v -4.41836 -0.616067 4.09827 
v -4.50271 -0.589559 4.07238 
v -4.41836 -0.616067 4.09827 
v -4.73021 -0.656901 4.20467 
v -4.32102 -0.450657 4.05093 
v -4.32087 -0.455895 4.0479 
v -4.40003 -0.406044 3.95278 
v -4.39988 -0.411273 3.94977 
v -4.4855 -0.551632 4.02199 
v -4.4855 -0.551632 4.02199 
v -4.5063 -0.564647 4.03387 
v -4.08627 -0.632061 4.24138 
v -4.08613 -0.637299 4.23836 
v -3.82515 -0.658516 4.30723 
v -3.825 -0.663754 4.30421 
v -4.08053 -0.684433 4.26955 
v -4.02012 -0.707904 4.30835 
v -4.20429 -0.674418 4.23647 
v -4.20312 -0.673308 4.23704 
v -4.12797 -0.670914 4.2438 
v -4.08053 -0.684433 4.26955 
v -3.72795 -0.469337 4.06139 
v -4.02012 -0.707904 4.30835 
v -4.08053 -0.684433 4.26955 
v -3.93253 -0.527109 4.20482 
v -3.93239 -0.532347 4.2018 
v -4.02012 -0.707904 4.30835 
v -3.89709 -0.709215 4.33113 
v -3.89709 -0.709215 4.33113 
v -3.80675 -0.684709 4.31483 
v -3.719 -0.714772 4.36639 
v -3.719 -0.714772 4.36639 
v -3.46316 -0.5319 4.19002 
v -3.65554 -0.736095 4.3895 
v -3.719 -0.714772 4.36639 
v -3.65554 -0.736095 4.3895 
v -3.80675 -0.684709 4.31483 
v -3.89724 -0.705476 4.33189 
v -3.82252 -0.680809 4.31939 
v -3.65339 -0.486592 4.09736 
v -3.19271 -0.45893 4.12267 
v -3.29903 -0.758128 4.41604 
v -3.21772 -0.637435 4.37044 
v -4.05647 -0.783315 4.46392 
v -4.04879 -0.821813 4.49717 
v -3.75796 -0.61627 4.31226 
v -3.75781 -0.621499 4.30924 
v -3.69514 -0.990759 4.67668 
v -3.37865 -0.592467 4.32334 
v -3.52383 -0.607503 4.30363 
v -3.52368 -0.612741 4.30061 
v -3.65554 -0.736095 4.3895 
v -3.63485 -0.784105 4.43746 
v -3.3785 -0.597696 4.32033 
v -3.39083 -0.831913 4.46691 
v -3.24427 -0.526293 4.2684 
v -3.14036 -0.616561 4.35978 
v -3.21755 -0.756963 4.4301 
v -3.24531 -0.748864 4.48245 
v -3.20304 -0.78108 4.50891 
v -3.35791 -0.604963 4.34844 
v -3.24615 -0.637188 4.39039 
v -3.33896 -0.822212 4.55182 
v -3.24615 -0.637188 4.39039 
v -3.24442 -0.521063 4.27142 
v -4.34455 -0.599549 4.12161 
v -4.33834 -0.628681 4.16033 
v -4.34455 -0.599549 4.12161 
v -4.26504 -0.660461 4.21174 
v -4.0136 -0.333873 4.03036 
v -3.9003 -0.365614 4.08366 
v -3.76213 -0.404944 4.14649 
v -3.67303 -0.423624 4.1808 
v -3.37061 -0.274056 4.08864 
v -3.17904 -0.379151 4.21243 
v -3.46663 -0.480476 4.27006 
v -4.20429 -0.674418 4.23647 
v -4.20312 -0.673308 4.23704 
v -4.12797 -0.670914 4.2438 
v -4.33834 -0.628681 4.16033 
v -4.26504 -0.660461 4.21174 
v -4.20429 -0.674418 4.23647 
v -4.08399 -0.494361 4.13339 
v -4.08414 -0.489123 4.13641 
v -2.96887 -0.50417 4.32088 
v -3.10565 -1.81976 5.41199 
v -2.02877 -1.5584 5.09603 
v -2.23024 -1.8001 5.33589 
v -2.00341 -1.74629 5.23913 
v -2.23009 -1.80533 5.33287 
v -2.02862 -1.56364 5.09301 
v -2.00326 -1.75152 5.23611 
v -2.08302 -1.85042 5.36256 
v -1.87543 -1.61158 5.1207 
v -1.88235 -1.80847 5.26331 
v -1.87557 -1.60635 5.12372 
v -2.08317 -1.84519 5.36558 
v -1.88249 -1.80324 5.26633 
v -2.66554 -1.78467 5.33389 
v -2.82088 -1.64105 5.26363 
v -2.64708 -1.65851 5.22251 
v -2.05632 -1.6018 5.19412 
v -1.86704 -1.90053 5.38255 
v -1.88888 -1.65368 5.20754 
v -1.86689 -1.90577 5.37953 
v -2.05618 -1.60703 5.1911 
v -1.88873 -1.65891 5.20452 
v -2.08988 -1.6177 5.18134 
v -2.24058 -1.53756 5.08827 
v -2.41092 -1.79046 5.33941 
v -2.24294 -1.7248 5.23617 
v -2.41077 -1.7957 5.33639 
v -2.24044 -1.54279 5.08526 
v -2.2428 -1.73004 5.23315 
v -2.09003 -1.61247 5.18436 
v -2.41894 -1.5223 5.13538 
v -2.42208 -1.73992 5.32866 
v -2.82103 -1.63582 5.26665 
v -2.66569 -1.77943 5.33691 
v -2.64723 -1.65327 5.22553 
v -2.41909 -1.51706 5.1384 
v -2.42223 -1.73469 5.33167 
v -1.69973 -1.6468 5.1516 
v -1.46017 -1.69783 5.15014 
v -1.65022 -1.95146 5.38946 
v -1.68268 -1.71497 5.20772 
v -1.03902 -1.8408 5.24433 
v -1.24063 -1.59482 5.08629 
v -1.22913 -1.81657 5.27775 
v -1.24049 -1.60006 5.08327 
v -1.03887 -1.84603 5.24131 
v -1.22898 -1.8218 5.27473 
v -1.65037 -1.94623 5.39248 
v -1.46032 -1.6926 5.15316 
v -1.68283 -1.70974 5.21073 
v -1.85168 -1.64461 5.21058 
v -1.85153 -1.64985 5.20756 
v -1.31416 -1.72418 5.17392 
v -1.45678 -1.97924 5.41803 
v -1.49523 -1.74512 5.23527 
v -1.69958 -1.65203 5.14858 
v -1.22381 -1.73431 5.18376 
v -1.29641 -1.70124 5.15677 
v -1.09778 -1.66179 4.98918 
v -1.20869 -1.78338 5.24539 
v -1.1168 -1.56558 4.9884 
v -1.15224 -1.76476 5.22069 
v -1.14151 -1.7429 5.17122 
v -1.27873 -1.76499 5.23911 
v -1.1168 -1.56558 4.9884 
v -1.20869 -1.78338 5.24539 
v -1.36863 -1.76968 5.25981 
v -1.36849 -1.77491 5.2568 
v -2.63043 -1.51656 5.15383 
v -2.60798 -1.74093 5.34313 
v -2.02391 -1.87109 5.32628 
v -2.02376 -1.87633 5.32326 
v -2.05561 -1.82763 5.38245 
v -2.27595 -1.92221 5.39536 
v -2.72347 -1.85853 5.38413 
v -2.50235 -1.84533 5.39137 
v -2.66231 -1.69122 5.30509 
v -2.46984 -1.71578 5.26996 
v -2.27609 -1.91698 5.39838 
v -2.66246 -1.68599 5.30811 
v -2.5025 -1.8401 5.39438 
v -2.46999 -1.71055 5.27298 
v -2.94649 -1.66075 5.28197 
v -2.91298 -1.83568 5.39577 
v -2.25644 -1.55425 5.17452 
v -2.24846 -1.7793 5.36427 
v -2.25629 -1.55949 5.1715 
v -2.24831 -1.78454 5.36125 
v -2.93896 -1.74056 5.32637 
v -2.99717 -1.80843 5.37587 
v -2.9391 -1.73533 5.32938 
v -2.99732 -1.8032 5.37889 
v -2.91312 -1.83045 5.39878 
v -2.94663 -1.65551 5.28499 
v -2.05547 -1.83287 5.37943 
v -1.4386 -1.9578 5.33577 
v -1.21842 -1.99885 5.42493 
v -1.21828 -2.00408 5.42191 
v -1.31431 -1.71896 5.17693 
v -1.45693 -1.97401 5.42104 
v -1.29252 -1.98029 5.36735 
v -1.29237 -1.98552 5.36434 
v -1.43874 -1.95257 5.33879 
v -1.67113 -1.9006 5.33897 
v -1.67098 -1.90583 5.33596 
v -1.49537 -1.73989 5.23828 
v -1.66589 -1.69658 5.22987 
v -1.66603 -1.69134 5.23289 
v -1.15224 -1.76476 5.22069 
v -1.24621 -1.49578 5.09333 
v -1.20869 -1.78338 5.24539 
v -1.70205 -1.44547 4.99115 
v -1.7019 -1.4507 4.98813 
v -1.54655 -1.66073 5.19049 
v -1.33271 -1.4164 4.92488 
v -1.45111 -1.6981 5.20669 
v -1.52298 -1.47811 5.01776 
v -1.52283 -1.48334 5.01474 
v -1.4052 -1.70044 5.16218 
v -1.5109 -1.37186 4.7906 
v -1.33271 -1.4164 4.92488 
v -1.58306 -1.63865 5.10202 
v -1.49843 -1.66502 5.09865 
v -1.47464 -1.66283 5.08876 
v -1.47464 -1.66283 5.08876 
v -1.59326 -1.63041 5.17435 
v -1.89716 -1.39354 4.98356 
v -1.55994 -1.49228 5.09133 
v -1.72749 -1.61258 5.16593 
v -1.65162 -1.62486 5.17398 
v -1.47464 -1.66283 5.08876 
v -1.40511 -1.70359 5.16037 
v -1.29641 -1.70124 5.15677 
v -1.14151 -1.7429 5.17122 
v -1.16535 -1.50838 4.83848 
v -1.40182 -1.69251 5.20424 
v -1.37827 -1.57405 5.08953 
v -1.34327 -1.71941 5.21744 
v -1.36937 -1.67025 5.19142 
v -1.34376 -1.51687 5.00175 
v -1.14151 -1.7429 5.17122 
v -1.34391 -1.51163 5.00477 
v -1.10949 -1.68092 5.16452 
v -1.0663 -1.54728 5.11881 
v -1.37841 -1.56882 5.09255 
v -2.46004 -1.56164 5.15563 
v -2.45989 -1.56687 5.15261 
v -2.25167 -1.5679 5.15243 
v -2.25152 -1.57313 5.14942 
v -2.87824 -1.612 5.2153 
v -2.87809 -1.61724 5.21228 
v -2.63058 -1.51132 5.15685 
v -2.60812 -1.7357 5.34614 
v -2.46891 -1.46291 5.02031 
v -2.46876 -1.46814 5.01729 
v -2.8021 -1.42972 5.09654 
v -2.78822 -1.70492 5.32271 
v -2.80196 -1.43495 5.09352 
v -2.78807 -1.71015 5.31969 
v -1.34335 -1.71628 5.21925 
v -1.27882 -1.76184 5.24093 
v -1.59326 -1.63041 5.17435 
v -1.55994 -1.49228 5.09133 
v -1.65162 -1.62486 5.17398 
v -1.54655 -1.66073 5.19049 
v -1.59326 -1.63041 5.17435 
v -1.40182 -1.69251 5.20424 
v -1.36937 -1.67025 5.19142 
v -1.45111 -1.6981 5.20669 
v -1.10949 -1.68092 5.16452 
v -1.02675 -1.91427 5.29488 
v -0.631996 -1.80865 5.07295 
v -0.786196 -2.00237 5.27065 
v -0.368778 -1.92929 5.21991 
v -0.572574 -2.0183 5.34254 
v -0.34807 -1.94549 5.16192 
v -0.599616 -2.04233 5.37078 
v -0.494812 -1.84465 5.2243 
v -0.654063 -1.84099 5.20778 
v -0.386689 -1.81956 5.12075 
v -0.466172 -1.98475 5.35003 
v -0.494812 -1.84465 5.2243 
v -0.456383 -2.04713 5.37641 
v -0.386689 -1.81956 5.12075 
v -0.924753 -2.09062 5.42899 
v -0.792866 -1.81535 5.21947 
v -0.952506 -1.70826 5.11311 
v -0.654063 -1.84099 5.20778 
v -0.702605 -1.91515 5.32431 
v -0.385385 -1.83292 5.02784 
v -0.578238 -1.753 5.17021 
v -0.313773 -2.00025 5.32385 
v -0.347749 -1.78036 5.14662 
v -0.844377 -1.70155 5.13578 
v -0.59803 -1.94859 5.2906 
v -0.833977 -1.92649 5.32545 
v -0.598176 -1.94336 5.29361 
v -0.844524 -1.69632 5.1388 
v -0.834124 -1.92125 5.32848 
v -0.637905 -1.92344 5.32972 
v -0.313626 -2.00549 5.32083 
v -0.578091 -1.75823 5.1672 
v -0.347601 -1.78559 5.14359 
v -0.368778 -1.92929 5.21991 
v -0.334769 -1.98861 5.21312 
v -0.368778 -1.92929 5.21991 
v -0.34807 -1.94549 5.16192 
v -0.334769 -1.98861 5.21312 
v -0.466172 -1.98475 5.35003 
v -0.38155 -1.92786 5.27731 
v -0.363244 -1.98001 5.32023 
v -0.315628 -2.02384 5.3453 
v -0.334769 -1.98861 5.21312 
v -0.325994 -2.1154 5.41887 
v -0.38155 -1.92786 5.27731 
v -0.409317 -2.0279 5.17115 
v -0.285512 -1.71847 5.10041 
v -0.449374 -1.79575 5.01108 
v -0.34807 -1.94549 5.16192 
v -0.34455 -1.72495 5.1378 
v -0.334769 -1.98861 5.21312 
v -0.276346 -1.97792 5.27728 
v -0.315377 -1.92745 5.26531 
v -0.38155 -1.92786 5.27731 
v -0.0422571 -1.87577 5.36563 
v -0.499832 -1.71684 5.17667 
v -0.466172 -1.98475 5.35003 
v -0.952506 -1.70826 5.11311 
v -1.02675 -1.91427 5.29488 
v -0.924753 -2.09062 5.42899 
v -0.664924 -1.93642 5.3364 
v -0.754414 -1.93324 5.34346 
v -0.567672 -1.98422 5.35627 
v -0.721412 -2.11589 5.46819 
v -0.601182 -1.96671 5.35574 
v -0.587817 -1.96774 5.35576 
v -0.754561 -1.928 5.34648 
v -0.567819 -1.97899 5.35929 
v -0.799242 -1.88486 5.29852 
v -0.792866 -1.81535 5.21947 
v -0.7687 -1.90363 5.31805 
v -0.702605 -1.91515 5.32431 
v -0.702781 -1.90887 5.32793 
v -0.637905 -1.92344 5.32972 
v -0.603604 -1.7057 5.20309 
v -0.7687 -1.90363 5.31805 
v -0.832198 -1.82859 5.25743 
v -0.799242 -1.88486 5.29852 
v -0.587817 -1.96774 5.35576 
v -0.539557 -1.96849 5.34972 
v -0.504503 -1.9885 5.3571 
v -0.241268 -2.16596 5.42113 
v -0.364318 -2.19431 5.278 
v -0.322351 -2.1397 5.38374 
v -0.325994 -2.1154 5.41887 
v -0.315628 -2.02384 5.3453 
v -0.456383 -2.04713 5.37641 
v -0.315628 -2.02384 5.3453 
v -0.38155 -1.92786 5.27731 
v -0.363244 -1.98001 5.32023 
v -0.315628 -2.02384 5.3453 
v -0.539557 -1.96849 5.34972 
v -0.504503 -1.9885 5.3571 
v -0.832198 -1.82859 5.25743 
v -1.08751 -1.80557 5.21718 
v -1.08751 -1.80557 5.21718 
v -0.916504 -1.6855 5.0222 
v -1.04782 -1.64448 5.06322 
v -0.982262 -1.66628 5.11387 
v -1.12417 -1.8317 5.28246 
v -1.11924 -1.63704 5.11216 
v -1.04797 -1.63925 5.06624 
v -1.07542 -1.72041 5.18868 
v -1.07542 -1.72041 5.18868 
v -1.01774 -1.74696 5.21331 
v -0.88132 -1.60971 4.86831 
v -0.929698 -1.74928 5.19986 
v -1.07542 -1.72041 5.18868 
v -0.951499 -1.67806 5.18904 
v -0.461763 -1.66614 4.80997 
v -0.385385 -1.83292 5.02784 
v -0.982409 -1.66104 5.11689 
v -0.797122 -1.91575 5.28202 
v -0.790372 -1.71198 5.10569 
v -0.796975 -1.92098 5.27901 
v -0.790224 -1.71721 5.10267 
v -0.517248 -1.51797 4.57458 
v -0.386242 -1.38556 4.96833 
v -0.670622 -1.44356 5.03811 
v -0.885127 -1.59933 5.14531 
v -0.728829 -1.65931 5.17705 
v -1.12432 -1.82646 5.28548 
v -1.11938 -1.63181 5.11517 
v -0.987649 -1.89029 5.30361 
v -0.987796 -1.88506 5.30662 
v -1.00649 -1.86795 5.31476 
v -1.00634 -1.87318 5.31175 
v -0.875797 -1.81029 5.24537 
v -1.0147 -1.67809 5.14246 
v -0.929698 -1.74928 5.19986 
v -0.875797 -1.81029 5.24537 
v -1.01774 -1.74696 5.21331 
v -1.01485 -1.67286 5.14548 
v -0.755754 -1.73048 5.17817 
v -0.755606 -1.73572 5.17515 
v -0.604653 -1.74379 5.11424 
v -0.875797 -1.81029 5.24537 
v -0.6048 -1.73856 5.11726 
v -0.0476131 -1.63452 5.20598 
v -0.599616 -2.04233 5.37078 
v -1.91 -2.05061 5.4495 
v -1.87939 -2.01984 5.42911 
v -1.66604 -2.02664 5.4295 
v -1.6823 -2.06806 5.46665 
v -1.66589 -2.03187 5.42649 
v -1.68216 -2.07329 5.46364 
v -2.01211 -2.05123 5.51094 
v -2.01226 -2.046 5.51396 
v -1.91015 -2.04538 5.45252 
v -1.7479 -2.09894 5.49041 
v -1.74775 -2.10418 5.48739 
v -1.92098 -2.05112 5.52244 
v -1.99832 -1.96128 5.46695 
v -1.86321 -1.97379 5.39603 
v -1.87954 -2.01461 5.43213 
v -1.86306 -1.97902 5.39301 
v -1.76191 -2.01028 5.48359 
v -1.82533 -1.87378 5.40109 
v -1.82518 -1.87901 5.39807 
v -1.76176 -2.01551 5.48057 
v -1.53129 -2.14702 5.49478 
v -1.48045 -2.11483 5.46566 
v -1.45571 -2.06959 5.43439 
v -1.4806 -2.1096 5.46867 
v -1.45556 -2.07482 5.43138 
v -1.30005 -2.09848 5.45335 
v -1.31949 -2.13175 5.47863 
v -1.53144 -2.14179 5.49779 
v -1.30019 -2.09325 5.45637 
v -1.31963 -2.12652 5.48165 
v -1.29993 -2.1258 5.49347 
v -1.34061 -1.93226 5.37126 
v -1.56907 -2.04712 5.51814 
v -1.63959 -1.92215 5.42384 
v -1.63945 -1.92738 5.42083 
v -1.56893 -2.05236 5.51512 
v -2.13669 -2.00744 5.50152 
v -2.08426 -2.03447 5.51223 
v -1.8091 -2.08692 5.52462 
v -1.80895 -2.09215 5.52161 
v -1.6946 -2.12397 5.53153 
v -1.69475 -2.11873 5.53455 
v -1.87358 -2.07552 5.53076 
v -1.64748 -2.14193 5.54078 
v -1.64733 -2.14716 5.53776 
v -1.87373 -2.07028 5.53378 
v -2.08441 -2.02924 5.51524 
v -2.13684 -2.00221 5.50454 
v -1.99846 -1.95604 5.46997 
v -1.92113 -2.04588 5.52546 
v -1.58448 -2.15291 5.5266 
v -1.38993 -2.18346 5.54792 
v -1.44404 -2.17734 5.56856 
v -1.39008 -2.17823 5.55094 
v -1.35186 -2.16521 5.51571 
v -1.35171 -2.17044 5.51269 
v -1.44418 -2.17211 5.57157 
v -1.50101 -2.15101 5.56609 
v -1.50086 -2.15624 5.56307 
v -1.58434 -2.15815 5.52358 
v -2.20453 -2.00055 5.47176 
v -2.26261 -1.99398 5.48172 
v -2.87214 -1.88659 5.42552 
v -2.80467 -1.88628 5.41618 
v -2.72361 -1.8533 5.38714 
v -2.80452 -1.89152 5.41316 
v -2.56784 -1.84789 5.42164 
v -2.87229 -1.88136 5.42854 
v -2.56799 -1.84265 5.42466 
v -3.1055 -1.82499 5.40897 
v -2.75767 -1.87604 5.4249 
v -2.75782 -1.8708 5.42793 
v -2.39886 -1.84364 5.41283 
v -1.34047 -1.93749 5.36824 
v -2.03356 -1.92019 5.36981 
v -2.07402 -1.96213 5.40667 
v -2.07387 -1.96737 5.40365 
v -2.03342 -1.92543 5.36678 
v -2.39872 -1.84887 5.40981 
v -2.56794 -1.91681 5.43225 
v -2.487 -1.9559 5.48461 
v -2.48685 -1.96113 5.48159 
v -2.35754 -1.985 5.47847 
v -2.3574 -1.99023 5.47545 
v -2.42366 -1.9875 5.48927 
v -2.42381 -1.98227 5.49229 
v -2.65386 -1.95195 5.45754 
v -2.71696 -1.9438 5.46452 
v -2.56809 -1.91157 5.43528 
v -2.71711 -1.93857 5.46754 
v -2.65401 -1.94672 5.46056 
v -2.31078 -1.97533 5.4785 
v -2.26276 -1.98874 5.48474 
v -2.20467 -1.99532 5.47478 
v -2.31093 -1.9701 5.48152 
v -2.19603 -1.92168 5.47335 
v -2.19588 -1.92692 5.47033 
v -1.29978 -2.13104 5.49045 
v -0.645459 -2.17637 5.4848 
v -0.696531 -2.24375 5.53139 
v -0.802782 -2.14228 5.45916 
v -0.696531 -2.24375 5.53139 
v -0.645459 -2.17637 5.4848 
v -0.558204 -2.16551 5.5041 
v -0.343783 -2.29473 5.54988 
v -0.329961 -2.16166 5.4553 
v -0.721629 -2.0935 5.45596 
v -0.558057 -2.17074 5.50109 
v -0.670845 -2.30229 5.56881 
v -1.1483 -2.29345 5.56408 
v -1.24181 -2.22266 5.54325 
v -0.990191 -2.07423 5.45061 
v -1.02589 -2.2947 5.56738 
v -1.078 -2.1995 5.5135 
v -0.670992 -2.29706 5.57183 
v -0.721776 -2.08826 5.45898 
v -0.802782 -2.14228 5.45916 
v -0.829896 -2.10943 5.41542 
v -0.645459 -2.17637 5.4848 
v -0.802782 -2.14228 5.45916 
v -0.824568 -2.10568 5.4745 
v -0.625863 -2.23459 5.52137 
v -0.613217 -2.10261 5.42624 
v -0.61307 -2.10784 5.42322 
v -0.625716 -2.23982 5.51835 
v -0.824421 -2.11092 5.47148 
v -0.974581 -2.03828 5.42292 
v -0.927945 -2.22841 5.54675 
v -1.09179 -2.26245 5.55906 
v -1.05718 -2.1274 5.4742 
v -1.05703 -2.13263 5.47117 
v -1.09164 -2.26768 5.55605 
v -0.329814 -2.16689 5.45229 
v -0.343636 -2.29997 5.54686 
v -0.350377 -2.4064 5.44556 
v -0.250443 -2.1715 5.35288 
v -0.318335 -2.27368 5.35251 
v -0.273014 -2.2563 5.39475 
v -0.318188 -2.27891 5.34948 
v -0.250296 -2.17673 5.34986 
v -0.272866 -2.26154 5.39173 
v -0.199778 -2.22586 5.42055 
v -0.166598 -2.26096 5.46124 
v -0.2558 -2.42716 5.57326 
v -0.166745 -2.25572 5.46426 
v -0.199925 -2.22063 5.42357 
v -0.236024 -2.17023 5.35136 
v -0.245682 -2.17813 5.3404 
v -0.245535 -2.18336 5.33739 
v -0.236171 -2.165 5.35438 
v -0.00885391 -2.19948 5.60186 
v -0.0182292 -2.04297 5.497 
v -1.24196 -2.21742 5.54627 
v -1.14845 -2.28822 5.5671 
v -1.02604 -2.28947 5.5704 
v -0.934592 -2.36442 5.59593 
v -0.990338 -2.069 5.45362 
v -0.934445 -2.36965 5.59291 
v -0.877616 -2.3457 5.58803 
v -0.877764 -2.34047 5.59104 
v -0.857702 -2.32829 5.59268 
v -0.741199 -2.39861 5.61383 
v -0.741051 -2.40385 5.61081 
v -0.857555 -2.33352 5.58966 
v -0.671279 -2.37223 5.60538 
v -1.07815 -2.19427 5.51653 
v -0.83446 -2.21041 5.50558 
v -0.834607 -2.20517 5.5086 
v -0.928092 -2.22318 5.54976 
v -0.671132 -2.37747 5.60236 
v -0.495385 -2.4658 5.63342 
v -0.594689 -2.39621 5.61922 
v -0.420642 -2.4392 5.62482 
v -0.143282 -2.37962 5.64149 
v -0.594836 -2.39098 5.62224 
v -0.495532 -2.46057 5.63644 
v -0.420789 -2.43397 5.62784 
v -0.0866363 -2.33939 5.65435 
v -0.879023 -2.15698 5.47609 
v -0.924753 -2.09062 5.42899 
v -0.856958 -2.12645 5.45328 
v -0.856958 -2.12645 5.45328 
v -0.829896 -2.10943 5.41542 
v -1.10704 -1.99224 5.39711 
v -0.818106 -2.07991 5.41077 
v -0.879435 -2.14233 5.48454 
v -1.04912 -2.00401 5.37439 
v -1.04927 -1.99879 5.3774 
v -1.10719 -1.987 5.40013 
v -0.802782 -2.14228 5.45916 
v -0.322351 -2.1397 5.38374 
v -0.325994 -2.1154 5.41887 
v -0.645459 -2.17637 5.4848 
v -0.664924 -1.93642 5.3364 
v -0.518491 -2.1529 5.47692 
v -0.818253 -2.07468 5.41379 
v -0.974729 -2.03305 5.42593 
v -0.856958 -2.12645 5.45328 
v -0.518491 -2.1529 5.47692 
v -0.721412 -2.11589 5.46819 
v -2.63272 -1.40279 4.98068 
v -3.03273 -0.869306 4.59759 
v -2.76243 -0.672179 4.40205 
v -2.98147 -0.908046 4.63094 
v -2.89692 -1.00456 4.71288 
v -2.50341 -0.855592 4.55362 
v -2.98147 -0.908046 4.63094 
v -3.03273 -0.869306 4.59759 
v -2.91067 -0.916645 4.63721 
v -2.83144 -0.805758 4.47302 
v -2.57421 -0.710276 4.32727 
v -2.78707 -0.909623 4.5754 
v -2.91995 -0.603148 4.34485 
v -2.79719 -1.11447 4.75829 
v -2.74328 -0.626349 4.34772 
v -2.79704 -1.1197 4.75527 
v -2.91981 -0.608378 4.34183 
v -2.74314 -0.631579 4.34471 
v -2.76243 -0.672179 4.40205 
v -2.83144 -0.805758 4.47302 
v -2.78707 -0.909623 4.5754 
v -2.76161 -0.636872 4.36507 
v -2.94162 -1.11182 4.78779 
v -2.89757 -0.636369 4.39145 
v -2.94177 -1.10659 4.79081 
v -2.76176 -0.631642 4.36809 
v -2.89772 -0.631139 4.39446 
v -2.56967 -0.630831 4.43412 
v -2.66308 -0.917132 4.65737 
v -2.7173 -0.950683 4.61612 
v -2.60935 -0.956631 4.61477 
v -2.66135 -0.956345 4.61657 
v -2.59002 -1.00842 4.65226 
v -2.48479 -1.21606 4.80447 
v -2.57986 -0.686876 4.41224 
v -2.48065 -0.721254 4.39924 
v -2.36761 -1.06439 4.67547 
v -2.50341 -0.855592 4.55362 
v -2.7173 -0.950683 4.61612 
v -2.66135 -0.956345 4.61657 
v -2.60935 -0.956631 4.61477 
v -2.64449 -1.13657 4.77017 
v -2.62228 -0.641364 4.36272 
v -2.64434 -1.1418 4.76715 
v -2.62214 -0.646602 4.3597 
v -2.58001 -0.681646 4.41526 
v -2.48493 -1.21082 4.80749 
v -2.48079 -0.716016 4.40227 
v -2.76468 -1.16311 4.83451 
v -2.7158 -0.690408 4.4335 
v -2.76453 -1.16834 4.8315 
v -2.71565 -0.695638 4.43049 
v -2.79111 -1.12882 4.77621 
v -2.79125 -1.12359 4.77923 
v -2.87213 -1.08273 4.76976 
v -2.89692 -1.00456 4.71288 
v -2.87213 -1.08273 4.76976 
v -2.82155 -1.13035 4.80641 
v -2.91067 -0.916645 4.63721 
v -2.75437 -1.13763 4.81506 
v -2.61667 -1.17707 4.82481 
v -2.51207 -1.08323 4.71076 
v -2.38946 -1.02721 4.68976 
v -2.53428 -1.22001 4.87906 
v -2.42764 -1.12034 4.72357 
v -2.38946 -1.02721 4.68976 
v -2.51207 -1.08323 4.71076 
v -2.73606 -1.13965 4.81702 
v -2.69233 -1.17272 4.84988 
v -2.61682 -1.17184 4.82783 
v -2.59002 -1.00842 4.65226 
v -2.51207 -1.08323 4.71076 
v -2.35236 -0.979494 4.70805 
v -3.05392 -0.775899 4.52412 
v -2.89855 -0.0733573 3.65723 
v -2.85771 -0.36826 3.97938 
v -2.61515 -0.184792 3.72875 
v -2.5825 -0.089572 3.63784 
v -2.85135 0.00834823 3.58562 
v -2.83693 -0.227412 4.07732 
v -2.88033 0.0290543 3.77091 
v -2.85135 0.00834823 3.58562 
v -2.83002 0.100828 3.66827 
v -2.61223 -0.0531423 3.82244 
v -2.30682 -0.3074 3.80635 
v -2.44208 -0.526925 4.10535 
v -2.26821 -0.214276 3.70968 
v -2.42167 -0.379475 4.20152 
v -2.2791 -0.176776 3.91754 
v -2.97738 -0.559297 4.23943 
v -2.5825 -0.089572 3.63784 
v -2.5746 0.00454009 3.71942 
v -2.26821 -0.214276 3.70968 
v -2.23666 -0.130801 3.79633 
v -2.97993 -0.531371 4.31427 
v -3.10852 -0.747197 4.4475 
v -2.99043 -0.600977 4.30136 
v -3.03251 -0.679945 4.38542 
v -2.95176 -0.541148 4.2721 
v -2.95191 -0.535909 4.27512 
v -3.09296 -0.592915 4.36224 
v -3.09282 -0.598154 4.35922 
v -3.03251 -0.679945 4.38542 
v -2.99043 -0.600977 4.30136 
v -2.91724 -0.767948 4.45651 
v -2.97324 -0.710048 4.4163 
v -2.97324 -0.710048 4.4163 
v -2.91724 -0.767948 4.45651 
v -2.97324 -0.710048 4.4163 
v -2.42764 -1.12034 4.72357 
v -2.36752 -1.06604 4.67591 
v -1.45785 -0.893937 4.22346 
v -1.8171 -1.0023 4.45431 
v -1.7721 -0.766405 4.19511 
v -1.11634 -0.967606 4.15975 
v -1.50267 -1.14416 4.50511 
v -0.805905 -1.08141 4.16411 
v -1.16103 -1.2774 4.54951 
v -2.00775 -1.18292 4.70494 
v -2.13028 -0.861413 4.40286 
v -0.813618 -1.36571 4.53567 
v -1.30076 -0.685655 3.94743 
v -1.04577 -0.775016 3.91882 
v -0.763254 -0.860698 3.88516 
v -2.08636 -0.638874 4.16676 
v -1.36622 -0.978849 4.66063 
v -0.985389 -0.807255 4.43976 
v -1.33484 -0.721462 4.38528 
v -0.937394 -0.657143 3.76812 
v -0.507512 -1.24486 4.17413 
v -0.514095 -1.09704 3.95383 
v -0.510228 -1.38017 4.38681 
v -0.666341 -1.11888 4.73186 
v -0.398641 -0.85451 4.36157 
v -0.638041 -0.84841 4.41675 
v -0.624779 -0.635947 3.80952 
v -0.485368 -0.902575 3.73178 
v -0.671527 -0.721985 3.73624 
v -0.671527 -0.721985 3.73624 
v -0.485368 -0.902575 3.73178 
v -0.472761 -0.714217 3.71794 
v -1.01848 -1.0754 4.72159 
v -0.608379 -0.638456 4.0179 
v -1.72613 -0.863141 4.58766 
v -2.34291 -1.18807 4.77738 
v -2.27531 -1.21001 4.77757 
v -2.21246 -1.10189 4.66578 
v -2.17947 -1.25711 4.83003 
v -2.2569 -1.02476 4.67505 
v -2.39338 -1.15567 4.75988 
v -2.34291 -1.18807 4.77738 
v -2.2569 -1.02476 4.67505 
v -2.34291 -1.18807 4.77738 
v -2.27531 -1.21001 4.77757 
v -2.27531 -1.21001 4.77757 
v -2.23341 -1.20398 4.7716 
v -2.23341 -1.20398 4.7716 
v -2.10716 -0.754907 4.52419 
v -2.15573 -1.02244 4.73888 
v -1.8402 -1.25003 4.73752 
v -0.397783 -1.14112 4.7327 
v -1.76049 -1.15565 4.83182 
v -1.62606 -0.580839 3.91921 
v -1.90903 -0.33723 3.74921 
v -1.51878 -0.38486 3.84839 
v -1.90903 -0.33723 3.74921 
v -1.90457 -0.249562 3.82729 
v -1.53567 -0.46649 3.76893 
v -1.53567 -0.46649 3.76893 
v -1.99326 -0.462491 3.88728 
v -1.55427 -0.424232 4.04557 
v -1.94928 -0.305088 4.01572 
v -0.914866 -0.572068 3.83947 
v -0.937394 -0.657143 3.76812 
v -1.20414 -0.582823 3.78596 
v -0.429236 -0.680478 3.95674 
v -1.17485 -0.50618 3.86742 
v -1.20414 -0.582823 3.78596 
v -0.912528 -0.58542 4.04662 
v -2.03202 -0.479124 4.28199 
v -1.68339 -0.601118 4.33385 
v -1.19993 -0.530842 4.07106 
v -2.80406 -1.39329 5.01151 
v -2.63978 -1.43166 5.05942 
v -2.63964 -1.43689 5.0564 
v -2.46442 -1.30478 4.93511 
v -2.60377 -1.29178 4.94933 
v -2.46427 -1.31002 4.93209 
v -2.60362 -1.29702 4.9463 
v -2.97033 -1.38747 5.04411 
v -2.53428 -1.22001 4.87906 
v -2.50536 -1.28581 4.93166 
v -2.46273 -1.30954 4.94343 
v -2.38101 -1.27617 4.93552 
v -2.97048 -1.38223 5.04713 
v -2.80421 -1.38806 5.01453 
v -2.63287 -1.39756 4.9837 
v -2.4211 -1.31515 4.95034 
v -2.25317 -1.33215 4.91541 
v -2.25303 -1.33738 4.91239 
v -2.25979 -1.31298 4.92542 
v -2.05107 -1.35582 4.91792 
v -2.25994 -1.30775 4.92844 
v -2.05121 -1.35059 4.92093 
v -2.39842 -1.2966 4.92897 
v -2.17383 -1.38231 5.01593 
v -2.13115 -1.42217 5.04356 
v -2.07566 -1.40154 5.02986 
v -2.39857 -1.29137 4.93199 
v -2.34131 -1.34132 4.98508 
v -2.08568 -1.10186 4.73238 
v -2.29018 -1.38034 5.01409 
v -2.06151 -1.11537 4.74972 
v -2.23717 -1.32758 4.96875 
v -2.0983 -1.35084 4.96262 
v -2.23702 -1.33281 4.96574 
v -2.06136 -1.1206 4.74671 
v -2.09815 -1.35607 4.95961 
v -2.21705 -1.38718 5.01984 
v -2.21705 -1.38718 5.01984 
v -2.84095 -1.35672 4.97049 
v -2.8408 -1.36195 4.96747 
v -3.0336 -1.33885 4.99062 
v -3.03374 -1.33362 4.99364 
v -2.42723 -1.00219 4.64214 
v -2.54217 -0.993019 4.65692 
v -2.42709 -1.00742 4.63912 
v -2.54202 -0.998248 4.65391 
v -2.42764 -1.12034 4.72357 
v -2.34291 -1.18807 4.77738 
v -2.39338 -1.15567 4.75988 
v -2.22492 -1.05483 4.68521 
v -2.34038 -1.0383 4.69447 
v -2.64389 -1.20289 4.88275 
v -2.64389 -1.20289 4.88275 
v -2.82155 -1.13035 4.80641 
v -2.73606 -1.13965 4.81702 
v -2.64389 -1.20289 4.88275 
v -2.22477 -1.06007 4.68219 
v -2.34023 -1.04354 4.69145 
v -2.0602 -1.08726 4.67927 
v -2.1264 -1.28971 4.85285 
v -2.08568 -1.10186 4.73238 
v -2.17947 -1.25711 4.83003 
v -2.1264 -1.28971 4.85285 
v -2.17703 -1.09824 4.75795 
v -2.17688 -1.10347 4.75493 
v -2.06035 -1.08202 4.68229 
v -2.2548 -1.07625 4.70394 
v -2.25465 -1.08148 4.70092 
v -2.23341 -1.20398 4.7716 
v -2.37003 -1.29493 4.94923 
v -2.38101 -1.27617 4.93552 
v -2.50536 -1.28581 4.93166 
v -2.64389 -1.20289 4.88275 
v -2.73606 -1.13965 4.81702 
v -2.69233 -1.17272 4.84988 
v -2.46273 -1.30954 4.94343 
v -2.37003 -1.29493 4.94923 
v -2.34131 -1.34132 4.98508 
v -2.34131 -1.34132 4.98508 
v -2.29018 -1.38034 5.01409 
v -2.4211 -1.31515 4.95034 
v -1.90724 -1.19115 4.8088 
v -2.17383 -1.38231 5.01593 
v -1.6092 -1.31625 4.90231 
v -1.70832 -1.50646 5.00948 
v -1.65022 -1.61137 5.08534 
v -1.70832 -1.50646 5.00948 
v -1.65022 -1.61137 5.08534 
v -1.58306 -1.63865 5.10202 
v -2.03558 -1.38449 4.98288 
v -1.8973 -1.38831 4.98657 
v -1.71238 -1.44377 4.97319 
v -1.71224 -1.449 4.97017 
v -1.88825 -1.39929 4.95041 
v -1.84156 -1.392 4.9449 
v -1.79634 -1.44505 4.9955 
v -1.79634 -1.44505 4.9955 
v -1.37665 -1.25187 4.88668 
v -1.81475 -1.44707 5.06102 
v -1.8884 -1.39406 4.95343 
v -2.0694 -1.45679 5.07029 
v -2.01028 -1.45404 5.06842 
v -1.6092 -1.31625 4.90231 
v -1.92792 -1.54248 5.1314 
v -1.66248 -1.46733 5.02372 
v -1.50435 -1.24437 4.80213 
v -1.49843 -1.66502 5.09865 
v -1.49257 -1.48149 4.97914 
v -1.49243 -1.48673 4.97612 
v -1.06093 -1.34939 4.9671 
v -1.50449 -1.23913 4.80515 
v -1.65162 -1.62486 5.17398 
v -1.06711 -1.34742 4.96581 
v -2.01028 -1.45404 5.06842 
v -1.92792 -1.54248 5.1314 
v -1.82334 -1.57205 5.14179 
v -1.81586 -1.44877 5.0615 
v -1.7806 -1.55938 5.13401 
v -1.84207 -1.41988 5.00287 
v -2.03573 -1.37925 4.9859 
v -1.84221 -1.41465 5.00589 
v -1.82334 -1.57205 5.14179 
v -1.66263 -1.4621 5.02674 
v -1.72749 -1.61258 5.16593 
v -1.82334 -1.57205 5.14179 
v -1.7806 -1.55938 5.13401 
v -1.72749 -1.61258 5.16593 
v -2.06432 -1.29078 4.86257 
v -1.94864 -1.33031 4.90287 
v -1.8626 -1.35397 4.90937 
v -2.0163 -1.31076 4.89713 
v -2.06432 -1.29078 4.86257 
v -1.86032 -1.15762 4.7723 
v -1.97585 -1.14049 4.78053 
v -1.90724 -1.19115 4.8088 
v -1.89572 -1.1425 4.74677 
v -1.89558 -1.14773 4.74375 
v -1.86047 -1.15239 4.77532 
v -1.97599 -1.13526 4.78355 
v -1.6763 -1.20571 4.77996 
v -1.7919 -1.18096 4.79676 
v -1.50964 -1.22724 4.7746 
v -1.67615 -1.21094 4.77694 
v -1.5095 -1.23247 4.77158 
v -1.79176 -1.1862 4.79374 
v -1.37676 -1.25796 4.79804 
v -1.37661 -1.26319 4.79502 
v -1.69426 -1.19522 4.76332 
v -1.6944 -1.18999 4.76633 
v -1.94864 -1.33031 4.90287 
v -1.84156 -1.392 4.9449 
v -2.17383 -1.38231 5.01593 
v -2.13115 -1.42217 5.04356 
v -2.0694 -1.45679 5.07029 
v -2.01028 -1.45404 5.06842 
v -1.8626 -1.35397 4.90937 
v -2.0163 -1.31076 4.89713 
v -1.61962 -1.22815 4.81679 
v -1.61948 -1.23339 4.81377 

vn -0.409449 0.574803 0.708661 
vn -0.448819 0.645669 0.614173 
vn -0.346457 0.661417 0.661417 
vn 0.346457 -0.661417 -0.661417 
vn 0.448819 -0.645669 -0.614173 
vn 0.417323 -0.574803 -0.708661 
vn 0.480315 -0.708661 -0.519685 
vn -0.480315 0.708661 0.519685 
vn -0.401575 0.614173 0.677165 
vn 0.401575 -0.614173 -0.677165 
vn -0.511811 0.559055 0.653543 
vn -0.519685 0.582677 0.622047 
vn -0.314961 0.527559 0.795276 
vn 0.354331 -0.629921 -0.685039 
vn 0.472441 -0.700787 -0.535433 
vn 0.448819 -0.637795 -0.622047 
vn 0.338583 -0.669291 -0.661417 
vn 0.464567 -0.724409 -0.503937 
vn 0.448819 -0.637795 -0.629921 
vn -0.433071 0.574803 0.692913 
vn -0.448819 0.645669 0.622047 
vn -0.354331 0.629921 0.685039 
vn 0.433071 -0.574803 -0.692913 
vn -0.472441 0.708661 0.527559 
vn -0.401575 0.511811 0.755906 
vn 0.401575 -0.511811 -0.76378 
vn 0.314961 -0.519685 -0.795276 
vn 0.519685 -0.582677 -0.622047 
vn 0.511811 -0.559055 -0.653543 
vn -0.511811 0.582677 0.629921 
vn 0.511811 -0.574803 -0.629921 
vn 0.393701 -0.590551 -0.708661 
vn 0.314961 -0.307087 -0.897638 
vn -0.314961 0.307087 0.897638 
vn -0.188976 0.519685 0.834646 
vn 0.188976 -0.519685 -0.834646 
vn -0.393701 0.590551 0.708661 
vn -0.354331 0.645669 0.677165 
vn 0.354331 -0.645669 -0.677165 
vn 0.299213 -0.716535 -0.629921 
vn 0.299213 -0.724409 -0.622047 
vn -0.291339 0.724409 0.622047 
vn 0.141732 -0.606299 -0.779528 
vn -0.141732 0.606299 0.779528 
vn 0.220472 -0.574803 -0.787402 
vn 0.346457 -0.551181 -0.755906 
vn 0.314961 -0.496063 -0.811024 
vn -0.346457 0.543307 0.76378 
vn -0.346457 0.551181 0.76378 
vn -0.244094 0.622047 0.740157 
vn 0.251969 -0.622047 -0.740157 
vn 0.346457 -0.543307 -0.76378 
vn 0.346457 -0.543307 -0.76378 
vn 0.330709 -0.543307 -0.771654 
vn -0.330709 0.543307 0.771654 
vn -0.23622 0.503937 0.826772 
vn 0.244094 -0.503937 -0.826772 
vn -0.314961 0.496063 0.811024 
vn -0.346457 0.551181 0.755906 
vn -0.212598 0.574803 0.787402 
vn 0.275591 -0.448819 -0.850394 
vn -0.244094 0.574803 0.779528 
vn -0.267717 0.448819 0.850394 
vn 0.251969 -0.574803 -0.779528 
vn -0.251969 0.488189 0.834646 
vn 0.251969 -0.488189 -0.834646 
vn -0.314961 0.645669 0.692913 
vn -0.314961 0.519685 0.795276 
vn -0.338583 0.535433 0.771654 
vn -0.251969 0.637795 0.732283 
vn 0.251969 -0.629921 -0.732283 
vn 0.338583 -0.535433 -0.771654 
vn 0.314961 -0.519685 -0.795276 
vn 0.346457 -0.551181 -0.755906 
vn -0.346457 0.551181 0.755906 
vn -0.251969 0.519685 0.818898 
vn 0.251969 -0.519685 -0.818898 
vn 0.165354 -0.606299 -0.771654 
vn 0.314961 -0.645669 -0.692913 
vn -0.165354 0.606299 0.779528 
vn 0.165354 -0.606299 -0.779528 
vn -0.165354 0.606299 0.771654 
vn -0.307087 0.637795 0.700787 
vn 0.307087 -0.637795 -0.708661 
vn -0.149606 0.661417 0.732283 
vn 0.417323 -0.535433 -0.732283 
vn -0.448819 0.614173 0.645669 
vn -0.472441 0.724409 0.503937 
vn -0.354331 0.692913 0.629921 
vn 0.354331 -0.692913 -0.629921 
vn 0.472441 -0.724409 -0.503937 
vn 0.456693 -0.614173 -0.645669 
vn -0.417323 0.535433 0.732283 
vn -0.448819 0.637795 0.629921 
vn -0.330709 0.669291 0.661417 
vn -0.464567 0.724409 0.503937 
vn -0.433071 0.629921 0.645669 
vn 0.433071 -0.629921 -0.645669 
vn 0.362205 -0.574803 -0.740157 
vn -0.433071 0.535433 0.724409 
vn 0.433071 -0.535433 -0.732283 
vn -0.377953 0.622047 0.685039 
vn 0.440945 -0.661417 -0.606299 
vn -0.440945 0.661417 0.606299 
vn -0.362205 0.574803 0.740157 
vn 0.377953 -0.622047 -0.685039 
vn 0.291339 -0.76378 -0.574803 
vn -0.291339 0.76378 0.574803 
vn 0.291339 -0.76378 -0.574803 
vn -0.291339 0.76378 0.574803 
vn -0.228346 0.795276 0.559055 
vn 0.228346 -0.795276 -0.559055 
vn 0.220472 -0.755906 -0.622047 
vn 0.204724 -0.708661 -0.677165 
vn -0.244094 0.787402 0.574803 
vn 0.244094 -0.779528 -0.574803 
vn -0.204724 0.708661 0.677165 
vn -0.220472 0.755906 0.614173 
vn 0.244094 -0.732283 -0.637795 
vn 0.377953 -0.653543 -0.661417 
vn -0.377953 0.653543 0.653543 
vn -0.299213 0.716535 0.629921 
vn 0.23622 -0.740157 -0.629921 
vn -0.212598 0.716535 0.661417 
vn 0.212598 -0.716535 -0.661417 
vn -0.23622 0.748031 0.622047 
vn 0.251969 -0.755906 -0.606299 
vn -0.244094 0.732283 0.637795 
vn -0.259843 0.740157 0.614173 
vn 0.259843 -0.740157 -0.622047 
vn 0.23622 -0.724409 -0.645669 
vn -0.228346 0.732283 0.645669 
vn -0.251969 0.755906 0.598425 
vn 0.188976 -0.661417 -0.724409 
vn 0.149606 -0.669291 -0.724409 
vn -0.188976 0.669291 0.724409 
vn -0.188976 0.716535 0.677165 
vn 0.188976 -0.716535 -0.677165 
vn -0.23622 0.740157 0.629921 
vn 0.244094 -0.740157 -0.629921 
vn -0.149606 0.677165 0.724409 
vn 0.149606 -0.661417 -0.740157 
vn -0.149606 0.669291 0.724409 
vn 0.149606 -0.669291 -0.724409 
vn -0.15748 0.669291 0.732283 
vn -0.173228 0.692913 0.700787 
vn 0.173228 -0.716535 -0.669291 
vn 0.15748 -0.669291 -0.732283 
vn -0.173228 0.716535 0.669291 
vn 0.173228 -0.692913 -0.700787 
vn 0.15748 -0.685039 -0.716535 
vn -0.15748 0.685039 0.708661 
vn -0.181102 0.732283 0.661417 
vn 0.181102 -0.732283 -0.661417 
vn 0.188976 -0.732283 -0.653543 
vn -0.181102 0.732283 0.653543 
vn 0.220472 -0.661417 -0.724409 
vn 0.165354 -0.732283 -0.661417 
vn 0.0708661 -0.677165 -0.732283 
vn 0.0944882 -0.677165 -0.732283 
vn -0.0708661 0.677165 0.732283 
vn -0.165354 0.732283 0.653543 
vn -0.0944882 0.677165 0.732283 
vn -0.125984 0.637795 0.755906 
vn 0.125984 -0.637795 -0.755906 
vn 0.149606 -0.692913 -0.700787 
vn -0.149606 0.700787 0.700787 
vn -0.141732 0.724409 0.677165 
vn 0.141732 -0.724409 -0.677165 
vn -0.220472 0.661417 0.724409 
vn 0.181102 -0.629921 -0.755906 
vn 0.228346 -0.708661 -0.661417 
vn -0.181102 0.629921 0.755906 
vn -0.228346 0.708661 0.661417 
vn 0.015748 -0.614173 -0.787402 
vn -0.015748 0.614173 0.787402 
vn -0.125984 0.716535 0.685039 
vn -0.141732 0.732283 0.669291 
vn -0.992126 -0.0708661 0.0787402 
vn -0.0629921 0.677165 0.732283 
vn -0.0393701 0.692913 0.716535 
vn -0.0314961 0.685039 0.724409 
vn 0.0393701 -0.692913 -0.724409 
vn 0.0629921 -0.677165 -0.732283 
vn 0.0393701 -0.685039 -0.732283 
vn 0.275591 0.96063 -0.0472441 
vn -0.023622 0.637795 0.76378 
vn 0.0314961 -0.637795 -0.771654 
vn -0.133858 0.755906 0.645669 
vn -0.0787402 0.700787 0.708661 
vn 0.0393701 0.629921 0.771654 
vn -0.015748 0.669291 0.748031 
vn 0 0.669291 0.748031 
vn 0.015748 -0.669291 -0.748031 
vn -0.0393701 -0.629921 -0.771654 
vn 0.00787402 -0.669291 -0.748031 
vn -0.015748 -0.661417 -0.748031 
vn 0.0866142 -0.669291 -0.740157 
vn 0.00787402 0.480315 0.874016 
vn -0.0944882 0.724409 0.685039 
vn 0.00787402 0.622047 0.787402 
vn 0.015748 0.661417 0.748031 
vn 0.023622 0.653543 0.755906 
vn -0.00787402 -0.661417 -0.755906 
vn 0 -0.622047 -0.787402 
vn -0.023622 -0.653543 -0.755906 
vn -0.0393701 -0.645669 -0.76378 
vn -0.023622 -0.606299 -0.795276 
vn 0.0393701 0.645669 0.76378 
vn 0.0314961 0.606299 0.795276 
vn -0.023622 -0.661417 -0.748031 
vn -0.0393701 -0.606299 -0.787402 
vn -0.0708661 -0.637795 -0.771654 
vn 0.96063 0.220472 -0.173228 
vn 0.0708661 -0.716535 -0.700787 
vn 0.0472441 0.614173 0.787402 
vn 0.0314961 0.669291 0.748031 
vn 0.0787402 0.637795 0.771654 
vn -0.0314961 0.755906 0.653543 
vn -0.023622 0.661417 0.748031 
vn -0.0708661 -0.637795 -0.771654 
vn -0.181102 0.866142 -0.464567 
vn -0.385827 -0.818898 0.425197 
vn -0.204724 0.740157 0.637795 
vn 0.204724 -0.740157 -0.637795 
vn 0.133858 -0.677165 -0.716535 
vn -0.133858 0.685039 0.716535 
vn 0.141732 -0.685039 -0.716535 
vn -0.133858 0.685039 0.716535 
vn -0.220472 0.748031 0.622047 
vn 0.220472 -0.748031 -0.622047 
vn -0.19685 0.732283 0.653543 
vn 0.19685 -0.732283 -0.653543 
vn -0.141732 0.692913 0.700787 
vn 0.141732 -0.692913 -0.708661 
vn 0.15748 -0.748031 -0.645669 
vn -0.15748 0.748031 0.645669 
vn 0.165354 -0.795276 -0.582677 
vn -0.0708661 0.732283 0.677165 
vn -0.11811 0.708661 0.692913 
vn 0.11811 -0.708661 -0.700787 
vn 0.0787402 -0.661417 -0.748031 
vn -0.0787402 0.661417 0.748031 
vn -0.110236 0.629921 0.771654 
vn 0.15748 -0.755906 -0.637795 
vn -0.141732 0.724409 0.677165 
vn 0.0787402 -0.724409 -0.685039 
vn -0.102362 -0.724409 -0.677165 
vn 0.11811 -0.724409 -0.677165 
vn 0.0472441 -0.677165 -0.732283 
vn 0.0472441 -0.700787 -0.716535 
vn -0.0472441 0.700787 0.708661 
vn -0.0472441 0.685039 0.732283 
vn 0.0472441 -0.700787 -0.708661 
vn -0.866142 -0.354331 -0.346457 
vn 0 -0.669291 -0.748031 
vn -0.0708661 0.614173 0.787402 
vn -0.133858 0.677165 0.724409 
vn -0.125984 0.661417 0.740157 
vn 0.00787402 0.645669 0.76378 
vn 0 -0.645669 -0.76378 
vn -0.0472441 0.700787 0.708661 
vn 0.133858 -0.669291 -0.732283 
vn -0.141732 0.700787 0.692913 
vn 0.133858 -0.669291 -0.732283 
vn -0.976378 0.133858 -0.173228 
vn -0.023622 0.661417 0.748031 
vn -0.779528 0.496063 -0.385827 
vn -0.976378 0.133858 -0.173228 
vn -0.889764 -0.0551181 -0.448819 
vn 0.00787402 0.480315 0.874016 
vn 0.858268 -0.0708661 0.503937 
vn -0.866142 -0.354331 -0.346457 
vn 0.0708661 -0.724409 -0.685039 
vn 0.0866142 -0.669291 -0.740157 
vn 0.96063 0.220472 -0.173228 
vn -0.125984 -0.606299 -0.787402 
vn -0.0787402 -0.582677 -0.811024 
vn -0.15748 0.377953 0.913386 
vn 0.00787402 0.480315 0.874016 
vn -0.0629921 -0.653543 -0.755906 
vn -0.00787402 -0.637795 -0.771654 
vn -0.0393701 -0.629921 -0.771654 
vn 0.00787402 0.637795 0.771654 
vn 0.0708661 0.653543 0.755906 
vn 0.0393701 0.629921 0.771654 
vn -0.0708661 0.503937 0.866142 
vn -0.15748 0.377953 0.913386 
vn 0.0708661 -0.716535 -0.700787 
vn 0.322835 -0.732283 -0.598425 
vn -0.0708661 0.503937 0.866142 
vn 0.125984 0.606299 0.787402 
vn 0.0866142 0.582677 0.811024 
vn 0.212598 -0.685039 -0.692913 
vn 0.133858 0.80315 0.582677 
vn -0.251969 -0.606299 -0.755906 
vn 0.133858 0.80315 0.582677 
vn 0.212598 -0.685039 -0.692913 
vn -0.0551181 0.614173 0.787402 
vn 0.141732 -0.606299 -0.779528 
vn 0.15748 -0.527559 -0.834646 
vn 0.165354 -0.543307 -0.826772 
vn -0.15748 0.527559 0.834646 
vn -0.165354 0.527559 0.834646 
vn -0.141732 0.606299 0.779528 
vn 0.173228 -0.527559 -0.834646 
vn 0.19685 -0.527559 -0.826772 
vn -0.188976 0.527559 0.826772 
vn -0.110236 0.566929 0.818898 
vn -0.0866142 0.535433 0.84252 
vn -0.0393701 0.590551 0.811024 
vn 0.0393701 -0.590551 -0.811024 
vn 0.0866142 -0.535433 -0.84252 
vn 0.110236 -0.566929 -0.818898 
vn 0.141732 -0.637795 -0.76378 
vn -0.251969 0.527559 0.811024 
vn -0.251969 0.566929 0.779528 
vn 0.251969 -0.566929 -0.787402 
vn 0.251969 -0.527559 -0.811024 
vn 0.19685 -0.535433 -0.826772 
vn -0.19685 0.535433 0.818898 
vn -0.165354 0.543307 0.826772 
vn -0.141732 0.637795 0.755906 
vn -0.0944882 0.637795 0.76378 
vn -0.0629921 -0.606299 -0.795276 
vn -0.015748 -0.543307 -0.84252 
vn 0.0629921 0.669291 0.740157 
vn 0 0.637795 0.771654 
vn 0.0393701 0.590551 0.80315 
vn 0 -0.637795 -0.771654 
vn -0.0551181 -0.669291 -0.740157 
vn -0.0314961 -0.590551 -0.80315 
vn 0.0629921 -0.488189 -0.866142 
vn -0.0629921 0.488189 0.866142 
vn 0.0472441 -0.464567 -0.88189 
vn 0.0708661 0.606299 0.795276 
vn 0.015748 0.543307 0.84252 
vn 0 0.685039 0.732283 
vn -0.0708661 0.685039 0.724409 
vn 0 -0.685039 -0.732283 
vn 0.0787402 -0.685039 -0.724409 
vn -0.0314961 -0.677165 -0.740157 
vn 0.0944882 -0.637795 -0.76378 
vn 0.0629921 0.622047 0.779528 
vn 0.0393701 0.685039 0.732283 
vn -0.0314961 0.685039 0.732283 
vn -0.0393701 -0.677165 -0.732283 
vn -0.0629921 -0.622047 -0.779528 
vn 0.0314961 -0.677165 -0.732283 
vn -0.0472441 0.464567 0.88189 
vn -0.0393701 -0.535433 -0.84252 
vn -0.023622 -0.574803 -0.818898 
vn -0.0708661 -0.535433 -0.84252 
vn -0.023622 -0.566929 -0.826772 
vn -0.00787402 -0.527559 -0.850394 
vn 0.023622 0.574803 0.818898 
vn 0.0472441 0.535433 0.84252 
vn 0.023622 0.566929 0.826772 
vn 0.0708661 0.535433 0.84252 
vn 0.00787402 0.527559 0.850394 
vn -0.102362 0.700787 0.708661 
vn 0.110236 -0.692913 -0.708661 
vn -0.015748 -0.566929 -0.826772 
vn -0.00787402 -0.574803 -0.818898 
vn 0.0629921 0.559055 0.826772 
vn 0.15748 0.519685 0.84252 
vn -0.15748 -0.511811 -0.84252 
vn -0.0551181 -0.559055 -0.826772 
vn 0.00787402 0.582677 0.818898 
vn 0.015748 0.566929 0.818898 
vn -0.11811 -0.503937 -0.858268 
vn -0.0393701 0.629921 0.771654 
vn 0.0393701 -0.629921 -0.771654 
vn 0.11811 0.503937 0.858268 
vn 0.102362 -0.566929 -0.818898 
vn -0.244094 0.535433 0.80315 
vn 0.244094 -0.535433 -0.80315 
vn -0.0944882 0.566929 0.818898 
vn -0.0708661 0.692913 0.716535 
vn 0.0708661 -0.692913 -0.716535 
vn 0.0708661 -0.700787 -0.708661 
vn -0.0708661 0.700787 0.708661 
vn -0.0551181 0.700787 0.708661 
vn 0.00787402 0.653543 0.755906 
vn -0.385827 -0.818898 0.425197 
vn -0.181102 0.866142 -0.464567 
vn 0.0551181 -0.700787 -0.708661 
vn 0 -0.653543 -0.755906 
vn 0.133858 -0.669291 -0.732283 
vn -0.779528 0.488189 -0.385827 
vn -0.889764 -0.0551181 -0.448819 
vn -0.385827 -0.818898 0.425197 
vn -0.125984 0.661417 0.740157 
vn -0.889764 -0.0551181 -0.448819 
vn -0.771654 0.535433 -0.354331 
vn -0.771654 0.535433 -0.354331 
vn -0.133858 0.614173 0.779528 
vn 0.133858 -0.614173 -0.779528 
vn 0.0314961 0.677165 0.740157 
vn -0.0944882 -0.661417 -0.748031 
vn 0.102362 0.661417 0.748031 
vn 0.141732 0.582677 0.80315 
vn -0.15748 -0.629921 -0.755906 
vn -0.133858 -0.582677 -0.80315 
vn -0.023622 0.629921 0.779528 
vn -0.0708661 0.700787 0.708661 
vn -0.110236 0.622047 0.771654 
vn 0.0787402 -0.700787 -0.708661 
vn 0.023622 -0.629921 -0.779528 
vn 0.110236 -0.622047 -0.771654 
vn -0.173228 0.614173 0.771654 
vn 0.173228 -0.614173 -0.771654 
vn -0.0551181 -0.590551 -0.80315 
vn -0.0787402 -0.614173 -0.787402 
vn 0.15748 0.637795 0.755906 
vn -0.00787402 -0.677165 -0.732283 
vn 0.015748 0.677165 0.732283 
vn 0.110236 0.653543 0.748031 
vn -0.102362 -0.653543 -0.748031 
vn 0.0866142 0.614173 0.787402 
vn 0.0472441 -0.700787 -0.716535 
vn -0.023622 -0.614173 -0.787402 
vn 0.023622 -0.622047 -0.787402 
vn -0.125984 -0.669291 -0.732283 
vn -0.0393701 -0.685039 -0.732283 
vn 0.023622 0.614173 0.787402 
vn -0.0472441 0.700787 0.708661 
vn -0.023622 0.622047 0.787402 
vn 0.125984 0.669291 0.732283 
vn 0.0708661 0.598425 0.795276 
vn -0.0629921 -0.598425 -0.795276 
vn 0.0393701 0.685039 0.724409 
vn -0.0393701 -0.677165 -0.732283 
vn 0.110236 0.669291 0.732283 
vn 0.125984 0.653543 0.748031 
vn 0.133858 0.653543 0.748031 
vn -0.125984 -0.653543 -0.748031 
vn -0.110236 -0.669291 -0.732283 
vn -0.133858 -0.653543 -0.748031 
vn 0.0393701 0.677165 0.732283 
vn 0.0551181 0.590551 0.80315 
vn -0.188976 0.629921 0.755906 
vn -0.0787402 0.614173 0.787402 
vn 0.0787402 -0.606299 -0.787402 
vn 0.188976 -0.629921 -0.755906 
vn -0.0393701 -0.582677 -0.811024 
vn -0.0393701 -0.582677 -0.811024 
vn 0.0393701 0.582677 0.811024 
vn -0.0629921 0.590551 0.80315 
vn -0.015748 0.582677 0.811024 
vn 0.023622 -0.582677 -0.811024 
vn 0.0629921 -0.590551 -0.80315 
vn 0.0393701 0.590551 0.811024 
vn 0.0708661 0.566929 0.818898 
vn -0.0708661 -0.566929 -0.818898 
vn 0.0866142 0.551181 0.834646 
vn -0.0866142 -0.543307 -0.834646 
vn -0.0314961 -0.645669 -0.755906 
vn -0.11811 -0.637795 -0.76378 
vn -0.0393701 -0.598425 -0.795276 
vn 0.0393701 0.598425 0.795276 
vn 0.11811 0.566929 0.811024 
vn 0.11811 0.637795 0.76378 
vn -0.11811 -0.566929 -0.818898 
vn 0.0393701 0.653543 0.755906 
vn -0.023622 -0.527559 -0.850394 
vn 0.023622 0.527559 0.850394 
vn -0.992126 0.0787402 -0.0787402 
vn -0.0708661 -0.637795 -0.771654 
vn 0.220472 -0.661417 -0.716535 
vn -0.0787402 0.629921 0.779528 
vn -0.0787402 0.629921 0.779528 
vn -0.755906 0.370079 0.543307 
vn 0.102362 0.637795 0.76378 
vn 0.0314961 -0.677165 -0.740157 
vn 0.015748 0.622047 0.787402 
vn 0.858268 -0.0708661 0.503937 
vn 0.102362 0.637795 0.76378 
vn -0.023622 0.606299 0.795276 
vn -0.0472441 0.645669 0.76378 
vn -0.755906 0.370079 0.543307 
vn 0.0314961 -0.677165 -0.740157 
vn 0.102362 0.637795 0.76378 
vn -0.755906 0.370079 0.543307 
vn 0.0393701 -0.685039 -0.732283 
vn -0.015748 -0.669291 -0.748031 
vn 0.015748 0.669291 0.740157 
vn 0.818898 0.330709 -0.472441 
vn 0.102362 0.622047 0.779528 
vn 0.0472441 -0.692913 -0.724409 
vn -0.023622 -0.653543 -0.755906 
vn 0.0314961 0.653543 0.755906 
vn -0.0472441 0.692913 0.716535 
vn 0.0393701 0.645669 0.76378 
vn 0.818898 0.330709 -0.472441 
vn 0.0708661 -0.724409 -0.685039 
vn 0.102362 0.622047 0.779528 
vn 0.0787402 -0.669291 -0.740157 
vn 0.0314961 -0.677165 -0.740157 
vn -0.125984 -0.622047 -0.771654 
vn -0.0393701 0.685039 0.724409 
vn 0.818898 0.330709 -0.472441 
vn 0.015748 0.622047 0.787402 
vn 0.0787402 -0.669291 -0.740157 
vn -0.0787402 0.629921 0.779528 
vn -0.992126 0.0787402 -0.0787402 
vn 0.220472 -0.661417 -0.716535 
vn -0.11811 -0.661417 -0.740157 
vn 0.11811 0.661417 0.740157 
vn 0.0314961 -0.677165 -0.740157 
vn -0.228346 0.724409 0.645669 
vn 0.23622 -0.724409 -0.645669 
vn 0.23622 -0.755906 -0.614173 
vn -0.23622 0.755906 0.606299 
vn 0.212598 -0.76378 -0.614173 
vn -0.220472 0.76378 0.606299 
vn 0.220472 -0.76378 -0.606299 
vn -0.212598 0.76378 0.614173 
vn -0.19685 0.748031 0.637795 
vn 0.204724 -0.740157 -0.637795 
vn -0.220472 0.76378 0.606299 
vn 0.220472 -0.76378 -0.606299 
vn 0.228346 -0.779528 -0.582677 
vn -0.228346 0.779528 0.582677 
vn -0.220472 0.76378 0.606299 
vn 0.220472 -0.76378 -0.606299 
vn 0.220472 -0.771654 -0.598425 
vn -0.220472 0.771654 0.598425 
vn 0.244094 -0.811024 -0.527559 
vn 0.19685 -0.732283 -0.653543 
vn 0.204724 -0.779528 -0.598425 
vn 0.220472 -0.748031 -0.629921 
vn 0.228346 -0.811024 -0.535433 
vn -0.19685 0.732283 0.645669 
vn -0.220472 0.748031 0.629921 
vn -0.204724 0.779528 0.590551 
vn -0.228346 0.811024 0.535433 
vn 0.212598 -0.779528 -0.590551 
vn -0.212598 0.779528 0.590551 
vn 0.212598 -0.748031 -0.622047 
vn 0.19685 -0.771654 -0.606299 
vn -0.19685 0.771654 0.606299 
vn -0.212598 0.748031 0.622047 
vn -0.220472 0.755906 0.622047 
vn 0.220472 -0.748031 -0.622047 
vn -0.228346 0.811024 0.543307 
vn 0.228346 -0.811024 -0.543307 
vn 0.220472 -0.740157 -0.629921 
vn 0.141732 -0.708661 -0.685039 
vn 0.181102 -0.724409 -0.661417 
vn 0.204724 -0.779528 -0.590551 
vn -0.220472 0.740157 0.629921 
vn 0.0944882 -0.787402 -0.606299 
vn 0.0314961 -0.992126 -0.0944882 
vn 0.291339 -0.952756 -0.00787402 
vn -0.259843 0.850394 0.456693 
vn -0.267717 0.818898 0.503937 
vn -0.251969 0.866142 0.433071 
vn 0.0708661 -0.661417 -0.748031 
vn 0.141732 -0.724409 -0.669291 
vn 0.165354 -0.724409 -0.669291 
vn -0.259843 0.80315 0.535433 
vn 0.0314961 -0.992126 -0.0944882 
vn 0.322835 -0.937008 0.133858 
vn 0.291339 -0.952756 -0.00787402 
vn -0.00787402 -0.818898 -0.574803 
vn -0.141732 0.732283 0.669291 
vn -0.165354 0.724409 0.669291 
vn -0.23622 0.80315 0.543307 
vn 0.23622 -0.80315 -0.543307 
vn 0.291339 -0.811024 -0.503937 
vn 0.267717 -0.338583 -0.897638 
vn -0.0393701 0.015748 -1 
vn -0.244094 0.811024 0.527559 
vn -0.149606 0.606299 -0.779528 
vn 0.102362 -0.677165 -0.724409 
vn 0.574803 0.149606 0.80315 
vn 0.204724 0.0787402 0.976378 
vn -0.409449 0.850394 0.330709 
vn -0.409449 0.787402 0.464567 
vn 0.204724 0.0787402 0.976378 
vn -0.149606 0.606299 -0.779528 
vn 0.574803 0.149606 0.80315 
vn -0.220472 0.76378 0.606299 
vn 0.220472 -0.76378 -0.606299 
vn -0.133858 -0.425197 -0.889764 
vn -0.133858 -0.425197 -0.889764 
vn 0 -0.692913 -0.724409 
vn 0.267717 -0.84252 -0.464567 
vn -0.307087 0.905512 0.291339 
vn -0.259843 0.84252 0.472441 
vn -0.291339 0.866142 0.401575 
vn -0.267717 0.84252 0.464567 
vn 0.409449 -0.779528 -0.472441 
vn 0.409449 -0.850394 -0.330709 
vn 0.267717 -0.338583 -0.897638 
vn 0.574803 0.149606 0.80315 
vn -0.385827 0.818898 0.417323 
vn 0.401575 -0.811024 -0.425197 
vn -0.0393701 0.015748 -1 
vn 0.19685 -0.716535 -0.661417 
vn 0.409449 -0.850394 -0.330709 
vn 0.401575 -0.811024 -0.425197 
vn -0.385827 0.818898 0.417323 
vn -0.409449 0.850394 0.330709 
vn -0.19685 0.724409 0.661417 
vn 0.291339 -0.80315 -0.527559 
vn -0.362205 0.92126 -0.125984 
vn -0.244094 0.795276 0.551181 
vn 0.244094 -0.795276 -0.551181 
vn -0.251969 0.874016 0.409449 
vn 0 -0.692913 -0.724409 
vn -0.251969 0.874016 0.409449 
vn -0.0866142 -0.574803 -0.811024 
vn 0.23622 -0.850394 -0.464567 
vn -0.259843 0.84252 0.480315 
vn -0.251969 0.850394 0.464567 
vn -0.251969 0.850394 0.464567 
vn 0.110236 -0.724409 -0.677165 
vn 0.251969 -0.913386 -0.322835 
vn 0.220472 -0.826772 -0.519685 
vn -0.251969 0.795276 0.551181 
vn -0.141732 0.708661 0.685039 
vn -0.220472 0.826772 0.519685 
vn -0.204724 0.787402 0.590551 
vn 0.0944882 -0.716535 -0.692913 
vn 0.110236 -0.724409 -0.677165 
vn -0.228346 0.858268 0.464567 
vn 0.251969 -0.913386 -0.322835 
vn 0.19685 -0.905512 -0.370079 
vn -0.228346 0.850394 0.480315 
vn 0.228346 -0.84252 -0.480315 
vn 0.259843 -0.622047 0.740157 
vn 0.15748 -0.732283 -0.661417 
vn 0.181102 -0.740157 -0.653543 
vn -0.220472 0.724409 0.653543 
vn 0.228346 -0.724409 -0.653543 
vn -0.15748 0.732283 0.661417 
vn -0.181102 0.740157 0.653543 
vn -0.125984 0.685039 0.716535 
vn -0.110236 0.700787 0.708661 
vn -0.110236 0.700787 0.708661 
vn 0.110236 -0.692913 -0.708661 
vn 0.133858 -0.685039 -0.716535 
vn 0.11811 -0.700787 -0.708661 
vn 0.259843 -0.622047 0.740157 
vn 0.19685 -0.905512 -0.370079 
vn 0.15748 -0.740157 -0.653543 
vn 0.181102 -0.779528 -0.598425 
vn 0.181102 -0.779528 -0.598425 
vn -0.291339 0.850394 0.448819 
vn -0.165354 0.401575 0.897638 
vn 0.267717 -0.76378 -0.590551 
vn 0.267717 -0.76378 -0.590551 
vn -0.149606 0.606299 -0.779528 
vn 0.102362 -0.677165 -0.724409 
vn 0.165354 -0.76378 -0.622047 
vn 0.188976 -0.779528 -0.590551 
vn -0.188976 0.80315 0.566929 
vn 0.188976 -0.795276 -0.566929 
vn 0.19685 -0.80315 -0.559055 
vn -0.740157 -0.535433 -0.409449 
vn -0.149606 0.606299 -0.779528 
vn 0.291339 -0.84252 -0.456693 
vn 0.291339 -0.80315 -0.527559 
vn 0.291339 -0.811024 -0.503937 
vn -0.740157 -0.535433 -0.409449 
vn -0.133858 -0.425197 -0.889764 
vn -0.0866142 -0.574803 -0.811024 
vn -0.19685 0.80315 0.559055 
vn -0.244094 0.795276 0.551181 
vn 0.244094 -0.795276 -0.559055 
vn 0.204724 -0.732283 -0.653543 
vn 0.212598 -0.755906 -0.622047 
vn -0.204724 0.732283 0.653543 
vn 0.15748 -0.779528 -0.606299 
vn 0.212598 -0.740157 -0.645669 
vn -0.740157 -0.535433 -0.409449 
vn 0.291339 -0.84252 -0.456693 
vn 0.220472 -0.771654 -0.590551 
vn 0.212598 -0.755906 -0.622047 
vn -0.212598 0.755906 0.622047 
vn -0.204724 0.740157 0.645669 
vn -0.165354 0.401575 0.897638 
vn -0.275591 0.716535 0.637795 
vn -0.370079 0.850394 0.370079 
vn 0.0944882 -0.716535 -0.692913 
vn 0.0472441 -0.614173 -0.787402 
vn 0.141732 -0.740157 -0.653543 
vn 0.110236 -0.700787 -0.708661 
vn -0.409449 0.692913 0.590551 
vn -0.00787402 -0.818898 -0.574803 
vn -0.0472441 0.614173 0.787402 
vn -0.141732 0.740157 0.653543 
vn -0.228346 0.779528 0.582677 
vn -0.370079 0.850394 0.370079 
vn 0.110236 -0.700787 -0.708661 
vn 0.275591 -0.897638 -0.346457 
vn -0.409449 0.692913 0.590551 
vn 0.291339 -0.795276 -0.535433 
vn 0.11811 -0.771654 -0.622047 
vn -0.409449 0.692913 0.590551 
vn 0.0551181 -0.755906 -0.645669 
vn 0.133858 -0.795276 -0.590551 
vn 0.110236 -0.76378 -0.637795 
vn 0.11811 -0.787402 -0.606299 
vn 0.125984 -0.755906 -0.637795 
vn 0.0866142 -0.755906 -0.653543 
vn 0.0708661 -0.771654 -0.629921 
vn 0.0944882 -0.771654 -0.629921 
vn -0.015748 -0.76378 -0.645669 
vn 0.0629921 -0.76378 -0.645669 
vn -0.212598 0.771654 0.606299 
vn -0.220472 0.771654 0.590551 
vn 0.212598 -0.771654 -0.606299 
vn -0.212598 0.755906 0.622047 
vn -0.0393701 -0.102362 -0.992126 
vn -0.0393701 -0.102362 -0.992126 
vn -0.740157 -0.535433 -0.409449 
vn -0.299213 0.905512 -0.299213 
vn -0.19685 0.929134 -0.307087 
vn 0.110236 -0.740157 -0.661417 
vn 0.141732 -0.748031 -0.653543 
vn 0.023622 -0.0944882 -0.992126 
vn 0.023622 -0.0944882 -0.992126 
vn 0.023622 -0.0314961 -1 
vn 0.0472441 -0.716535 -0.700787 
vn 0.0708661 0.0314961 -1 
vn 0.0944882 -0.748031 -0.661417 
vn 0.0944882 -0.748031 -0.653543 
vn -0.181102 0.88189 0.433071 
vn -0.0944882 0.968504 -0.244094 
vn 0.023622 -0.0314961 -1 
vn 0.0708661 0.023622 -1 
vn 0.0314961 0.984252 -0.181102 
vn -0.0393701 0.84252 0.535433 
vn -0.259843 0.858268 0.448819 
vn -0.212598 0.755906 0.622047 
vn -0.204724 0.755906 0.622047 
vn -0.125984 0.795276 0.598425 
vn -0.133858 0.700787 0.700787 
vn -0.102362 0.700787 0.708661 
vn -0.00787402 0.708661 0.700787 
vn -0.0629921 0.740157 0.669291 
vn -0.0551181 0.740157 0.669291 
vn -0.015748 0.740157 0.669291 
vn -0.220472 0.771654 0.598425 
vn -0.181102 0.724409 0.661417 
vn 0.149606 -0.700787 -0.692913 
vn -0.0787402 0.629921 0.771654 
vn 0.0866142 -0.629921 -0.771654 
vn -0.149606 0.708661 0.692913 
vn -0.11811 0.708661 0.700787 
vn 0.11811 -0.708661 -0.700787 
vn -0.23622 0.80315 0.551181 
vn -0.204724 0.771654 0.598425 
vn -0.228346 0.795276 0.566929 
vn -0.110236 0.700787 0.708661 
vn 0.110236 -0.700787 -0.708661 
vn 0.0629921 -0.818898 -0.566929 
vn -0.125984 0.692913 0.708661 
vn 0.125984 -0.692913 -0.708661 
vn -0.291339 0.590551 -0.755906 
vn 0.88189 0.0551181 0.464567 
vn -0.165354 0.740157 0.653543 
vn 0.700787 -0.417323 0.574803 
vn -0.110236 0.629921 0.771654 
vn -0.00787402 -0.661417 -0.748031 
vn 0.15748 -0.755906 -0.637795 
vn -0.141732 0.724409 0.677165 
vn 0.700787 -0.417323 0.574803 
vn -0.291339 0.590551 -0.755906 
vn 0.259843 -0.88189 -0.401575 
vn 0.88189 0.0551181 0.472441 
vn 0.0629921 -0.818898 -0.566929 
vn -0.125984 0.716535 0.685039 
vn 0.125984 -0.716535 -0.685039 
vn 0.165354 -0.795276 -0.582677 
vn 0.141732 -0.76378 -0.629921 
vn -0.133858 0.708661 0.692913 
vn -0.992126 -0.0708661 0.0787402 
vn -0.992126 -0.0708661 0.0787402 
vn -0.102362 -0.724409 -0.677165 
vn 0.275591 0.96063 -0.0472441 
vn 0.0866142 -0.724409 -0.677165 
vn 0.0866142 -0.724409 -0.677165 
vn 0.0866142 -0.724409 -0.677165 
vn -0.0708661 0.732283 0.677165 
vn -0.00787402 -0.661417 -0.748031 
vn 0.165354 -0.795276 -0.582677 
vn 0.149606 -0.732283 -0.669291 
vn -0.0708661 0.732283 0.677165 
vn -0.141732 0.732283 0.669291 
vn -0.275591 0.818898 0.503937 
vn -0.251969 0.771654 0.582677 
vn 0.228346 -0.88189 -0.409449 
vn 0.204724 -0.858268 -0.472441 
vn -0.23622 0.905512 0.362205 
vn -0.23622 0.905512 0.362205 
vn 0.15748 -0.826772 -0.535433 
vn 0.15748 -0.826772 -0.535433 
vn 0.133858 -0.716535 -0.685039 
vn 0.291339 -0.795276 -0.535433 
vn -0.385827 0.779528 0.503937 
vn -0.385827 0.779528 0.503937 
vn 0.692913 -0.559055 0.448819 
vn -0.598425 -0.574803 0.559055 
vn 0.259843 -0.88189 -0.401575 
vn 0.692913 -0.559055 0.448819 
vn -0.141732 0.755906 -0.637795 
vn 0.0551181 -0.755906 -0.645669 
vn 0.204724 -0.858268 -0.472441 
vn -0.133858 0.716535 0.685039 
vn -0.385827 0.779528 0.503937 
vn 0.0629921 -0.614173 -0.787402 
vn 0.0629921 -0.661417 -0.748031 
vn 0.204724 -0.84252 -0.503937 
vn -0.23622 0.795276 0.559055 
vn -0.283465 0.84252 0.464567 
vn -0.110236 0.692913 0.716535 
vn 0.110236 -0.692913 -0.716535 
vn 0.0629921 -0.661417 -0.748031 
vn -0.141732 0.755906 -0.637795 
vn -0.188976 -0.559055 -0.811024 
vn -0.275591 0.354331 0.889764 
vn -0.188976 -0.559055 -0.811024 
vn -0.275591 0.354331 0.889764 
vn 0.700787 -0.417323 0.574803 
vn -0.0944882 0.685039 0.724409 
vn 0.0944882 -0.685039 -0.724409 
vn -0.110236 0.692913 0.708661 
vn 0.110236 -0.692913 -0.708661 
vn -0.598425 -0.574803 0.559055 
vn -0.598425 -0.574803 0.559055 
vn -0.141732 0.755906 -0.637795 
vn -0.0629921 0.645669 0.76378 
vn 0.0629921 -0.645669 -0.76378 
vn -0.0472441 0.692913 0.724409 
vn 0.0551181 -0.685039 -0.724409 
vn 0.102362 -0.779528 -0.622047 
vn 0.606299 -0.755906 -0.251969 
vn -0.440945 0.503937 0.740157 
vn -0.204724 -0.952756 0.212598 
vn -0.976378 0.0866142 0.181102 
vn 0.102362 -0.779528 -0.622047 
vn 0.11811 -0.787402 -0.614173 
vn 0.606299 -0.755906 -0.251969 
vn 0.102362 -0.779528 -0.622047 
vn -0.0472441 0.685039 0.724409 
vn 0.0472441 -0.685039 -0.724409 
vn 0.606299 -0.755906 -0.251969 
vn -0.141732 0.527559 0.834646 
vn -0.141732 0.527559 0.834646 
vn -0.464567 -0.551181 -0.692913 
vn -0.149606 0.559055 0.818898 
vn -0.149606 0.559055 0.818898 
vn 0.0629921 -0.755906 -0.653543 
vn -0.330709 -0.850394 -0.401575 
vn -0.149606 0.559055 0.818898 
vn -0.330709 -0.850394 -0.401575 
vn -0.464567 -0.551181 -0.692913 
vn 0.133858 -0.787402 -0.598425 
vn -0.015748 -0.740157 -0.669291 
vn 0.110236 -0.787402 -0.614173 
vn 0.023622 -0.755906 -0.653543 
vn -0.15748 0.377953 0.913386 
vn -0.692913 0.598425 -0.409449 
vn -0.0314961 0.755906 0.653543 
vn -0.779528 0.496063 -0.385827 
vn -0.023622 0.637795 0.771654 
vn 0.023622 -0.629921 -0.771654 
vn 0.220472 -0.661417 -0.716535 
vn -0.023622 0.653543 0.755906 
vn -0.015748 0.653543 0.755906 
vn 0.015748 -0.653543 -0.755906 
vn -0.330709 -0.850394 -0.401575 
vn -0.866142 -0.354331 -0.346457 
vn 0.023622 -0.653543 -0.755906 
vn 0.96063 0.220472 -0.173228 
vn 0.0472441 -0.661417 -0.748031 
vn -0.858268 -0.425197 0.275591 
vn -0.0708661 0.503937 0.866142 
vn -0.251969 -0.606299 -0.755906 
vn 0.212598 -0.685039 -0.692913 
vn -0.125984 -0.622047 -0.771654 
vn 0.133858 0.80315 0.582677 
vn 0.102362 0.622047 0.779528 
vn 0.133858 0.80315 0.582677 
vn -0.0472441 0.669291 0.748031 
vn 0.110236 -0.897638 -0.417323 
vn 0.291339 -0.944882 -0.133858 
vn 0.110236 -0.897638 -0.417323 
vn 0.677165 -0.732283 0.0314961 
vn -0.165354 0.716535 0.677165 
vn -0.133858 0.692913 0.708661 
vn -0.141732 0.700787 0.700787 
vn -0.11811 0.700787 0.700787 
vn -0.0944882 0.692913 0.716535 
vn -0.0629921 0.645669 0.755906 
vn -0.0629921 0.669291 0.740157 
vn -0.440945 0.503937 0.740157 
vn -0.204724 -0.952756 0.212598 
vn -0.976378 0.0866142 0.181102 
vn 0.291339 -0.944882 -0.133858 
vn 0.677165 -0.732283 0.0314961 
vn -0.440945 0.503937 0.740157 
vn 0.0393701 -0.669291 -0.740157 
vn -0.0393701 0.669291 0.740157 
vn -0.0314961 0.637795 0.771654 
vn 0.165354 0.551181 0.818898 
vn 0.165354 0.629921 0.755906 
vn 0.19685 0.598425 0.771654 
vn 0.188976 0.598425 0.779528 
vn -0.19685 -0.598425 -0.771654 
vn -0.165354 -0.629921 -0.755906 
vn -0.188976 -0.598425 -0.779528 
vn -0.244094 -0.606299 -0.755906 
vn -0.19685 -0.614173 -0.76378 
vn -0.23622 -0.590551 -0.771654 
vn 0.19685 0.614173 0.76378 
vn 0.244094 0.606299 0.755906 
vn 0.23622 0.590551 0.771654 
vn -0.173228 -0.582677 -0.795276 
vn -0.125984 -0.622047 -0.771654 
vn -0.188976 -0.637795 -0.748031 
vn 0.133858 0.637795 0.76378 
vn 0.212598 0.606299 0.76378 
vn 0.173228 0.622047 0.76378 
vn -0.212598 -0.606299 -0.771654 
vn -0.133858 -0.629921 -0.76378 
vn -0.173228 -0.622047 -0.76378 
vn -0.19685 -0.622047 -0.755906 
vn 0.165354 0.637795 0.755906 
vn 0.204724 0.622047 0.755906 
vn 0.19685 0.622047 0.755906 
vn -0.204724 -0.614173 -0.755906 
vn -0.165354 -0.637795 -0.755906 
vn -0.19685 -0.622047 -0.755906 
vn 0.19685 0.622047 0.755906 
vn -0.141732 -0.645669 -0.748031 
vn -0.173228 -0.629921 -0.755906 
vn 0.125984 0.622047 0.771654 
vn 0.173228 0.582677 0.795276 
vn 0.188976 0.637795 0.748031 
vn 0.141732 0.645669 0.748031 
vn 0.181102 0.629921 0.755906 
vn 0.204724 0.614173 0.76378 
vn -0.165354 -0.622047 -0.76378 
vn -0.23622 -0.590551 -0.771654 
vn -0.204724 -0.622047 -0.755906 
vn 0.220472 0.637795 0.740157 
vn 0.173228 0.645669 0.740157 
vn 0.149606 0.629921 0.76378 
vn -0.173228 -0.645669 -0.748031 
vn -0.212598 -0.637795 -0.740157 
vn -0.149606 -0.629921 -0.76378 
vn 0.23622 0.590551 0.771654 
vn 0.165354 0.622047 0.76378 
vn 0.212598 0.622047 0.755906 
vn 0.251969 0.629921 0.732283 
vn -0.244094 -0.629921 -0.740157 
vn -0.19685 -0.629921 -0.755906 
vn -0.228346 -0.606299 -0.76378 
vn -0.181102 -0.629921 -0.755906 
vn -0.204724 -0.614173 -0.76378 
vn -0.19685 -0.866142 -0.456693 
vn -0.133858 -0.795276 -0.582677 
vn -0.181102 -0.811024 -0.559055 
vn -0.716535 0.165354 0.677165 
vn -0.173228 -0.795276 -0.574803 
vn 0.724409 0.527559 0.433071 
vn 0.433071 0.440945 0.779528 
vn -0.228346 -0.677165 -0.700787 
vn -0.173228 -0.795276 -0.574803 
vn -0.716535 0.165354 0.677165 
vn 0.102362 0.629921 0.76378 
vn -0.0944882 -0.629921 -0.771654 
vn -0.181102 -0.653543 -0.740157 
vn -0.19685 -0.637795 -0.748031 
vn 0.228346 0.559055 0.795276 
vn -0.228346 -0.559055 -0.795276 
vn 0.204724 0.606299 0.76378 
vn -0.228346 -0.606299 -0.76378 
vn -0.11811 -0.535433 -0.834646 
vn -0.125984 -0.582677 -0.80315 
vn -0.125984 -0.614173 -0.779528 
vn -0.188976 -0.637795 -0.748031 
vn 0.228346 0.606299 0.755906 
vn 0.125984 0.622047 0.779528 
vn 0.133858 0.582677 0.80315 
vn 0.19685 0.637795 0.740157 
vn -0.0629921 -0.614173 -0.787402 
vn -0.0551181 -0.543307 -0.84252 
vn 0.181102 0.637795 0.748031 
vn 0.228346 0.629921 0.748031 
vn -0.181102 -0.637795 -0.748031 
vn -0.220472 -0.629921 -0.748031 
vn -0.15748 -0.574803 -0.80315 
vn -0.165354 -0.559055 -0.811024 
vn 0.165354 0.574803 0.80315 
vn 0.165354 0.559055 0.811024 
vn 0.0629921 0.543307 0.84252 
vn 0.0708661 0.614173 0.787402 
vn -0.204724 -0.606299 -0.76378 
vn -0.19685 -0.590551 -0.779528 
vn 0.0708661 0.559055 0.826772 
vn -0.0708661 -0.559055 -0.826772 
vn 0.19685 0.629921 0.755906 
vn 0.228346 0.606299 0.76378 
vn 0.23622 0.590551 0.771654 
vn -0.23622 -0.590551 -0.771654 
vn 0.19685 0.590551 0.779528 
vn 0.188976 0.590551 0.787402 
vn -0.188976 -0.590551 -0.787402 
vn 0.181102 0.629921 0.755906 
vn -0.15748 -0.645669 -0.748031 
vn 0.15748 0.645669 0.748031 
vn 0.732283 0.527559 0.433071 
vn 0.023622 0.559055 0.826772 
vn -0.716535 0.165354 0.677165 
vn 0.188976 0.629921 0.748031 
vn -0.188976 -0.629921 -0.748031 
vn -0.929134 0.299213 -0.220472 
vn 0.023622 -0.771654 -0.637795 
vn 0.84252 0.015748 0.535433 
vn 0.149606 0.645669 0.748031 
vn -0.149606 -0.645669 -0.748031 
vn 0.102362 -0.732283 -0.677165 
vn -0.19685 -0.755906 -0.629921 
vn 0.023622 -0.771654 -0.637795 
vn 0.0787402 0.559055 0.826772 
vn 0.338583 -0.700787 -0.629921 
vn -0.755906 -0.614173 0.204724 
vn -0.755906 -0.622047 0.204724 
vn -0.944882 -0.0787402 -0.307087 
vn -0.149606 -0.637795 -0.755906 
vn 0.015748 0.566929 0.818898 
vn -0.92126 0.385827 -0.0944882 
vn -0.188976 -0.653543 -0.732283 
vn -0.755906 -0.622047 0.204724 
vn -0.299213 0.653543 0.692913 
vn 0.149606 0.669291 0.732283 
vn 0.433071 0.448819 0.779528 
vn -0.220472 -0.771654 -0.598425 
vn 0.96063 0.267717 0.102362 
vn -0.133858 -0.645669 -0.748031 
vn -0.440945 -0.614173 -0.653543 
vn 0.204724 0.606299 0.771654 
vn -0.165354 -0.645669 -0.748031 
vn 0.433071 0.448819 0.779528 
vn 0.173228 0.645669 0.748031 
vn -0.0393701 0.685039 0.724409 
vn -0.00787402 0.503937 0.866142 
vn 0.133858 0.645669 0.748031 
vn 0.181102 0.637795 0.748031 
vn -0.181102 -0.637795 -0.748031 
vn 0.15748 0.637795 0.755906 
vn -0.15748 -0.637795 -0.755906 
vn 0.181102 0.637795 0.748031 
vn -0.173228 -0.637795 -0.755906 
vn 0.188976 0.653543 0.740157 
vn 0.204724 0.637795 0.748031 
vn 0.267717 0.653543 0.708661 
vn -0.267717 -0.653543 -0.708661 
vn 0.110236 0.669291 0.740157 
vn 0.0629921 0.598425 0.80315 
vn -0.110236 -0.669291 -0.740157 
vn -0.0551181 -0.598425 -0.80315 
vn 0.015748 0.488189 0.874016 
vn 0.110236 0.488189 0.866142 
vn -0.944882 -0.0787402 -0.307087 
vn 0.015748 0.566929 0.818898 
vn -0.188976 -0.653543 -0.732283 
vn -0.929134 0.291339 -0.220472 
vn -0.944882 -0.0787402 -0.307087 
vn 0.96063 0.267717 0.102362 
vn 0.204724 0.606299 0.771654 
vn 0.84252 0.023622 0.535433 
vn -0.0393701 0.685039 0.724409 
vn -0.267717 -0.661417 -0.700787 
vn -0.15748 -0.787402 -0.598425 
vn -0.0866142 -0.732283 -0.677165 
vn -0.0551181 -0.929134 -0.362205 
vn 0.0472441 -0.771654 -0.637795 
vn 0.417323 -0.708661 -0.574803 
vn -0.826772 -0.566929 -0.00787402 
vn -0.023622 -0.622047 -0.787402 
vn 0.905512 -0.362205 -0.212598 
vn -0.84252 -0.417323 -0.338583 
vn -0.88189 -0.267717 0.393701 
vn -0.023622 -0.622047 -0.787402 
vn 0.393701 0.740157 0.543307 
vn -0.84252 -0.417323 -0.338583 
vn -0.267717 0.409449 0.874016 
vn 0.598425 -0.188976 0.779528 
vn 0.181102 -0.944882 0.275591 
vn 0.905512 -0.362205 -0.212598 
vn -0.102362 -0.779528 -0.614173 
vn -0.23622 -0.968504 -0.0866142 
vn 0.133858 0.637795 0.755906 
vn 0.15748 0.622047 0.76378 
vn 0.15748 0.637795 0.755906 
vn -0.149606 -0.645669 -0.748031 
vn -0.173228 -0.629921 -0.755906 
vn -0.133858 -0.629921 -0.771654 
vn 0.173228 0.629921 0.755906 
vn 0.149606 0.645669 0.748031 
vn 0.133858 0.629921 0.76378 
vn 0.992126 0.0866142 0.102362 
vn -0.15748 -0.622047 -0.76378 
vn -0.133858 -0.637795 -0.755906 
vn -0.149606 -0.637795 -0.755906 
vn -0.0551181 -0.929134 -0.362205 
vn 0.992126 -0.0393701 -0.0787402 
vn -0.0551181 -0.929134 -0.362205 
vn 0.417323 -0.708661 -0.574803 
vn 0.992126 -0.0393701 -0.0787402 
vn -0.88189 -0.267717 0.393701 
vn 0.23622 0.700787 0.677165 
vn -0.606299 -0.614173 -0.503937 
vn 0.88189 -0.401575 -0.23622 
vn 0.992126 -0.0393701 -0.0787402 
vn -0.984252 -0.15748 -0.015748 
vn 0.23622 0.700787 0.677165 
vn -0.661417 0.354331 0.661417 
vn -0.551181 0.440945 0.708661 
vn -0.622047 0.401575 0.677165 
vn 0.417323 -0.708661 -0.574803 
vn -0.015748 0.377953 0.929134 
vn 0.992126 -0.0393701 -0.0866142 
vn -0.590551 0.409449 0.692913 
vn 0.850394 0.354331 0.385827 
vn 0.23622 0.700787 0.677165 
vn -0.488189 0.480315 0.724409 
vn 0.204724 0.511811 0.834646 
vn -0.88189 -0.267717 0.393701 
vn 0.181102 -0.944882 0.275591 
vn -0.267717 -0.661417 -0.700787 
vn -0.267717 0.409449 0.874016 
vn 0.0708661 -0.732283 -0.685039 
vn -0.110236 -0.629921 -0.771654 
vn -0.125984 -0.622047 -0.771654 
vn 0.275591 0.566929 0.771654 
vn -0.023622 -0.748031 -0.661417 
vn 0.141732 -0.251969 0.96063 
vn 0.110236 0.629921 0.771654 
vn 0.125984 0.622047 0.771654 
vn -0.19685 -0.653543 -0.732283 
vn 0.598425 -0.188976 0.779528 
vn -0.0944882 0.511811 0.850394 
vn -0.102362 -0.779528 -0.614173 
vn 0 0.519685 0.850394 
vn 0.992126 0.0866142 0.102362 
vn 0.0944882 0.519685 0.850394 
vn -0.0944882 0.511811 0.850394 
vn -0.15748 0.511811 0.84252 
vn -0.19685 -0.653543 -0.732283 
vn 0.141732 -0.251969 0.96063 
vn 0.937008 -0.330709 0.0787402 
vn 0.976378 -0.212598 0.0944882 
vn -0.614173 0.425197 0.669291 
vn -0.724409 0.330709 0.606299 
vn 0.984252 -0.0866142 -0.15748 
vn -0.984252 -0.15748 -0.015748 
vn 0.88189 -0.401575 -0.23622 
vn 0.393701 0.740157 0.543307 
vn 0.88189 -0.401575 -0.23622 
vn 0.23622 0.700787 0.677165 
vn -0.606299 -0.614173 -0.503937 
vn 0.88189 -0.401575 -0.23622 
vn 0.937008 -0.330709 0.0787402 
vn 0.976378 -0.212598 0.0944882 
vn -0.15748 0.511811 0.84252 
vn -0.448819 -0.76378 -0.472441 
vn -0.448819 -0.76378 -0.472441 
vn -0.204724 -0.779528 -0.590551 
vn -0.220472 -0.645669 -0.732283 
vn -0.173228 -0.637795 -0.748031 
vn -0.133858 -0.629921 -0.76378 
vn -0.141732 -0.645669 -0.755906 
vn 0.220472 0.645669 0.732283 
vn -0.291339 0.409449 0.866142 
vn -0.291339 0.409449 0.866142 
vn -1 0.0629921 0.0629921 
vn -0.204724 -0.795276 -0.566929 
vn 0.385827 -0.834646 0.393701 
vn -0.291339 0.409449 0.866142 
vn 0.102362 0.338583 0.937008 
vn -0.590551 -0.732283 -0.346457 
vn -0.23622 -0.968504 -0.0866142 
vn 0.173228 0.637795 0.748031 
vn 0.19685 0.622047 0.755906 
vn 0.204724 0.637795 0.748031 
vn -0.19685 -0.622047 -0.755906 
vn -0.204724 -0.637795 -0.748031 
vn -0.669291 -0.637795 -0.385827 
vn 0.0472441 0.590551 0.80315 
vn 0.0629921 0.598425 0.795276 
vn 0.015748 0.503937 0.866142 
vn 0 0.503937 0.866142 
vn 0.133858 0.629921 0.76378 
vn 0.149606 0.645669 0.748031 
vn -0.15748 -0.622047 -0.76378 
vn 0.15748 0.622047 0.76378 
vn 0.110236 0.629921 0.76378 
vn -0.110236 -0.629921 -0.771654 
vn -0.590551 -0.629921 -0.496063 
vn -0.125984 -0.653543 -0.748031 
vn 0.385827 -0.834646 0.393701 
vn -0.590551 -0.629921 -0.496063 
vn -1 0.0629921 0.0629921 
vn 0.125984 0.653543 0.748031 
vn 0.11811 0.645669 0.755906 
vn -0.11811 -0.645669 -0.755906 
vn -0.173228 -0.645669 -0.748031 
vn -0.590551 -0.629921 -0.496063 
vn 0.173228 0.645669 0.740157 
vn -0.488189 0.480315 0.732283 
vn -0.826772 -0.566929 -0.00787402 
vn -0.244094 -0.559055 -0.795276 
vn -0.165354 -0.527559 -0.834646 
vn 0.181102 0.590551 0.787402 
vn 0.125984 0.551181 0.826772 
vn -0.181102 -0.590551 -0.787402 
vn -0.125984 -0.551181 -0.826772 
vn -0.299213 -0.637795 -0.716535 
vn 0.299213 0.637795 0.708661 
vn 0.244094 0.559055 0.795276 
vn 0.259843 0.574803 0.779528 
vn -0.251969 -0.574803 -0.779528 
vn -0.204724 -0.645669 -0.732283 
vn -0.220472 -0.629921 -0.740157 
vn 0.244094 0.598425 0.76378 
vn 0.165354 0.527559 0.834646 
vn -0.244094 -0.598425 -0.76378 
vn 0.299213 0.566929 0.771654 
vn 0.267717 0.614173 0.748031 
vn -0.267717 -0.606299 -0.748031 
vn -0.291339 -0.566929 -0.771654 
vn -0.220472 -0.559055 -0.795276 
vn -0.173228 -0.559055 -0.811024 
vn 0.212598 0.590551 0.779528 
vn 0.173228 0.559055 0.811024 
vn -0.204724 -0.590551 -0.779528 
vn -0.244094 -0.566929 -0.787402 
vn -0.228346 -0.543307 -0.80315 
vn 0.220472 0.559055 0.795276 
vn 0.251969 0.566929 0.787402 
vn 0.228346 0.543307 0.80315 
vn -0.0393701 0.488189 0.874016 
vn 0.00787402 0.582677 0.811024 
vn 0.259843 0.598425 0.755906 
vn 0.188976 0.637795 0.748031 
vn -0.181102 -0.637795 -0.748031 
vn -0.259843 -0.598425 -0.755906 
vn -0.228346 -0.598425 -0.76378 
vn -0.15748 -0.622047 -0.76378 
vn 0.385827 0.629921 0.677165 
vn -0.377953 -0.629921 -0.677165 
vn -0.212598 -0.582677 -0.787402 
vn 0.212598 0.582677 0.779528 
vn -0.244094 -0.637795 -0.732283 
vn 0.23622 0.590551 0.771654 
vn -0.23622 -0.590551 -0.771654 
vn 0.251969 0.637795 0.724409 
vn 0.15748 0.622047 0.76378 
vn 0.228346 0.598425 0.76378 
vn 0.228346 0.629921 0.740157 
vn 0.204724 0.645669 0.732283 
vn 0.283465 0.582677 0.76378 
vn -0.385827 -0.582677 -0.708661 
vn -0.259843 -0.598425 -0.755906 
vn 0.393701 0.582677 0.708661 
vn 0.362205 0.566929 0.740157 
vn -0.362205 -0.566929 -0.740157 
vn 0.259843 0.598425 0.755906 
vn 0.19685 0.590551 0.779528 
vn -0.188976 -0.590551 -0.779528 
vn -0.283465 -0.582677 -0.76378 
vn -0.228346 -0.582677 -0.779528 
vn -0.188976 -0.590551 -0.787402 
vn -0.133858 -0.519685 -0.84252 
vn 0.141732 0.511811 0.84252 
vn 0.125984 0.535433 0.834646 
vn -0.141732 -0.511811 -0.84252 
vn -0.220472 -0.606299 -0.76378 
vn 0.141732 0.519685 0.84252 
vn 0.220472 0.606299 0.76378 
vn -0.165354 -0.551181 -0.818898 
vn -0.0393701 -0.527559 -0.850394 
vn 0.0472441 0.527559 0.850394 
vn 0.204724 0.598425 0.779528 
vn -0.00787402 -0.582677 -0.811024 
vn 0.204724 0.543307 0.811024 
vn 0.220472 0.559055 0.795276 
vn -0.220472 -0.559055 -0.795276 
vn -0.204724 -0.543307 -0.811024 
vn -0.204724 -0.598425 -0.779528 
vn -0.0708661 -0.535433 -0.84252 
vn 0.188976 0.598425 0.779528 
vn -0.188976 -0.598425 -0.779528 
vn 0.204724 0.606299 0.76378 
vn -0.204724 -0.606299 -0.76378 
vn -0.181102 -0.606299 -0.771654 
vn 0.181102 0.606299 0.771654 
vn -0.110236 -0.503937 -0.858268 
vn -0.125984 -0.511811 -0.850394 
vn 0.0787402 0.535433 0.84252 
vn 0.125984 0.511811 0.850394 
vn 0.110236 0.503937 0.858268 
vn -0.188976 -0.590551 -0.787402 
vn 0.19685 0.590551 0.779528 
vn 0.23622 0.582677 0.779528 
vn 0.188976 0.590551 0.787402 
vn 0.314961 0.590551 0.740157 
vn -0.314961 -0.590551 -0.748031 
vn 0.0393701 -0.488189 -0.874016 
vn 0.0866142 -0.637795 -0.76378 
vn -0.0551181 0.456693 0.889764 
vn -0.259843 0.622047 0.740157 
vn -0.0551181 0.456693 0.889764 
vn 0.0866142 -0.637795 -0.76378 
vn 0.0787402 0.535433 0.84252 
vn 0.11811 0.496063 0.858268 
vn 0.165354 0.590551 0.795276 
vn -0.0551181 -0.566929 -0.826772 
vn -0.0787402 -0.535433 -0.84252 
vn 0.015748 -0.464567 -0.889764 
vn -0.00787402 -0.440945 -0.897638 
vn -0.110236 -0.464567 -0.874016 
vn -0.0787402 -0.543307 -0.834646 
vn -0.0866142 -0.456693 -0.88189 
vn 0.0472441 -0.480315 -0.874016 
vn -0.00787402 0.464567 0.88189 
vn 0.0551181 0.566929 0.818898 
vn -0.259843 0.622047 0.740157 
vn 0.15748 -0.480315 -0.858268 
vn 0.0866142 -0.637795 -0.76378 
vn -0.259843 0.622047 0.740157 
vn 0.102362 0.551181 0.826772 
vn 0.141732 0.519685 0.84252 
vn 0.173228 0.598425 0.779528 
vn -0.173228 -0.598425 -0.787402 
vn -0.133858 -0.519685 -0.84252 
vn -0.0944882 -0.551181 -0.826772 
vn -0.0551181 -0.582677 -0.811024 
vn -0.0866142 -0.480315 -0.874016 
vn -0.00787402 0.448819 0.889764 
vn 0.173228 0.527559 0.834646 
vn -0.165354 -0.527559 -0.834646 
vn 0.00787402 -0.448819 -0.897638 
vn -0.15748 -0.590551 -0.795276 
vn -0.11811 -0.496063 -0.858268 
vn -0.724409 0.385827 0.574803 
vn -0.740157 0.425197 0.527559 
vn -0.771654 0.503937 0.393701 
vn -0.629921 0.590551 0.511811 
vn 0.771654 -0.503937 -0.393701 
vn 0.740157 -0.425197 -0.527559 
vn 0.629921 -0.582677 -0.503937 
vn 0.464567 -0.488189 -0.740157 
vn 0.472441 -0.519685 -0.716535 
vn -0.645669 0.409449 0.645669 
vn -0.472441 0.519685 0.716535 
vn -0.464567 0.488189 0.740157 
vn 0.496063 -0.503937 -0.700787 
vn -0.771654 0.519685 0.354331 
vn 0.771654 -0.519685 -0.354331 
vn -0.496063 0.511811 0.700787 
vn -0.488189 0.496063 0.716535 
vn -0.496063 0.472441 0.724409 
vn 0.110236 0.472441 0.874016 
vn 0.00787402 0.440945 0.897638 
vn 0.0866142 0.456693 0.88189 
vn -0.023622 0.433071 0.897638 
vn 0.0787402 0.543307 0.834646 
vn 0.023622 -0.433071 -0.897638 
vn 0.0393701 -0.440945 -0.897638 
vn -0.0393701 0.440945 0.897638 
vn 0.125984 0.448819 0.88189 
vn 0.00787402 0.433071 0.905512 
vn -0.00787402 -0.425197 -0.905512 
vn -0.125984 -0.448819 -0.88189 
vn 0.00787402 0.440945 0.897638 
vn -0.0472441 0.480315 0.874016 
vn -0.141732 -0.511811 -0.84252 
vn 0.141732 0.511811 0.84252 
vn 0.0866142 0.480315 0.874016 
vn 0 -0.440945 -0.897638 
vn -0.0314961 -0.409449 -0.913386 
vn -0.125984 -0.440945 -0.889764 
vn -0.00787402 -0.417323 -0.905512 
vn -0.551181 0.464567 0.692913 
vn 0.125984 0.440945 0.889764 
vn 0.0314961 0.409449 0.913386 
vn 0.00787402 0.417323 0.905512 
vn -0.496063 0.503937 0.708661 
vn -0.00787402 -0.590551 -0.80315 
vn -0.267717 0.409449 0.866142 
vn -0.181102 -0.669291 -0.724409 
vn -0.181102 -0.669291 -0.724409 
vn 0.15748 -0.480315 -0.858268 
vn -0.0629921 -0.574803 -0.811024 
vn -0.19685 -0.590551 -0.779528 
vn 0.582677 0.393701 0.708661 
vn -0.212598 -0.606299 -0.771654 
vn 0.212598 0.606299 0.76378 
vn 0.0629921 0.574803 0.811024 
vn -0.259843 0.622047 0.740157 
vn 0.984252 -0.0866142 -0.15748 
vn -0.984252 -0.15748 -0.015748 
vn 0.0866142 -0.637795 -0.76378 
vn 0.0708661 -0.732283 -0.685039 
vn 0.968504 -0.181102 -0.173228 
vn 0.19685 0.590551 0.779528 
vn 0.0551181 0.582677 0.811024 
vn -0.181102 -0.669291 -0.724409 
vn 0.968504 -0.181102 -0.173228 
vn 0.275591 0.566929 0.771654 
vn -0.165354 -0.661417 -0.732283 
vn -0.0314961 -0.645669 -0.76378 
vn -0.0708661 -0.677165 -0.732283 
vn -0.944882 0.220472 -0.23622 
vn -0.0787402 -0.685039 -0.724409 
vn 0.0787402 -0.748031 -0.661417 
vn -0.944882 0.212598 -0.23622 
vn -0.0314961 -0.645669 -0.76378 
vn -0.023622 0.574803 0.818898 
vn -0.00787402 -0.740157 -0.669291 
vn -0.11811 -0.732283 -0.669291 
vn -0.188976 0.645669 0.740157 
vn 0.110236 0.637795 0.755906 
vn 0.11811 0.645669 0.755906 
vn 0.0944882 0.637795 0.76378 
vn -0.11811 -0.645669 -0.755906 
vn -0.102362 -0.637795 -0.76378 
vn -0.0866142 -0.637795 -0.76378 
vn -0.0708661 -0.677165 -0.732283 
vn -0.00787402 -0.740157 -0.669291 
vn -0.188976 0.645669 0.740157 
vn -0.110236 -0.629921 -0.76378 
vn -0.149606 -0.645669 -0.748031 
vn -0.141732 -0.629921 -0.76378 
vn 0.149606 0.645669 0.748031 
vn 0.110236 0.629921 0.76378 
vn 0.141732 0.629921 0.76378 
vn 0 0.645669 0.76378 
vn -0.023622 0.606299 0.795276 
vn 0.76378 -0.614173 0.19685 
vn 0.401575 -0.858268 0.314961 
vn -0.0629921 0.480315 0.874016 
vn -0.125984 -0.716535 -0.685039 
vn -0.283465 -0.614173 -0.732283 
vn -0.181102 -0.622047 -0.755906 
vn -0.291339 -0.606299 -0.740157 
vn -0.15748 -0.685039 -0.716535 
vn 0.0787402 -0.748031 -0.661417 
vn 0.76378 -0.614173 0.19685 
vn -0.0629921 0.480315 0.874016 
vn 0.401575 -0.858268 0.314961 
vn 0.110236 0.637795 0.76378 
vn 0.0866142 0.629921 0.771654 
vn -0.110236 -0.637795 -0.76378 
vn -0.0866142 -0.629921 -0.771654 
vn 0.188976 0.622047 0.755906 
vn 0.291339 0.614173 0.732283 
vn 0.291339 0.606299 0.740157 
vn 0.102362 0.661417 0.748031 
vn 0.0708661 0.637795 0.76378 
vn -0.0944882 -0.661417 -0.748031 
vn -0.0708661 -0.637795 -0.76378 
vn -0.125984 -0.637795 -0.755906 
vn 0.133858 0.637795 0.755906 
vn -0.267717 0.850394 0.456693 
vn -0.0787402 -0.685039 -0.724409 
vn -0.267717 0.850394 0.456693 
vn 0.787402 -0.23622 0.566929 
vn -0.023622 0.574803 0.818898 
vn 0.0314961 -0.692913 -0.716535 
vn -0.19685 -0.637795 -0.748031 
vn 0.307087 -0.866142 -0.385827 
vn -0.0393701 0.362205 0.929134 
vn 0.015748 0.535433 0.84252 
vn 0.708661 -0.503937 0.496063 
vn -0.0393701 0.362205 0.929134 
vn 0.307087 -0.866142 -0.385827 
vn -0.0708661 0.551181 0.834646 
vn 0.0866142 -0.645669 -0.755906 
vn 0.19685 0.637795 0.740157 
vn -0.125984 -0.716535 -0.685039 
vn 0.307087 -0.866142 -0.385827 
vn 0 0.614173 0.787402 
vn -0.11811 -0.637795 -0.755906 
vn -0.0393701 -0.700787 -0.708661 
vn -0.0944882 -0.755906 -0.645669 
vn -0.0944882 -0.716535 -0.692913 
vn 0.19685 -0.0472441 -0.976378 
vn 0.15748 0.023622 -0.984252 
vn 0.0551181 0.724409 0.692913 
vn 0.0708661 0.80315 0.590551 
vn 0.15748 0.023622 -0.984252 
vn 0.244094 0.96063 -0.125984 
vn 0.149606 0.811024 0.566929 
vn -0.133858 -0.724409 -0.669291 
vn -0.133858 -0.748031 -0.645669 
vn 0.149606 -0.0551181 -0.984252 
vn 0.0629921 0.732283 0.677165 
vn 0.173228 0.84252 0.511811 
vn -0.110236 -0.779528 -0.622047 
vn 0.19685 -0.0472441 -0.976378 
vn 0.370079 0.92126 -0.133858 
vn 0.149606 -0.0629921 -0.984252 
vn 0.354331 0.92126 -0.165354 
vn 0.338583 0.291339 0.897638 
vn 0.322835 -0.732283 -0.598425 
vn 0.0472441 -0.283465 -0.96063 
vn 0.88189 0.338583 0.322835 
vn -0.0944882 -0.645669 -0.755906 
vn 0.0944882 0.645669 0.755906 
vn 0.125984 0.637795 0.755906 
vn -0.11811 -0.637795 -0.755906 
vn 0.88189 0.338583 0.322835 
vn 0.0472441 -0.283465 -0.96063 
vn -0.19685 -0.76378 -0.614173 
vn -0.401575 0.614173 0.685039 
vn -0.401575 0.614173 0.685039 
vn -0.19685 -0.76378 -0.614173 
vn -0.401575 0.614173 0.685039 
vn 0.708661 -0.503937 0.496063 
vn -0.133858 -0.645669 -0.748031 
vn -0.228346 -0.716535 -0.653543 
vn -0.204724 -0.716535 -0.669291 
vn -0.212598 -0.732283 -0.653543 
vn -0.259843 -0.724409 -0.637795 
vn -0.220472 -0.740157 -0.637795 
vn -0.322835 -0.740157 -0.590551 
vn -0.228346 -0.755906 -0.614173 
vn -0.19685 -0.748031 -0.629921 
vn -0.165354 -0.716535 -0.677165 
vn -0.259843 -0.771654 -0.582677 
vn -0.244094 -0.716535 -0.653543 
vn -0.275591 -0.692913 -0.669291 
vn -0.354331 -0.661417 -0.661417 
vn -0.181102 -0.748031 -0.645669 
vn 0.0629921 0.677165 0.732283 
vn 0.125984 0.787402 0.606299 
vn 0.133858 0.76378 0.629921 
vn -0.125984 -0.015748 -0.992126 
vn -0.76378 -0.519685 -0.385827 
vn -0.732283 -0.488189 -0.472441 
vn -0.732283 -0.559055 -0.393701 
vn 0.0787402 0.716535 0.692913 
vn -0.0944882 0.84252 0.527559 
vn 0.141732 0.811024 0.559055 
vn 0.15748 0.866142 -0.472441 
vn -0.692913 -0.220472 -0.685039 
vn -0.204724 -0.0314961 -0.976378 
vn -0.204724 -0.023622 -0.976378 
vn -0.692913 -0.220472 -0.685039 
vn -0.433071 0.645669 -0.622047 
vn 0.0629921 0.692913 0.716535 
vn 0.220472 0.944882 0.23622 
vn 0.0787402 0.661417 0.748031 
vn -0.165354 -0.669291 -0.724409 
vn -0.110236 -0.653543 -0.748031 
vn -0.149606 -0.708661 -0.692913 
vn -0.11811 -0.779528 -0.614173 
vn 0.362205 0.377953 0.850394 
vn 0.0708661 0.677165 0.732283 
vn -0.165354 -0.669291 -0.724409 
vn 0.362205 0.377953 0.850394 
vn -0.165354 -0.669291 -0.724409 
vn -0.110236 -0.653543 -0.748031 
vn -0.110236 -0.653543 -0.748031 
vn 0.614173 -0.393701 0.685039 
vn 0.614173 -0.393701 0.685039 
vn 0.0393701 0.645669 0.76378 
vn 0.015748 0.614173 0.787402 
vn -0.212598 -0.76378 -0.606299 
vn -0.0393701 0.724409 0.685039 
vn 0.0314961 0.622047 0.779528 
vn -0.204724 -0.732283 -0.645669 
vn 0.0787402 -0.0393701 -1 
vn 0.314961 0.905512 -0.283465 
vn 0.0787402 -0.0393701 -1 
vn 0.330709 0.913386 -0.228346 
vn 0.0472441 -0.0551181 -1 
vn 0.0472441 -0.0551181 -1 
vn -0.181102 -0.732283 -0.653543 
vn 0.244094 0.874016 0.409449 
vn 0.212598 0.858268 0.464567 
vn 0.165354 0.905512 -0.393701 
vn -0.125984 -0.015748 -0.992126 
vn -0.0393701 -0.0551181 -1 
vn -0.11811 0.976378 0.188976 
vn 0.251969 0.913386 -0.314961 
vn -0.0393701 -0.0551181 -1 
vn 0.188976 0.937008 0.299213 
vn 0.102362 0.732283 0.669291 
vn 0.149606 0.740157 0.653543 
vn 0.220472 0.905512 0.370079 
vn -0.149606 -0.669291 -0.732283 
vn 0.188976 0.661417 0.724409 
vn -0.188976 -0.661417 -0.724409 
vn 0.133858 0.661417 0.740157 
vn 0.15748 0.669291 0.732283 
vn -0.133858 -0.661417 -0.740157 
vn -0.15748 -0.669291 -0.732283 
vn -0.125984 -0.669291 -0.732283 
vn 0.015748 0.535433 0.84252 
vn -0.102362 -0.661417 -0.740157 
vn -0.0866142 0.511811 0.858268 
vn -0.370079 0.574803 0.732283 
vn 0.125984 0.669291 0.732283 
vn 0.149606 0.669291 0.732283 
vn 0.165354 0.661417 0.732283 
vn 0.417323 -0.629921 -0.653543 
vn 0.125984 0.653543 0.748031 
vn -0.125984 -0.653543 -0.748031 
vn -0.133858 -0.661417 -0.740157 
vn -0.149606 -0.653543 -0.740157 
vn 0.133858 0.661417 0.740157 
vn 0.15748 0.653543 0.740157 
vn -0.11811 -0.661417 -0.740157 
vn -0.0866142 0.661417 0.740157 
vn 0.0708661 0.503937 0.858268 
vn 0 0.606299 0.795276 
vn 0.11811 0.661417 0.740157 
vn -0.653543 0.661417 -0.362205 
vn -0.251969 -0.582677 -0.771654 
vn 0.779528 -0.0472441 0.629921 
vn 0.141732 0.645669 0.748031 
vn 0.15748 0.653543 0.740157 
vn 0.15748 0.645669 0.748031 
vn -0.149606 -0.653543 -0.748031 
vn -0.141732 -0.645669 -0.748031 
vn -0.149606 -0.645669 -0.748031 
vn -0.0551181 -0.700787 -0.708661 
vn -0.0551181 -0.700787 -0.708661 
vn 0.165354 0.661417 0.732283 
vn -0.165354 -0.661417 -0.732283 
vn -0.141732 -0.669291 -0.732283 
vn 0.141732 0.669291 0.732283 
vn 0.11811 0.669291 0.732283 
vn 0.133858 0.677165 0.716535 
vn -0.11811 -0.669291 -0.732283 
vn -0.133858 -0.677165 -0.724409 
vn 0.708661 -0.503937 0.496063 
vn -0.165354 -0.669291 -0.724409 
vn 0.0708661 0.677165 0.732283 
vn 0.133858 0.669291 0.732283 
vn 0.11811 0.669291 0.732283 
vn 0.0629921 0.645669 0.76378 
vn 0.0629921 0.645669 0.76378 
vn 0.787402 -0.23622 0.566929 
vn -0.0708661 0.551181 0.834646 
vn 0.0629921 0.645669 0.76378 
vn -0.133858 -0.669291 -0.732283 
vn -0.11811 -0.669291 -0.732283 
vn -0.141732 -0.669291 -0.732283 
vn 0.291339 0.322835 0.897638 
vn -0.251969 -0.582677 -0.771654 
vn -0.11811 -0.779528 -0.614173 
vn 0.291339 0.322835 0.897638 
vn 0.149606 0.645669 0.748031 
vn -0.141732 -0.645669 -0.748031 
vn 0.141732 0.669291 0.732283 
vn 0.0944882 0.661417 0.740157 
vn -0.0944882 -0.661417 -0.740157 
vn 0.614173 -0.393701 0.685039 
vn 0.0314961 0.551181 0.834646 
vn -0.370079 0.574803 0.732283 
vn -0.102362 -0.661417 -0.740157 
vn 0.0629921 0.645669 0.76378 
vn -0.0708661 0.551181 0.834646 
vn 0.0866142 -0.645669 -0.755906 
vn -0.0866142 0.511811 0.858268 
vn 0.0314961 0.551181 0.834646 
vn -0.653543 0.661417 -0.362205 
vn -0.653543 0.661417 -0.362205 
vn 0.771654 -0.0393701 0.629921 
vn 0.417323 -0.637795 -0.653543 
vn -0.748031 -0.220472 -0.629921 
vn -0.0944882 0.661417 0.740157 
vn -0.0472441 -0.653543 -0.755906 
vn -0.23622 -0.716535 -0.653543 
vn -0.866142 0.385827 -0.322835 
vn -0.23622 -0.716535 -0.653543 
vn -0.866142 0.385827 -0.322835 
vn 0.0787402 0.559055 0.826772 
vn -0.0944882 -0.645669 -0.755906 
vn 0.15748 0.637795 0.748031 
vn 0.220472 0.629921 0.748031 
vn -0.212598 -0.629921 -0.748031 
vn -0.15748 -0.637795 -0.755906 
vn -0.393701 -0.748031 -0.535433 
vn 0.0629921 0.574803 0.811024 
vn 0.0629921 0.574803 0.811024 
vn 0.0314961 0.637795 0.76378 
vn 0.015748 0.598425 0.80315 
vn 0.165354 0.637795 0.755906 
vn 0.905512 -0.110236 0.401575 
vn 0.00787402 0.622047 0.787402 
vn -0.0472441 -0.653543 -0.755906 
vn 0.771654 -0.535433 0.338583 
vn -0.133858 -0.653543 -0.748031 
vn -0.141732 -0.645669 -0.748031 
vn 0.338583 -0.700787 -0.629921 
vn 0.141732 0.637795 0.755906 
vn -0.133858 -0.637795 -0.755906 
vn 0.0314961 0.637795 0.76378 
vn 0.149606 0.645669 0.748031 
vn -0.188976 -0.653543 -0.732283 
vn 0.023622 0.645669 0.76378 
vn 0.00787402 0.622047 0.787402 
vn 0.771654 -0.535433 0.338583 
vn 0.944882 -0.023622 0.322835 
vn 0.015748 0.566929 0.826772 
vn 0 0.590551 0.811024 
vn -0.228346 -0.629921 -0.740157 
vn 0.0944882 0.645669 0.755906 
vn 0.23622 0.629921 0.740157 
vn 0.944882 -0.023622 0.322835 
vn 0.141732 0.653543 0.748031 
vn -0.92126 0.385827 -0.0944882 
vn 0.944882 -0.023622 0.322835 
vn 0 0.590551 0.811024 
vn -0.92126 0.385827 -0.0944882 
vn 0.212598 -0.858268 -0.472441 
vn -0.173228 -0.818898 -0.543307 
vn -0.15748 -0.850394 -0.503937 
vn 0.0314961 0.669291 0.740157 
vn 0.212598 -0.858268 -0.472441 
vn -0.149606 -0.629921 -0.76378 
vn -0.0866142 -0.645669 -0.76378 
vn -0.748031 -0.220472 -0.629921 
vn 0.141732 0.645669 0.755906 
vn -0.141732 -0.645669 -0.755906 
vn 0.15748 0.629921 0.755906 
vn 0.0866142 0.645669 0.76378 
vn 0.181102 0.629921 0.755906 
vn 0.23622 0.622047 0.748031 
vn 0.133858 0.637795 0.755906 
vn -0.181102 -0.629921 -0.755906 
vn -0.133858 -0.637795 -0.76378 
vn -0.228346 -0.622047 -0.748031 
vn 0.15748 0.645669 0.748031 
vn -0.15748 -0.645669 -0.748031 
vn -0.212598 -0.622047 -0.755906 
vn 0.212598 0.622047 0.755906 
vn -0.173228 -0.818898 -0.543307 
vn -0.393701 -0.748031 -0.535433 
vn -0.0944882 0.661417 0.740157 
vn 0.0708661 0.503937 0.858268 
vn 0.905512 -0.110236 0.401575 
vn 0.00787402 0.622047 0.787402 
vn -0.15748 -0.850394 -0.496063 
vn 0.0314961 0.669291 0.740157 
vn 0.125984 0.653543 0.748031 
vn -0.125984 -0.653543 -0.748031 

vt 0.167709 0.600784 
vt 0.176346 0.599472 
vt 0.160309 0.661499 
vt 0.160309 0.661499 
vt 0.176346 0.599472 
vt 0.167709 0.600784 
vt 0.178909 0.605118 
vt 0.178909 0.605118 
vt 0.18132 0.617264 
vt 0.18132 0.617264 
vt 0.167709 0.600784 
vt 0.176346 0.599472 
vt 0.160309 0.661499 
vt 0.954651 0.564926 
vt 0.948837 0.505371 
vt 0.944855 0.501404 
vt 0.154404 0.662979 
vt 0.169098 0.599487 
vt 0.165283 0.59491 
vt 0.926193 0.509232 
vt 0.944855 0.501404 
vt 0.954651 0.564926 
vt 0.926193 0.509232 
vt 0.948837 0.505371 
vt 0.952332 0.524261 
vt 0.952332 0.524261 
vt 0.160309 0.661499 
vt 0.176346 0.599472 
vt 0.167709 0.600784 
vt 0.178909 0.605118 
vt 0.178909 0.605118 
vt 0.147232 0.653671 
vt 0.18132 0.617264 
vt 0.18132 0.617264 
vt 0.184219 0.68222 
vt 0.184219 0.68222 
vt 0.147232 0.653671 
vt 0.147232 0.653671 
vt 0.147232 0.653671 
vt 0.968521 0.577957 
vt 0.184219 0.68222 
vt 0.184219 0.68222 
vt 0.181107 0.720047 
vt 0.181107 0.720047 
vt 0.160309 0.661499 
vt 0.178909 0.605118 
vt 0.176346 0.599472 
vt 0.162003 0.599762 
vt 0.171249 0.59584 
vt 0.156677 0.674362 
vt 0.156677 0.674362 
vt 0.171249 0.59584 
vt 0.162003 0.599762 
vt 0.176773 0.603912 
vt 0.176773 0.603912 
vt 0.180115 0.620056 
vt 0.180115 0.620056 
vt 0.176346 0.599472 
vt 0.178909 0.605118 
vt 0.160309 0.661499 
vt 0.167709 0.600784 
vt 0.147232 0.653671 
vt 0.167709 0.600784 
vt 0.147232 0.653671 
vt 0.18132 0.617264 
vt 0.18132 0.617264 
vt 0.141403 0.665283 
vt 0.153229 0.608063 
vt 0.161972 0.605362 
vt 0.152908 0.669022 
vt 0.152908 0.669022 
vt 0.161972 0.605362 
vt 0.153229 0.608063 
vt 0.168854 0.610626 
vt 0.168854 0.610626 
vt 0.173187 0.624237 
vt 0.173187 0.624237 
vt 0.177399 0.694824 
vt 0.141403 0.665283 
vt 0.184219 0.68222 
vt 0.184219 0.68222 
vt 0.177399 0.694824 
vt 0.140762 0.661377 
vt 0.140762 0.661377 
vt 0.181107 0.720047 
vt 0.160965 0.59906 
vt 0.170364 0.593674 
vt 0.172684 0.598434 
vt 0.155426 0.661331 
vt 0.155426 0.661331 
vt 0.172684 0.598434 
vt 0.170364 0.593674 
vt 0.160965 0.59906 
vt 0.165283 0.59491 
vt 0.154404 0.662979 
vt 0.169098 0.599487 
vt 0.170166 0.619141 
vt 0.170166 0.619141 
vt 0.14621 0.65654 
vt 0.165222 0.596802 
vt 0.165222 0.596802 
vt 0.14711 0.653732 
vt 0.171921 0.618072 
vt 0.171921 0.618072 
vt 0.14621 0.65654 
vt 0.14711 0.653732 
vt 0.172424 0.677872 
vt 0.171204 0.678375 
vt 0.171204 0.678375 
vt 0.172424 0.677872 
vt 0.176117 0.724564 
vt 0.176117 0.724564 
vt 0.152252 0.72197 
vt 0.141449 0.726334 
vt 0.181107 0.720047 
vt 0.181107 0.720047 
vt 0.141449 0.726334 
vt 0.152252 0.72197 
vt 0.927673 0.624695 
vt 0.925873 0.563644 
vt 0.925873 0.563644 
vt 0.968521 0.577957 
vt 0.181107 0.720047 
vt 0.133408 0.725372 
vt 0.133408 0.725372 
vt 0.181107 0.720047 
vt 0.974564 0.6185 
vt 0.927673 0.624695 
vt 0.963303 0.618164 
vt 0.963303 0.618164 
vt 0.133408 0.725372 
vt 0.133408 0.725372 
vt 0.974564 0.6185 
vt 0.156311 0.722122 
vt 0.133408 0.725372 
vt 0.156311 0.722122 
vt 0.132019 0.75029 
vt 0.132019 0.75029 
vt 0.156311 0.722122 
vt 0.156311 0.722122 
vt 0.133408 0.725372 
vt 0.181107 0.720047 
vt 0.156311 0.722122 
vt 0.156311 0.722122 
vt 0.178436 0.747452 
vt 0.152893 0.749969 
vt 0.135559 0.732819 
vt 0.178436 0.747452 
vt 0.135559 0.732819 
vt 0.152893 0.749969 
vt 0.156784 0.777756 
vt 0.156784 0.777756 
vt 0.150467 0.731934 
vt 0.150467 0.731934 
vt 0.172104 0.730408 
vt 0.172104 0.730408 
vt 0.172333 0.687225 
vt 0.919907 0.745987 
vt 0.891403 0.683746 
vt 0.883667 0.742294 
vt 0.891403 0.683746 
vt 0.919907 0.745987 
vt 0.883667 0.742294 
vt 0.18103 0.779953 
vt 0.18103 0.779953 
vt 0.158997 0.817993 
vt 0.158997 0.817993 
vt 0.149109 0.790024 
vt 0.149109 0.790024 
vt 0.172333 0.687225 
vt 0.883209 0.806702 
vt 0.91806 0.815643 
vt 0.883209 0.806702 
vt 0.91806 0.815643 
vt 0.857056 0.739029 
vt 0.857056 0.739029 
vt 0.264648 0.75087 
vt 0.257202 0.768646 
vt 0.256912 0.756378 
vt 0.919907 0.745987 
vt 0.891403 0.683746 
vt 0.918366 0.686584 
vt 0.891403 0.683746 
vt 0.919907 0.745987 
vt 0.918366 0.686584 
vt 0.260773 0.745819 
vt 0.859436 0.679993 
vt 0.859436 0.679993 
vt 0.257278 0.744507 
vt 0.267151 0.726105 
vt 0.857086 0.69342 
vt 0.903458 0.625229 
vt 0.896118 0.694138 
vt 0.903458 0.625229 
vt 0.857086 0.69342 
vt 0.896118 0.694138 
vt 0.807434 0.491867 
vt 0.815399 0.481705 
vt 0.815613 0.490906 
vt 0.25531 0.732819 
vt 0.770569 0.02774 
vt 0.705261 0.002792 
vt 0.708801 0.035187 
vt 0.705261 0.002792 
vt 0.770569 0.02774 
vt 0.708801 0.035187 
vt 0.717804 0.065018 
vt 0.78009 0.05603 
vt 0.717804 0.065018 
vt 0.78009 0.05603 
vt 0.862351 0.695572 
vt 0.88887 0.63089 
vt 0.894821 0.692825 
vt 0.810776 0.474899 
vt 0.797867 0.480514 
vt 0.88887 0.63089 
vt 0.862351 0.695572 
vt 0.894821 0.692825 
vt 0.269974 0.708923 
vt 0.263733 0.713654 
vt 0.397308 0.686005 
vt 0.403809 0.668137 
vt 0.408997 0.673752 
vt 0.156784 0.777756 
vt 0.156784 0.777756 
vt 0.156784 0.777756 
vt 0.156784 0.777756 
vt 0.18103 0.779953 
vt 0.18103 0.779953 
vt 0.963211 0.676575 
vt 0.963211 0.676575 
vt 0.18103 0.779953 
vt 0.18103 0.779953 
vt 0.185135 0.821747 
vt 0.185135 0.821747 
vt 0.172379 0.793137 
vt 0.172379 0.793137 
vt 0.261246 0.772354 
vt 0.26738 0.772125 
vt 0.918366 0.686584 
vt 0.918366 0.686584 
vt 0.899674 0.613098 
vt 0.899674 0.613098 
vt 0.26532 0.794632 
vt 0.262619 0.787292 
vt 0.265274 0.778397 
vt 0.383286 0.716827 
vt 0.406921 0.697464 
vt 0.395065 0.718079 
vt 0.899674 0.613098 
vt 0.859436 0.679993 
vt 0.859436 0.679993 
vt 0.899674 0.613098 
vt 0.923416 0.694504 
vt 0.814285 0.500915 
vt 0.808273 0.505279 
vt 0.277908 0.667923 
vt 0.299652 0.692627 
vt 0.271988 0.696625 
vt 0.872559 0.626205 
vt 0.872559 0.626205 
vt 0.923416 0.694504 
vt 0.406937 0.708633 
vt 0.297348 0.715851 
vt 0.406937 0.708633 
vt 0.396988 0.699036 
vt 0.412476 0.700043 
vt 0.418015 0.680908 
vt 0.396988 0.699036 
vt 0.412888 0.673691 
vt 0.385574 0.6521 
vt 0.399841 0.66806 
vt 0.383652 0.659347 
vt 0.410034 0.637695 
vt 0.385178 0.646698 
vt 0.387711 0.640442 
vt 0.919815 0.684692 
vt 0.917389 0.622055 
vt 0.80574 0.473297 
vt 0.385574 0.6521 
vt 0.991058 0.663116 
vt 0.961762 0.726761 
vt 0.991913 0.728867 
vt 0.961762 0.726761 
vt 0.991058 0.663116 
vt 0.991913 0.728867 
vt 0.807327 0.460297 
vt 0.80574 0.473297 
vt 0.797867 0.480514 
vt 0.803742 0.452347 
vt 0.807327 0.460297 
vt 0.919815 0.684692 
vt 0.917389 0.622055 
vt 0.295013 0.617752 
vt 0.315353 0.63063 
vt 0.296906 0.623978 
vt 0.315353 0.63063 
vt 0.295013 0.617752 
vt 0.297195 0.60112 
vt 0.883209 0.806702 
vt 0.902603 0.863205 
vt 0.909302 0.85498 
vt 0.902603 0.863205 
vt 0.886734 0.855484 
vt 0.883209 0.806702 
vt 0.886734 0.855484 
vt 0.87294 0.838501 
vt 0.87294 0.838501 
vt 0.910004 0.859268 
vt 0.903793 0.86322 
vt 0.885864 0.812881 
vt 0.885864 0.812881 
vt 0.903793 0.86322 
vt 0.910004 0.859268 
vt 0.860397 0.798584 
vt 0.902603 0.863205 
vt 0.886734 0.855484 
vt 0.886734 0.855484 
vt 0.902603 0.863205 
vt 0.87294 0.838501 
vt 0.87294 0.838501 
vt 0.909302 0.85498 
vt 0.860397 0.798584 
vt 0.921097 0.821518 
vt 0.851273 0.752441 
vt 0.85376 0.810593 
vt 0.661301 0.072723 
vt 0.59317 0.03952 
vt 0.599487 0.074066 
vt 0.59317 0.03952 
vt 0.661301 0.072723 
vt 0.599487 0.074066 
vt 0.878342 0.858444 
vt 0.878342 0.858444 
vt 0.860855 0.838715 
vt 0.851273 0.752441 
vt 0.85376 0.810593 
vt 0.652542 0.00654602 
vt 0.588471 0.009781 
vt 0.652542 0.00654602 
vt 0.588471 0.009781 
vt 0.652588 0.037338 
vt 0.921097 0.821518 
vt 0.896347 0.808517 
vt 0.864426 0.748657 
vt 0.866516 0.8125 
vt 0.864426 0.748657 
vt 0.896347 0.808517 
vt 0.866516 0.8125 
vt 0.860855 0.838715 
vt 0.547821 0.037659 
vt 0.54837 0.024033 
vt 0.556793 0.063065 
vt 0.552399 0.049545 
vt 0.568222 0.070267 
vt 0.54837 0.024033 
vt 0.547821 0.037659 
vt 0.552399 0.049545 
vt 0.556793 0.063065 
vt 0.568222 0.070267 
vt 0.565537 0.014069 
vt 0.565537 0.014069 
vt 0.893402 0.853805 
vt 0.879776 0.852936 
vt 0.90538 0.849518 
vt 0.916672 0.841309 
vt 0.916672 0.841309 
vt 0.90538 0.849518 
vt 0.879776 0.852936 
vt 0.893402 0.853805 
vt 0.921539 0.827835 
vt 0.870239 0.835541 
vt 0.870239 0.835541 
vt 0.921539 0.827835 
vt 0.860397 0.798584 
vt 0.909302 0.85498 
vt 0.909302 0.85498 
vt 0.860397 0.798584 
vt 0.883667 0.742294 
vt 0.883667 0.742294 
vt 0.857056 0.739029 
vt 0.857056 0.739029 
vt 0.927307 0.752533 
vt 0.891815 0.751083 
vt 0.264542 0.689941 
vt 0.246277 0.692276 
vt 0.927307 0.752533 
vt 0.891815 0.751083 
vt 0.258041 0.720917 
vt 0.265122 0.706894 
vt 0.263123 0.699066 
vt 0.264542 0.689941 
vt 0.271988 0.696625 
vt 0.263123 0.699066 
vt 0.399338 0.668915 
vt 0.238327 0.688415 
vt 0.91806 0.815643 
vt 0.91806 0.815643 
vt 0.652588 0.037338 
vt 0.895615 0.749054 
vt 0.895615 0.749054 
vt 0.925583 0.796951 
vt 0.929215 0.742905 
vt 0.925583 0.796951 
vt 0.957504 0.542602 
vt 0.922867 0.606338 
vt 0.927368 0.535217 
vt 0.922867 0.606338 
vt 0.957504 0.542602 
vt 0.927368 0.535217 
vt 0.940033 0.50708 
vt 0.940033 0.50708 
vt 0.986389 0.510422 
vt 0.989243 0.543701 
vt 0.929215 0.742905 
vt 0.96048 0.603882 
vt 0.96048 0.603882 
vt 0.988449 0.608093 
vt 0.988449 0.608093 
vt 0.989243 0.543701 
vt 0.928406 0.607727 
vt 0.957504 0.542602 
vt 0.931793 0.537567 
vt 0.988449 0.608093 
vt 0.96048 0.603882 
vt 0.957504 0.542602 
vt 0.928406 0.607727 
vt 0.931793 0.537567 
vt 0.988449 0.608093 
vt 0.989243 0.543701 
vt 0.989243 0.543701 
vt 0.96048 0.603882 
vt 0.963196 0.661865 
vt 0.641449 0.006226 
vt 0.704712 0.036026 
vt 0.703308 0.00238001 
vt 0.704712 0.036026 
vt 0.641449 0.006226 
vt 0.703308 0.00238001 
vt 0.963196 0.661865 
vt 0.986389 0.510422 
vt 0.950729 0.499542 
vt 0.962601 0.50032 
vt 0.962601 0.50032 
vt 0.950729 0.499542 
vt 0.976532 0.501556 
vt 0.981628 0.506134 
vt 0.976532 0.501556 
vt 0.940033 0.50708 
vt 0.950729 0.499542 
vt 0.950729 0.499542 
vt 0.940033 0.50708 
vt 0.981628 0.506134 
vt 0.962601 0.50032 
vt 0.962601 0.50032 
vt 0.976532 0.501556 
vt 0.976532 0.501556 
vt 0.585541 0.010467 
vt 0.589203 0.038376 
vt 0.558746 0.017319 
vt 0.558746 0.017319 
vt 0.548431 0.029205 
vt 0.589203 0.038376 
vt 0.548431 0.029205 
vt 0.585541 0.010467 
vt 0.986389 0.510422 
vt 0.986389 0.510422 
vt 0.396851 0.674728 
vt 0.397308 0.686005 
vt 0.404358 0.686661 
vt 0.398682 0.683502 
vt 0.398682 0.683502 
vt 0.264465 0.660416 
vt 0.257523 0.660141 
vt 0.26149 0.655243 
vt 0.285095 0.644058 
vt 0.399841 0.66806 
vt 0.416168 0.684647 
vt 0.279984 0.661011 
vt 0.301132 0.665955 
vt 0.42186 0.681412 
vt 0.426498 0.678024 
vt 0.416168 0.684647 
vt 0.42186 0.681412 
vt 0.932419 0.660065 
vt 0.963196 0.661865 
vt 0.963196 0.661865 
vt 0.268829 0.634445 
vt 0.284042 0.630875 
vt 0.932419 0.660065 
vt 0.961762 0.726761 
vt 0.961762 0.726761 
vt 0.932419 0.660065 
vt 0.304291 0.648849 
vt 0.433411 0.653854 
vt 0.410034 0.637695 
vt 0.431824 0.639297 
vt 0.430008 0.668091 
vt 0.426498 0.678024 
vt 0.406784 0.651535 
vt 0.932419 0.660065 
vt 0.268829 0.634445 
vt 0.285095 0.644058 
vt 0.261963 0.642166 
vt 0.240753 0.670883 
vt 0.237488 0.681168 
vt 0.247467 0.663696 
vt 0.991058 0.663116 
vt 0.991058 0.663116 
vt 0.26149 0.655243 
vt 0.136734 0.724609 
vt 0.136734 0.724609 
vt 0.156311 0.722122 
vt 0.156311 0.722122 
vt 0.150009 0.785355 
vt 0.156784 0.777756 
vt 0.156784 0.777756 
vt 0.150009 0.785355 
vt 0.138748 0.783112 
vt 0.138748 0.783112 
vt 0.140564 0.781387 
vt 0.140564 0.781387 
vt 0.156189 0.845703 
vt 0.156189 0.845703 
vt 0.18103 0.779953 
vt 0.18103 0.779953 
vt 0.157227 0.846893 
vt 0.157227 0.846893 
vt 0.143387 0.844513 
vt 0.18074 0.844574 
vt 0.953903 0.731171 
vt 0.93779 0.675476 
vt 0.93602 0.731964 
vt 0.18074 0.844574 
vt 0.93779 0.675476 
vt 0.953903 0.731171 
vt 0.93602 0.731964 
vt 0.174423 0.78566 
vt 0.174423 0.78566 
vt 0.133957 0.781052 
vt 0.157227 0.846893 
vt 0.157227 0.846893 
vt 0.133957 0.781052 
vt 0.977585 0.67456 
vt 0.977585 0.67456 
vt 0.139938 0.844757 
vt 0.139938 0.844757 
vt 0.177506 0.84819 
vt 0.157227 0.846893 
vt 0.133957 0.781052 
vt 0.139938 0.844757 
vt 0.177506 0.84819 
vt 0.398117 0.713852 
vt 0.405548 0.688629 
vt 0.401184 0.709061 
vt 0.301987 0.824387 
vt 0.318085 0.823013 
vt 0.305405 0.831451 
vt 0.395996 0.712158 
vt 0.177445 0.902527 
vt 0.18074 0.844574 
vt 0.307251 0.815994 
vt 0.405548 0.688629 
vt 0.396835 0.702881 
vt 0.401184 0.709061 
vt 0.393951 0.696594 
vt 0.177445 0.902527 
vt 0.18074 0.844574 
vt 0.144043 0.845322 
vt 0.144043 0.845322 
vt 0.416184 0.683701 
vt 0.405655 0.696121 
vt 0.415909 0.685333 
vt 0.143387 0.844513 
vt 0.751816 0.666382 
vt 0.751877 0.654236 
vt 0.754181 0.664932 
vt 0.405655 0.696121 
vt 0.411545 0.689072 
vt 0.410446 0.685959 
vt 0.405655 0.696121 
vt 0.416184 0.683701 
vt 0.415909 0.685333 
vt 0.161453 0.878647 
vt 0.161453 0.878647 
vt 0.396423 0.684067 
vt 0.403351 0.705505 
vt 0.393097 0.680572 
vt 0.155273 0.907837 
vt 0.327957 0.828155 
vt 0.322113 0.833633 
vt 0.325577 0.826416 
vt 0.155273 0.907837 
vt 0.410446 0.685959 
vt 0.411545 0.689072 
vt 0.405655 0.696121 
vt 0.415909 0.685333 
vt 0.409668 0.690842 
vt 0.409668 0.690842 
vt 0.415909 0.685333 
vt 0.179092 0.87355 
vt 0.411545 0.689072 
vt 0.409668 0.690842 
vt 0.409668 0.690842 
vt 0.411545 0.689072 
vt 0.179092 0.87355 
vt 0.405426 0.695343 
vt 0.350174 0.810913 
vt 0.149902 0.876724 
vt 0.149902 0.876724 
vt 0.405426 0.695343 
vt 0.393097 0.680572 
vt 0.405426 0.695343 
vt 0.404251 0.690857 
vt 0.925079 0.79541 
vt 0.314682 0.831833 
vt 0.316116 0.83934 
vt 0.314102 0.838654 
vt 0.387817 0.678772 
vt 0.387894 0.678772 
vt 0.155777 0.908127 
vt 0.312134 0.808182 
vt 0.157227 0.846893 
vt 0.155777 0.908127 
vt 0.139938 0.844757 
vt 0.393417 0.698929 
vt 0.387817 0.678772 
vt 0.925079 0.79541 
vt 0.387894 0.678772 
vt 0.389526 0.687256 
vt 0.155777 0.908127 
vt 0.155777 0.908127 
vt 0.406464 0.690948 
vt 0.962967 0.79042 
vt 0.974014 0.732666 
vt 0.179382 0.906677 
vt 0.179382 0.906677 
vt 0.962967 0.79042 
vt 0.974014 0.732666 
vt 0.133957 0.781052 
vt 0.157227 0.846893 
vt 0.139938 0.844757 
vt 0.157227 0.846893 
vt 0.133957 0.781052 
vt 0.139938 0.844757 
vt 0.406464 0.690948 
vt 0.389526 0.687256 
vt 0.749374 0.642517 
vt 0.763397 0.654404 
vt 0.76062 0.657532 
vt 0.339706 0.797348 
vt 0.408783 0.683685 
vt 0.406464 0.690948 
vt 0.408783 0.683685 
vt 0.751816 0.666382 
vt 0.751877 0.654236 
vt 0.756378 0.656647 
vt 0.763336 0.644546 
vt 0.165695 0.910416 
vt 0.165695 0.910416 
vt 0.949966 0.796356 
vt 0.39888 0.702606 
vt 0.416184 0.683701 
vt 0.39888 0.702606 
vt 0.405426 0.695343 
vt 0.416184 0.683701 
vt 0.736649 0.655258 
vt 0.403351 0.705505 
vt 0.404251 0.690857 
vt 0.949966 0.796356 
vt 0.165329 0.912445 
vt 0.165329 0.912445 
vt 0.178268 0.888046 
vt 0.163574 0.894531 
vt 0.178268 0.888046 
vt 0.758347 0.618668 
vt 0.177445 0.902527 
vt 0.39888 0.702606 
vt 0.404251 0.690857 
vt 0.152832 0.892425 
vt 0.165695 0.910416 
vt 0.163574 0.894531 
vt 0.177445 0.902527 
vt 0.408783 0.683685 
vt 0.411041 0.687393 
vt 0.416763 0.690674 
vt 0.393417 0.698929 
vt 0.177445 0.902527 
vt 0.165695 0.910416 
vt 0.403503 0.691833 
vt 0.412064 0.696136 
vt 0.393951 0.696594 
vt 0.177445 0.902527 
vt 0.165695 0.910416 
vt 0.337097 0.771164 
vt 0.416763 0.690674 
vt 0.403503 0.691833 
vt 0.771332 0.647232 
vt 0.776382 0.642044 
vt 0.776657 0.631821 
vt 0.761688 0.60115 
vt 0.412064 0.696136 
vt 0.397095 0.698807 
vt 0.765335 0.58165 
vt 0.742188 0.562881 
vt 0.768204 0.565979 
vt 0.735809 0.588028 
vt 0.711823 0.519226 
vt 0.747528 0.509293 
vt 0.74411 0.532761 
vt 0.723251 0.479813 
vt 0.715424 0.507324 
vt 0.155777 0.908127 
vt 0.152832 0.892425 
vt 0.155777 0.908127 
vt 0.165695 0.910416 
vt 0.713059 0.621216 
vt 0.383286 0.788544 
vt 0.362442 0.820312 
vt 0.375824 0.782715 
vt 0.410049 0.728775 
vt 0.692993 0.548965 
vt 0.723343 0.608841 
vt 0.421692 0.735992 
vt 0.684876 0.562134 
vt 0.675812 0.539917 
vt 0.677765 0.508972 
vt 0.667328 0.507294 
vt 0.700897 0.541687 
vt 0.706146 0.533081 
vt 0.403702 0.709824 
vt 0.422775 0.706177 
vt 0.435684 0.716629 
vt 0.449326 0.681351 
vt 0.434204 0.674622 
vt 0.421341 0.672409 
vt 0.367111 0.767227 
vt 0.33522 0.756134 
vt 0.364945 0.738098 
vt 0.396988 0.701874 
vt 0.359879 0.712509 
vt 0.359299 0.687546 
vt 0.390289 0.681686 
vt 0.392258 0.692017 
vt 0.387955 0.66951 
vt 0.386551 0.639969 
vt 0.307938 0.800293 
vt 0.133957 0.781052 
vt 0.136383 0.820908 
vt 0.18074 0.844574 
vt 0.18074 0.844574 
vt 0.136383 0.820908 
vt 0.164352 0.902359 
vt 0.164352 0.902359 
vt 0.281616 0.812241 
vt 0.302948 0.785034 
vt 0.284485 0.817322 
vt 0.190506 0.903595 
vt 0.190506 0.903595 
vt 0.282532 0.803879 
vt 0.131851 0.793167 
vt 0.131851 0.793167 
vt 0.273987 0.806534 
vt 0.271866 0.801224 
vt 0.295624 0.762665 
vt 0.276871 0.790909 
vt 0.38237 0.710297 
vt 0.395966 0.687271 
vt 0.391312 0.714752 
vt 0.397293 0.704864 
vt 0.389923 0.68988 
vt 0.393097 0.672424 
vt 0.396408 0.694595 
vt 0.389603 0.673248 
vt 0.395325 0.672653 
vt 0.144257 0.862488 
vt 0.144257 0.862488 
vt 0.3862 0.687241 
vt 0.376144 0.684189 
vt 0.296372 0.734467 
vt 0.372421 0.696213 
vt 0.372421 0.696213 
vt 0.406921 0.697464 
vt 0.379883 0.709778 
vt 0.379883 0.709778 
vt 0.406921 0.697464 
vt 0.383286 0.716827 
vt 0.390991 0.694397 
vt 0.395966 0.687271 
vt 0.3862 0.687241 
vt 0.165604 0.863495 
vt 0.390991 0.694397 
vt 0.165604 0.863495 
vt 0.293655 0.825745 
vt 0.298157 0.825134 
vt 0.395004 0.695755 
vt 0.394257 0.695099 
vt 0.301636 0.83139 
vt 0.301178 0.828217 
vt 0.393585 0.696869 
vt 0.393585 0.696869 
vt 0.148865 0.897675 
vt 0.405823 0.70314 
vt 0.403305 0.707779 
vt 0.780808 0.631943 
vt 0.784515 0.627991 
vt 0.784576 0.619293 
vt 0.396408 0.694595 
vt 0.399628 0.707901 
vt 0.7892 0.61943 
vt 0.397095 0.698807 
vt 0.394257 0.695099 
vt 0.148865 0.897675 
vt 0.403305 0.707779 
vt 0.401459 0.682587 
vt 0.406677 0.668838 
vt 0.403915 0.666397 
vt 0.2957 0.809891 
vt 0.292084 0.823502 
vt 0.18074 0.844574 
vt 0.18074 0.844574 
vt 0.406677 0.668838 
vt 0.392578 0.695389 
vt 0.390244 0.686417 
vt 0.393845 0.68132 
vt 0.793579 0.616669 
vt 0.795776 0.606491 
vt 0.389923 0.68988 
vt 0.923142 0.621002 
vt 0.923142 0.621002 
vt 0.131073 0.859085 
vt 0.131073 0.859085 
vt 0.395508 0.701446 
vt 0.395508 0.701446 
vt 0.392578 0.695389 
vt 0.871384 0.611328 
vt 0.871384 0.611328 
vt 0.871384 0.611328 
vt 0.871384 0.611328 
vt 0.402329 0.709549 
vt 0.396011 0.712891 
vt 0.415299 0.689697 
vt 0.411896 0.695465 
vt 0.40622 0.704163 
vt 0.806854 0.56015 
vt 0.773209 0.542572 
vt 0.809464 0.547333 
vt 0.402329 0.709549 
vt 0.92775 0.630798 
vt 0.92775 0.630798 
vt 0.396011 0.712891 
vt 0.386826 0.707642 
vt 0.386826 0.707642 
vt 0.386246 0.695541 
vt 0.383194 0.684006 
vt 0.805786 0.516739 
vt 0.78096 0.504105 
vt 0.806564 0.509308 
vt 0.383194 0.684006 
vt 0.384277 0.668625 
vt 0.802353 0.526794 
vt 0.808304 0.539841 
vt 0.80748 0.5345 
vt 0.775391 0.531753 
vt 0.757767 0.480148 
vt 0.395645 0.633148 
vt 0.407272 0.6268 
vt 0.415405 0.6884 
vt 0.418015 0.680908 
vt 0.766693 0.00184602 
vt 0.766693 0.00184602 
vt 0.404358 0.686661 
vt 0.938187 0.721054 
vt 0.862885 0.63414 
vt 0.862885 0.63414 
vt 0.384277 0.668625 
vt 0.383652 0.659347 
vt 0.938187 0.721054 
vt 0.387711 0.640442 
vt 0.938187 0.721054 
vt 0.403702 0.615356 
vt 0.395081 0.625412 
vt 0.420227 0.621887 
vt 0.419632 0.610687 
vt 0.406784 0.651535 
vt 0.415405 0.634598 
vt 0.431824 0.639297 
vt 0.415405 0.634598 
vt 0.938187 0.721054 
vt 0.795151 0.597061 
vt 0.800171 0.594223 
vt 0.399674 0.681686 
vt 0.804901 0.583572 
vt 0.332474 0.733993 
vt 0.331177 0.719315 
vt 0.329773 0.701675 
vt 0.328857 0.688888 
vt 0.358826 0.666809 
vt 0.351578 0.637878 
vt 0.326874 0.663437 
vt 0.805954 0.575256 
vt 0.805893 0.575012 
vt 0.804031 0.566025 
vt 0.405182 0.679474 
vt 0.412552 0.683243 
vt 0.415299 0.689697 
vt 0.923142 0.621002 
vt 0.923142 0.621002 
vt 0.337753 0.60849 
vt 0.548721 0.044449 
vt 0.862106 0.6483 
vt 0.845902 0.590454 
vt 0.869171 0.615341 
vt 0.835388 0.588882 
vt 0.851578 0.646728 
vt 0.858658 0.613754 
vt 0.85669 0.589127 
vt 0.801697 0.641952 
vt 0.813675 0.597031 
vt 0.857071 0.375458 
vt 0.868698 0.450104 
vt 0.843353 0.419327 
vt 0.594238 0.016617 
vt 0.622528 0.042587 
vt 0.623108 0.011719 
vt 0.925934 0.406158 
vt 0.868698 0.450104 
vt 0.884232 0.408798 
vt 0.959137 0.548431 
vt 0.993561 0.613205 
vt 0.962982 0.603836 
vt 0.844101 0.644241 
vt 0.857071 0.375458 
vt 0.868698 0.450104 
vt 0.843353 0.419327 
vt 0.879746 0.44957 
vt 0.868118 0.374939 
vt 0.854401 0.418808 
vt 0.884232 0.408798 
vt 0.793594 0.631744 
vt 0.804474 0.588913 
vt 0.622528 0.042587 
vt 0.594238 0.016617 
vt 0.623108 0.011719 
vt 0.804108 0.633316 
vt 0.814987 0.590485 
vt 0.857071 0.375458 
vt 0.924988 0.405212 
vt 0.858826 0.451187 
vt 0.879654 0.394165 
vt 0.865799 0.631302 
vt 0.811005 0.679581 
vt 0.824997 0.623795 
vt 0.811005 0.679581 
vt 0.865799 0.631302 
vt 0.824997 0.623795 
vt 0.868698 0.450104 
vt 0.857071 0.375458 
vt 0.884232 0.408798 
vt 0.925934 0.406158 
vt 0.852524 0.369247 
vt 0.851013 0.654221 
vt 0.834091 0.575943 
vt 0.814957 0.635895 
vt 0.927658 0.61058 
vt 0.889298 0.174362 
vt 0.882034 0.190933 
vt 0.881302 0.161606 
vt 0.340195 0.346283 
vt 0.318848 0.355194 
vt 0.334763 0.342926 
vt 0.896362 0.158234 
vt 0.3452 0.352936 
vt 0.318848 0.355194 
vt 0.340195 0.346283 
vt 0.798386 0.62735 
vt 0.798386 0.62735 
vt 0.936966 0.405624 
vt 0.916702 0.45343 
vt 0.871307 0.591461 
vt 0.860794 0.589874 
vt 0.905655 0.453949 
vt 0.829804 0.466751 
vt 0.579254 0.027176 
vt 0.579285 0.017685 
vt 0.607498 0.039902 
vt 0.605515 0.010376 
vt 0.818756 0.467285 
vt 0.607498 0.039902 
vt 0.579285 0.017685 
vt 0.605515 0.010376 
vt 0.619202 0.064392 
vt 0.582687 0.060394 
vt 0.925934 0.406158 
vt 0.905655 0.453949 
vt 0.873138 0.661743 
vt 0.885727 0.60672 
vt 0.57045 0.072037 
vt 0.557449 0.061142 
vt 0.57045 0.072037 
vt 0.557449 0.061142 
vt 0.582687 0.060394 
vt 0.619202 0.064392 
vt 0.994476 0.559433 
vt 0.900681 0.465439 
vt 0.83609 0.577957 
vt 0.83609 0.577957 
vt 0.857071 0.375458 
vt 0.868698 0.450104 
vt 0.843353 0.419327 
vt 0.86821 0.588272 
vt 0.843353 0.419327 
vt 0.843353 0.419327 
vt 0.922806 0.553131 
vt 0.884232 0.408798 
vt 0.77771 0.638123 
vt 0.925934 0.406158 
vt 0.193512 0.316284 
vt 0.223602 0.339905 
vt 0.187241 0.322647 
vt 0.908371 0.348907 
vt 0.90712 0.329834 
vt 0.35585 0.371628 
vt 0.331665 0.381088 
vt 0.351395 0.369858 
vt 0.908371 0.348907 
vt 0.7966 0.706039 
vt 0.882431 0.20723 
vt 0.854889 0.235474 
vt 0.331665 0.381088 
vt 0.318771 0.405991 
vt 0.314255 0.395752 
vt 0.877914 0.218826 
vt 0.313705 0.391663 
vt 0.358734 0.377365 
vt 0.963532 0.666748 
vt 0.216507 0.384598 
vt 0.196838 0.402237 
vt 0.19606 0.391525 
vt 0.313705 0.391663 
vt 0.308609 0.383423 
vt 0.305176 0.371857 
vt 0.30127 0.353073 
vt 0.857239 0.18013 
vt 0.351944 0.367798 
vt 0.785767 0.677566 
vt 0.347458 0.358993 
vt 0.347763 0.364059 
vt 0.834915 0.709152 
vt 0.30127 0.353073 
vt 0.874313 0.327011 
vt 0.207031 0.314041 
vt 0.222855 0.312103 
vt 0.785767 0.677566 
vt 0.890076 0.408798 
vt 0.901108 0.408279 
vt 0.830704 0.63298 
vt 0.820175 0.631409 
vt 0.600464 0.077637 
vt 0.600464 0.077637 
vt 0.925934 0.406158 
vt 0.905655 0.453949 
vt 0.658875 0.00720203 
vt 0.658875 0.00720203 
vt 0.659439 0.056519 
vt 0.60553 0.059082 
vt 0.659439 0.056519 
vt 0.60553 0.059082 
vt 0.192368 0.34378 
vt 0.186768 0.333191 
vt 0.196228 0.383163 
vt 0.216507 0.384598 
vt 0.19606 0.391525 
vt 0.192566 0.375183 
vt 0.196228 0.383163 
vt 0.192749 0.353485 
vt 0.19664 0.34993 
vt 0.190811 0.360184 
vt 0.326279 0.343292 
vt 0.925858 0.132767 
vt 0.880295 0.089004 
vt 0.922302 0.105301 
vt 0.895721 0.045212 
vt 0.919098 0.064407 
vt 0.889725 0.043884 
vt 0.273377 0.295166 
vt 0.282944 0.275955 
vt 0.291138 0.289429 
vt 0.280502 0.271225 
vt 0.289978 0.265472 
vt 0.282944 0.275955 
vt 0.267471 0.285995 
vt 0.280502 0.271225 
vt 0.277466 0.315567 
vt 0.297318 0.305847 
vt 0.307587 0.330505 
vt 0.291138 0.289429 
vt 0.302597 0.293579 
vt 0.869095 0.054993 
vt 0.811005 0.679581 
vt 0.865799 0.631302 
vt 0.853317 0.684357 
vt 0.914963 0.33255 
vt 0.858002 0.377762 
vt 0.898407 0.387161 
vt 0.858002 0.377762 
vt 0.914963 0.33255 
vt 0.898407 0.387161 
vt 0.298325 0.282638 
vt 0.865799 0.631302 
vt 0.811005 0.679581 
vt 0.853317 0.684357 
vt 0.271683 0.273239 
vt 0.268616 0.269974 
vt 0.895721 0.045212 
vt 0.889725 0.043884 
vt 0.897705 0.039597 
vt 0.289978 0.265472 
vt 0.280212 0.262695 
vt 0.273453 0.258545 
vt 0.267075 0.258331 
vt 0.268616 0.269974 
vt 0.259201 0.256332 
vt 0.280212 0.262695 
vt 0.798386 0.62735 
vt 0.811005 0.679581 
vt 0.785767 0.677566 
vt 0.205521 0.184921 
vt 0.224106 0.205704 
vt 0.196594 0.184906 
vt 0.824997 0.623795 
vt 0.195908 0.198196 
vt 0.195053 0.205963 
vt 0.865799 0.631302 
vt 0.220215 0.226334 
vt 0.183014 0.213425 
vt 0.307587 0.330505 
vt 0.288239 0.329056 
vt 0.277466 0.315567 
vt 0.301056 0.286636 
vt 0.798386 0.62735 
vt 0.824997 0.623795 
vt 0.273651 0.306503 
vt 0.297058 0.276794 
vt 0.296127 0.275391 
vt 0.798386 0.62735 
vt 0.824997 0.623795 
vt 0.305557 0.302887 
vt 0.297318 0.305847 
vt 0.304825 0.299286 
vt 0.302597 0.293579 
vt 0.188019 0.247787 
vt 0.188294 0.238113 
vt 0.217407 0.241302 
vt 0.188126 0.25766 
vt 0.196594 0.26944 
vt 0.190109 0.262817 
vt 0.183533 0.229385 
vt 0.186066 0.224243 
vt 0.181961 0.218094 
vt 0.83609 0.577957 
vt 0.812042 0.591064 
vt 0.166901 0.184906 
vt 0.259201 0.256332 
vt 0.267075 0.258331 
vt 0.921219 0.046905 
vt 0.180252 0.194046 
vt 0.195053 0.205963 
vt 0.186539 0.20137 
vt 0.180252 0.194046 
vt 0.293808 0.272522 
vt 0.293106 0.269485 
vt 0.307159 0.309479 
vt 0.296372 0.341888 
vt 0.913971 0.147369 
vt 0.879395 0.133499 
vt 0.853317 0.684357 
vt 0.811005 0.679581 
vt 0.798386 0.62735 
vt 0.785767 0.677566 
vt 0.853317 0.684357 
vt 0.324982 0.339157 
vt 0.324982 0.339157 
vt 0.322937 0.333755 
vt 0.857285 0.135467 
vt 0.315277 0.325272 
vt 0.202866 0.307465 
vt 0.210434 0.291687 
vt 0.837799 0.076797 
vt 0.228607 0.184998 
vt 0.811005 0.679581 
vt 0.865799 0.631302 
vt 0.853317 0.684357 
vt 0.865799 0.631302 
vt 0.853317 0.684357 
vt 0.802506 0.095093 
vt 0.276306 0.223007 
vt 0.254425 0.260574 
vt 0.222107 0.284302 
vt 0.219482 0.260391 
vt 0.798386 0.62735 
vt 0.785767 0.677566 
vt 0.824997 0.623795 
vt 0.824997 0.623795 
vt 0.929596 0.389557 
vt 0.929596 0.389557 
vt 0.310913 0.316925 
vt 0.949829 0.344116 
vt 0.204849 0.285736 
vt 0.197586 0.276062 
vt 0.200424 0.298035 
vt 0.949829 0.344116 
vt 0.785767 0.677566 
vt 0.785767 0.677566 
vt 0.877838 0.328827 
vt 0.310913 0.316925 
vt 0.877838 0.328827 
vt 0.853317 0.684357 
vt 0.921646 0.065948 
vt 0.832687 0.541489 
vt 0.82547 0.546997 
vt 0.82106 0.442627 
vt 0.821304 0.452835 
vt 0.921921 0.524795 
vt 0.925034 0.514847 
vt 0.855255 0.539429 
vt 0.826111 0.489166 
vt 0.818405 0.469925 
vt 0.817932 0.471146 
vt 0.936783 0.507553 
vt 0.97049 0.51178 
vt 0.984314 0.531021 
vt 0.82106 0.442627 
vt 0.821304 0.452835 
vt 0.819855 0.556381 
vt 0.887024 0.478882 
vt 0.905655 0.453949 
vt 0.830185 0.425476 
vt 0.828217 0.460266 
vt 0.862 0.50238 
vt 0.874985 0.498642 
vt 0.82106 0.442627 
vt 0.821304 0.452835 
vt 0.884338 0.49144 
vt 0.872284 0.558273 
vt 0.870056 0.549042 
vt 0.818787 0.470612 
vt 0.82106 0.442627 
vt 0.823456 0.452194 
vt 0.83371 0.549866 
vt 0.812042 0.591064 
vt 0.887024 0.478882 
vt 0.905655 0.453949 
vt 0.793991 0.576904 
vt 0.814453 0.547134 
vt 0.876572 0.552765 
vt 0.868195 0.545135 
vt 0.826111 0.489166 
vt 0.949539 0.505554 
vt 0.830841 0.48793 
vt 0.860596 0.492599 
vt 0.961746 0.507034 
vt 0.841309 0.501099 
vt 0.837723 0.496368 
vt 0.841309 0.501099 
vt 0.841309 0.501099 
vt 0.860596 0.492599 
vt 0.887024 0.478882 
vt 0.860596 0.492599 
vt 0.826111 0.489166 
vt 0.85788 0.528625 
vt 0.846314 0.525055 
vt 0.826111 0.489166 
vt 0.818115 0.471664 
vt 0.865524 0.537003 
vt 0.841309 0.501099 
vt 0.860596 0.492599 
vt 0.833679 0.52684 
vt 0.849503 0.502274 
vt 0.849152 0.555084 
vt 0.840408 0.55246 
vt 0.57222 0.053635 
vt 0.572174 0.041611 
vt 0.579254 0.027176 
vt 0.572174 0.041611 
vt 0.898056 0.478348 
vt 0.57222 0.053635 
vt 0.887024 0.478882 
vt 0.548721 0.044449 
vt 0.575562 0.056885 
vt 0.575562 0.056885 
vt 0.824097 0.571594 
vt 0.812042 0.591064 
vt 0.872528 0.581619 
vt 0.868851 0.571732 
vt 0.858337 0.57016 
vt 0.862015 0.580032 
vt 0.813568 0.570007 
vt 0.567734 0.028305 
vt 0.860596 0.492599 
vt 0.871643 0.492081 
vt 0.826111 0.489166 
vt 0.837158 0.488632 
vt 0.852356 0.50058 
vt 0.841309 0.501099 
vt 0.561966 0.041901 
vt 0.563278 0.051575 
vt 0.567734 0.028305 
vt 0.563278 0.051575 
vt 0.561966 0.041901 
vt 0.832657 0.552948 
vt 0.850922 0.554031 
vt 0.859665 0.556656 
vt 0.84317 0.55452 
vt 0.887024 0.478882 
vt 0.884644 0.571075 
vt 0.83371 0.549866 
vt 0.94484 0.067383 
vt 0.956375 0.070847 
vt 0.94484 0.08992 
vt 0.268112 0.311447 
vt 0.268555 0.305206 
vt 0.83609 0.577957 
vt 0.873428 0.560883 
vt 0.872177 0.590103 
vt 0.812042 0.591064 
vt 0.83609 0.577957 
vt 0.83371 0.549866 
vt 0.866364 0.520508 
vt 0.849075 0.531097 
vt 0.83609 0.577957 
vt 0.849075 0.531097 
vt 0.83371 0.549866 
vt 0.83371 0.549866 
vt 0.812042 0.591064 
vt 0.277359 0.307785 
vt 0.939423 0.097488 
vt 0.94484 0.067383 
vt 0.94484 0.08992 
vt 0.885193 0.432434 
vt 0.820801 0.455322 
vt 0.827866 0.42923 
vt 0.827866 0.42923 
vt 0.820801 0.455322 
vt 0.885193 0.432434 
vt 0.913254 0.435852 
vt 0.891068 0.473358 
vt 0.874634 0.527878 
vt 0.873428 0.560883 
vt 0.873428 0.560883 
vt 0.874634 0.527878 
vt 0.872177 0.590103 
vt 0.873428 0.560883 
vt 0.83371 0.549866 
vt 0.786667 0.798309 
vt 0.780853 0.765182 
vt 0.791 0.762695 
vt 0.789749 0.764374 
vt 0.795578 0.797501 
vt 0.799896 0.761887 
vt 0.820313 0.777023 
vt 0.835648 0.764801 
vt 0.849075 0.531097 
vt 0.826752 0.76561 
vt 0.811401 0.777832 
vt 0.798904 0.800049 
vt 0.784485 0.800003 
vt 0.793381 0.799194 
vt 0.790009 0.800857 
vt 0.873428 0.560883 
vt 0.872177 0.590103 
vt 0.849075 0.531097 
vt 0.866364 0.520508 
vt 0.849075 0.531097 
vt 0.866364 0.520508 
vt 0.83609 0.577957 
vt 0.866364 0.520508 
vt 0.874634 0.527878 
vt 0.874634 0.527878 
vt 0.871445 0.489777 
vt 0.834763 0.499786 
vt 0.834763 0.499786 
vt 0.871445 0.489777 
vt 0.8237 0.488754 
vt 0.83371 0.549866 
vt 0.873428 0.560883 
vt 0.873428 0.560883 
vt 0.891068 0.473358 
vt 0.8237 0.488754 
vt 0.866364 0.520508 
vt 0.849075 0.531097 
vt 0.874634 0.527878 
vt 0.866364 0.520508 
vt 0.849075 0.531097 
vt 0.866364 0.520508 
vt 0.874634 0.527878 
vt 0.874634 0.527878 
vt 0.950195 0.100601 
vt 0.94397 0.109955 
vt 0.945099 0.099304 
vt 0.272842 0.30957 
vt 0.275497 0.307449 
vt 0.812042 0.591064 
vt 0.872177 0.590103 
vt 0.271027 0.31073 
vt 0.872177 0.590103 
vt 0.872177 0.590103 
vt 0.812042 0.591064 
vt 0.277359 0.307785 
vt 0.257233 0.259888 
vt 0.165802 0.190201 
vt 0.268555 0.305206 
vt 0.18602 0.241516 
vt 0.262589 0.294525 
vt 0.872177 0.590103 
vt 0.913254 0.435852 
vt 0.272842 0.30957 
vt 0.93988 0.04953 
vt 0.273651 0.306503 
vt 0.683823 0.00529498 
vt 0.416489 0.578003 
vt 0.391937 0.575226 
vt 0.416184 0.569641 
vt 0.412903 0.545837 
vt 0.388321 0.541367 
vt 0.279709 0.588211 
vt 0.284271 0.595306 
vt 0.412201 0.56131 
vt 0.802765 0.423874 
vt 0.77832 0.401352 
vt 0.820969 0.413071 
vt 0.76767 0.029297 
vt 0.711624 0.068008 
vt 0.774521 0.057602 
vt 0.711624 0.068008 
vt 0.76767 0.029297 
vt 0.774521 0.057602 
vt 0.391937 0.575226 
vt 0.381256 0.573837 
vt 0.375275 0.562515 
vt 0.800034 0.027527 
vt 0.746689 0.055832 
vt 0.798492 0.051346 
vt 0.746689 0.055832 
vt 0.800034 0.027527 
vt 0.798492 0.051346 
vt 0.331848 0.557785 
vt 0.284622 0.55249 
vt 0.82402 0.406052 
vt 0.822601 0.392807 
vt 0.823883 0.399826 
vt 0.829773 0.387848 
vt 0.708527 0.00595099 
vt 0.808929 0.010086 
vt 0.805161 0.00361598 
vt 0.833588 0.360855 
vt 0.388321 0.541367 
vt 0.374283 0.550995 
vt 0.375839 0.5457 
vt 0.377335 0.540924 
vt 0.742127 0.004089 
vt 0.797974 0.00331098 
vt 0.742127 0.004089 
vt 0.797974 0.00331098 
vt 0.808929 0.010086 
vt 0.708527 0.00595099 
vt 0.805161 0.00361598 
vt 0.714981 0.0457 
vt 0.807861 0.030777 
vt 0.714981 0.0457 
vt 0.807861 0.030777 
vt 0.744293 0.029556 
vt 0.744293 0.029556 
vt 0.257111 0.569534 
vt 0.267304 0.575149 
vt 0.408005 0.542892 
vt 0.411224 0.543991 
vt 0.280304 0.580109 
vt 0.413284 0.539993 
vt 0.712891 0.023361 
vt 0.839768 0.374802 
vt 0.383255 0.516678 
vt 0.402969 0.509949 
vt 0.372025 0.510498 
vt 0.383255 0.516678 
vt 0.374558 0.522781 
vt 0.41359 0.532684 
vt 0.413467 0.525375 
vt 0.712891 0.023361 
vt 0.37529 0.534668 
vt 0.374558 0.522781 
vt 0.280823 0.511429 
vt 0.413544 0.593399 
vt 0.677689 0.474258 
vt 0.7267 0.450073 
vt 0.672455 0.435272 
vt 0.651703 0.436722 
vt 0.659775 0.475113 
vt 0.386002 0.609726 
vt 0.427109 0.637161 
vt 0.465881 0.645157 
vt 0.449371 0.638473 
vt 0.44017 0.601501 
vt 0.667114 0.392929 
vt 0.732544 0.395981 
vt 0.644882 0.391678 
vt 0.384934 0.554825 
vt 0.450317 0.553574 
vt 0.770981 0.451355 
vt 0.476914 0.604355 
vt 0.460236 0.601669 
vt 0.489853 0.556168 
vt 0.473007 0.552643 
vt 0.396423 0.600388 
vt 0.390625 0.618301 
vt 0.780945 0.449707 
vt 0.797272 0.450302 
vt 0.991913 0.728867 
vt 0.991913 0.728867 
vt 0.763641 0.00192302 
vt 0.763641 0.00192302 
vt 0.390198 0.61026 
vt 0.390823 0.601654 
vt 0.803314 0.435303 
vt 0.800247 0.440613 
vt 0.383102 0.592361 
vt 0.380707 0.58226 
vt 0.383102 0.592361 
vt 0.839066 0.363525 
vt 0.833649 0.360886 
vt 0.751831 0.258469 
vt 0.797989 0.295959 
vt 0.74585 0.305984 
vt 0.737824 0.208954 
vt 0.806519 0.250015 
vt 0.735504 0.161499 
vt 0.807404 0.195724 
vt 0.842316 0.307709 
vt 0.789459 0.341919 
vt 0.798538 0.143875 
vt 0.70079 0.251358 
vt 0.697617 0.211807 
vt 0.693131 0.169128 
vt 0.739883 0.353485 
vt 0.310669 0.385132 
vt 0.366242 0.340973 
vt 0.366287 0.39743 
vt 0.669571 0.20581 
vt 0.735245 0.112518 
vt 0.700394 0.121994 
vt 0.770599 0.103805 
vt 0.316834 0.277145 
vt 0.394302 0.253097 
vt 0.378357 0.288315 
vt 0.467117 0.301285 
vt 0.513107 0.279404 
vt 0.483231 0.308563 
vt 0.663956 0.16626 
vt 0.663696 0.128403 
vt 0.4897 0.272095 
vt 0.307694 0.329864 
vt 0.436325 0.296341 
vt 0.318955 0.440124 
vt 0.846664 0.350418 
vt 0.846848 0.340759 
vt 0.836548 0.337616 
vt 0.853027 0.328491 
vt 0.376709 0.495087 
vt 0.367493 0.505188 
vt 0.364746 0.500961 
vt 0.376709 0.495087 
vt 0.364746 0.500961 
vt 0.361969 0.494949 
vt 0.361969 0.494949 
vt 0.361008 0.489487 
vt 0.845886 0.336365 
vt 0.32457 0.497467 
vt 0.278397 0.485413 
vt 0.847046 0.283157 
vt 0.325073 0.236999 
vt 0.26918 0.426437 
vt 0.688248 0.297516 
vt 0.64032 0.344849 
vt 0.467712 0.445633 
vt 0.493408 0.501373 
vt 0.47995 0.504318 
vt 0.483841 0.443985 
vt 0.657089 0.29245 
vt 0.675034 0.349731 
vt 0.434952 0.444946 
vt 0.448914 0.504272 
vt 0.461456 0.349716 
vt 0.478775 0.350723 
vt 0.673004 0.246002 
vt 0.453095 0.265594 
vt 0.456146 0.39331 
vt 0.474945 0.393158 
vt 0.428635 0.345245 
vt 0.382889 0.504166 
vt 0.374588 0.45079 
vt 0.421555 0.391922 
vt 0.683365 0.035431 
vt 0.660645 0.031479 
vt 0.660645 0.031479 
vt 0.908371 0.348907 
vt 0.942581 0.359711 
vt 0.919418 0.348373 
vt 0.953629 0.359177 
vt 0.681961 0.064682 
vt 0.243607 0.523956 
vt 0.235886 0.517593 
vt 0.231995 0.511352 
vt 0.236527 0.502121 
vt 0.681961 0.064682 
vt 0.683365 0.035431 
vt 0.683823 0.00529498 
vt 0.231751 0.50592 
vt 0.874313 0.327011 
vt 0.885361 0.326477 
vt 0.805313 0.68132 
vt 0.837448 0.685791 
vt 0.815826 0.682892 
vt 0.847977 0.687363 
vt 0.7845 0.677429 
vt 0.223526 0.471039 
vt 0.21788 0.463776 
vt 0.221359 0.457474 
vt 0.795013 0.679001 
vt 0.394928 0.467361 
vt 0.367294 0.472366 
vt 0.394348 0.462692 
vt 0.92424 0.273956 
vt 0.942581 0.359711 
vt 0.908371 0.348907 
vt 0.854538 0.717499 
vt 0.807007 0.765243 
vt 0.829224 0.708282 
vt 0.390961 0.456863 
vt 0.221771 0.476211 
vt 0.65918 0.073715 
vt 0.65918 0.073715 
vt 0.648132 0.037323 
vt 0.648132 0.037323 
vt 0.92424 0.273956 
vt 0.955383 0.283554 
vt 0.935288 0.273437 
vt 0.966431 0.283035 
vt 0.839066 0.363525 
vt 0.846664 0.350418 
vt 0.844162 0.357925 
vt 0.807449 0.735748 
vt 0.790115 0.732132 
vt 0.242371 0.537613 
vt 0.411896 0.51915 
vt 0.251679 0.562241 
vt 0.251007 0.554565 
vt 0.411896 0.51915 
vt 0.796936 0.734177 
vt 0.779587 0.73056 
vt 0.822067 0.738037 
vt 0.855682 0.319977 
vt 0.367294 0.472366 
vt 0.355057 0.478897 
vt 0.35228 0.47139 
vt 0.955383 0.283554 
vt 0.828262 0.772125 
vt 0.832581 0.739609 
vt 0.893524 0.265854 
vt 0.904556 0.265335 
vt 0.361008 0.489487 
vt 0.23407 0.499985 
vt 0.396637 0.483398 
vt 0.4021 0.496735 
vt 0.242371 0.537613 
vt 0.251007 0.554565 
vt 0.246368 0.545212 
vt 0.401428 0.495987 
vt 0.394775 0.473465 
vt 0.394928 0.467361 
vt 0.227219 0.494156 
vt 0.221985 0.485825 
vt 0.400742 0.493423 
vt 0.357819 0.447205 
vt 0.385117 0.447021 
vt 0.34494 0.411026 
vt 0.329956 0.416824 
vt 0.321945 0.411148 
vt 0.870529 0.25592 
vt 0.877411 0.245651 
vt 0.8797 0.238357 
vt 0.988709 0.668747 
vt 0.908371 0.348907 
vt 0.874313 0.327011 
vt 0.928803 0.66011 
vt 0.791214 0.6931 
vt 0.8647 0.278458 
vt 0.870148 0.266373 
vt 0.336105 0.42598 
vt 0.260849 0.370666 
vt 0.218933 0.420685 
vt 0.874313 0.327011 
vt 0.213379 0.4543 
vt 0.376556 0.429718 
vt 0.34494 0.411026 
vt 0.376007 0.41687 
vt 0.767242 0.702072 
vt 0.789032 0.773025 
vt 0.879501 0.222321 
vt 0.874313 0.327011 
vt 0.943924 0.352737 
vt 0.255249 0.320389 
vt 0.92424 0.273956 
vt 0.362503 0.384949 
vt 0.255371 0.321442 
vt 0.214661 0.446457 
vt 0.201263 0.433258 
vt 0.201126 0.416779 
vt 0.218826 0.42067 
vt 0.203629 0.41156 
vt 0.88237 0.314392 
vt 0.942581 0.359711 
vt 0.942581 0.359711 
vt 0.37178 0.408951 
vt 0.942581 0.359711 
vt 0.367645 0.395874 
vt 0.37178 0.408951 
vt 0.368317 0.403381 
vt 0.367645 0.395874 
vt 0.854858 0.310821 
vt 0.86409 0.292526 
vt 0.862656 0.282638 
vt 0.347046 0.455658 
vt 0.35141 0.465454 
vt 0.955597 0.724518 
vt 0.976791 0.726181 
vt 0.357819 0.447205 
vt 0.893524 0.265854 
vt 0.777039 0.753799 
vt 0.92424 0.273956 
vt 0.955383 0.283554 
vt 0.92424 0.273956 
vt 0.955383 0.283554 
vt 0.893524 0.265854 
vt 0.940903 0.274277 
vt 0.970032 0.291763 
vt 0.919922 0.262039 
vt 0.893524 0.265854 
vt 0.816162 0.775742 
vt 0.924912 0.719788 
vt 0.893524 0.265854 
vt 0.345749 0.448624 
vt 0.341782 0.435593 
vt 0.385117 0.447021 
vt 0.38324 0.44072 
vt 0.3815 0.435013 
vt 0.376556 0.429718 
vt 0.344315 0.441101 
vt 0.860199 0.303863 
vt 0.955383 0.283554 
vt 0.764786 0.76886 

usemtl Tail1Mtl

f 3097/3097/3097 3098/3098/3098 3099/3099/3099 
f 3098/3098/3098 3097/3097/3097 3107/3107/3107 
f 3105/3105/3105 3099/3099/3099 3098/3098/3098 
f 3099/3099/3099 3105/3105/3105 3100/3100/3100 
f 3099/3099/3099 3100/3100/3100 3101/3101/3101 
f 3331/3331/3331 3296/3296/3296 3332/3332/3332 
f 3332/3332/3332 3335/3335/3335 3331/3331/3331 
f 3335/3335/3335 3332/3332/3332 3336/3336/3336 
f 3326/3326/3326 3335/3335/3335 3336/3336/3336 
f 3335/3335/3335 3326/3326/3326 3323/3323/3323 
f 3324/3324/3324 3323/3323/3323 3326/3326/3326 
f 3323/3323/3323 3324/3324/3324 3325/3325/3325 
f 3325/3325/3325 3329/3329/3329 3323/3323/3323 
f 3329/3329/3329 3325/3325/3325 3330/3330/3330 
f 3324/3324/3324 3252/3252/3252 3325/3325/3325 
f 3325/3325/3325 3247/3247/3247 3330/3330/3330 
f 3247/3247/3247 3325/3325/3325 3252/3252/3252 
f 3252/3252/3252 3324/3324/3324 3251/3251/3251 
f 3246/3246/3246 3330/3330/3330 3247/3247/3247 
f 3251/3251/3251 3250/3250/3250 3252/3252/3252 
f 3250/3250/3250 3251/3251/3251 3249/3249/3249 
f 3252/3252/3252 3242/3242/3242 3247/3247/3247 
f 3242/3242/3242 3252/3252/3252 3250/3250/3250 
f 3242/3242/3242 3246/3246/3246 3247/3247/3247 
f 3249/3249/3249 3241/3241/3241 3250/3250/3250 
f 3241/3241/3241 3249/3249/3249 3240/3240/3240 
f 3250/3250/3250 3239/3239/3239 3242/3242/3242 
f 3239/3239/3239 3250/3250/3250 3241/3241/3241 
f 3246/3246/3246 3242/3242/3242 3238/3238/3238 
f 3239/3239/3239 3238/3238/3238 3242/3242/3242 
f 2648/2648/2648 3246/3246/3246 3238/3238/3238 
f 3238/3238/3238 2638/2638/2638 2648/2648/2648 
f 2638/2638/2638 3238/3238/3238 2485/2485/2485 
f 3238/3238/3238 3239/3239/3239 2485/2485/2485 
f 2475/2475/2475 2485/2485/2485 3239/3239/3239 
f 3241/3241/3241 2475/2475/2475 3239/3239/3239 
f 3240/3240/3240 2474/2474/2474 3241/3241/3241 
f 2475/2475/2475 3241/3241/3241 2474/2474/2474 
f 2474/2474/2474 3240/3240/3240 2473/2473/2473 
f 2471/2471/2471 2475/2475/2475 2474/2474/2474 
f 2473/2473/2473 2471/2471/2471 2474/2474/2474 
f 2471/2471/2471 2473/2473/2473 2472/2472/2472 
f 2463/2463/2463 2471/2471/2471 2472/2472/2472 
f 2475/2475/2475 2471/2471/2471 2470/2470/2470 
f 2471/2471/2471 2463/2463/2463 2460/2460/2460 
f 2460/2460/2460 2470/2470/2470 2471/2471/2471 
f 2457/2457/2457 2460/2460/2460 2463/2463/2463 
f 2459/2459/2459 2470/2470/2470 2460/2460/2460 
f 2460/2460/2460 2457/2457/2457 2459/2459/2459 
f 2470/2470/2470 2459/2459/2459 2476/2476/2476 
f 2478/2478/2478 2470/2470/2470 2476/2476/2476 
f 2476/2476/2476 2434/2434/2434 2478/2478/2478 
f 2434/2434/2434 2476/2476/2476 2390/2390/2390 
f 2459/2459/2459 2390/2390/2390 2476/2476/2476 
f 2296/2296/2296 2434/2434/2434 2390/2390/2390 
f 2457/2457/2457 2347/2347/2347 2459/2459/2459 
f 2390/2390/2390 2459/2459/2459 2347/2347/2347 
f 2347/2347/2347 2457/2457/2457 2458/2458/2458 
f 2390/2390/2390 2331/2331/2331 2296/2296/2296 
f 2347/2347/2347 2331/2331/2331 2390/2390/2390 
f 2331/2331/2331 2347/2347/2347 2329/2329/2329 
f 2331/2331/2331 2355/2355/2355 2296/2296/2296 
f 2329/2329/2329 2330/2330/2330 2331/2331/2331 
f 2355/2355/2355 2331/2331/2331 2330/2330/2330 
f 2356/2356/2356 2355/2355/2355 2330/2330/2330 
f 2355/2355/2355 2356/2356/2356 2357/2357/2357 
f 2867/2867/2867 2868/2868/2868 2869/2869/2869 
f 2929/2929/2929 2868/2868/2868 2867/2867/2867 
f 2869/2869/2869 2868/2868/2868 2871/2871/2871 
f 2871/2871/2871 2902/2902/2902 2869/2869/2869 
f 2909/2909/2909 2902/2902/2902 2871/2871/2871 
f 3150/3150/3150 2902/2902/2902 2909/2909/2909 
f 2909/2909/2909 2871/2871/2871 2872/2872/2872 
f 2872/2872/2872 2871/2871/2871 2868/2868/2868 
f 2872/2872/2872 2868/2868/2868 2874/2874/2874 
f 2936/2936/2936 2874/2874/2874 2868/2868/2868 
f 2874/2874/2874 2875/2875/2875 2872/2872/2872 
f 2937/2937/2937 2874/2874/2874 2936/2936/2936 
f 2936/2936/2936 3291/3291/3291 2937/2937/2937 
f 2875/2875/2875 2874/2874/2874 2893/2893/2893 
f 2874/2874/2874 2937/2937/2937 2893/2893/2893 
f 2875/2875/2875 2893/2893/2893 2899/2899/2899 
f 2899/2899/2899 2893/2893/2893 2898/2898/2898 
f 2898/2898/2898 2893/2893/2893 2897/2897/2897 
f 2893/2893/2893 2892/2892/2892 2897/2897/2897 
f 2891/2891/2891 2892/2892/2892 2893/2893/2893 
f 2892/2892/2892 2891/2891/2891 3152/3152/3152 
f 2894/2894/2894 2891/2891/2891 2893/2893/2893 
f 2939/2939/2939 2893/2893/2893 2937/2937/2937 
f 2939/2939/2939 2894/2894/2894 2893/2893/2893 
f 2939/2939/2939 2937/2937/2937 2938/2938/2938 
f 2895/2895/2895 2939/2939/2939 2938/2938/2938 
f 2895/2895/2895 2894/2894/2894 2939/2939/2939 
f 2894/2894/2894 2895/2895/2895 2896/2896/2896 
f 2906/2906/2906 2907/2907/2907 2908/2908/2908 
f 2887/2887/2887 2888/2888/2888 2889/2889/2889 
f 2889/2889/2889 2888/2888/2888 2890/2890/2890 
f 2912/2912/2912 2888/2888/2888 2887/2887/2887 
f 2955/2955/2955 2888/2888/2888 2912/2912/2912 
f 2888/2888/2888 3141/3141/3141 3148/3148/3148 
f 2888/2888/2888 3140/3140/3140 3141/3141/3141 
f 1759/1759/1759 1760/1760/1760 1761/1761/1761 
f 1760/1760/1760 1763/1763/1763 1761/1761/1761 
f 1860/1860/1860 1759/1759/1759 1761/1761/1761 
f 1764/1764/1764 1761/1761/1761 1763/1763/1763 
f 1761/1761/1761 1764/1764/1764 1861/1861/1861 
f 1761/1761/1761 1867/1867/1867 1860/1860/1860 
f 1872/1872/1872 1761/1761/1761 1861/1861/1861 
f 1867/1867/1867 1761/1761/1761 1868/1868/1868 
f 1761/1761/1761 1872/1872/1872 1868/1868/1868 
f 1969/1969/1969 1867/1867/1867 1868/1868/1868 
f 1872/1872/1872 1969/1969/1969 1868/1868/1868 
f 1867/1867/1867 1969/1969/1969 2274/2274/2274 
f 1969/1969/1969 1872/1872/1872 2283/2283/2283 
f 2275/2275/2275 2274/2274/2274 1969/1969/1969 
f 2283/2283/2283 2275/2275/2275 1969/1969/1969 
f 2274/2274/2274 2275/2275/2275 2276/2276/2276 
f 2275/2275/2275 2283/2283/2283 2378/2378/2378 
f 2275/2275/2275 2367/2367/2367 2276/2276/2276 
f 2377/2377/2377 2275/2275/2275 2378/2378/2378 
f 2367/2367/2367 2275/2275/2275 2409/2409/2409 
f 2275/2275/2275 2377/2377/2377 2409/2409/2409 
f 1832/1832/1832 1833/1833/1833 1834/1834/1834 
f 1833/1833/1833 1835/1835/1835 1834/1834/1834 
f 1844/1844/1844 1832/1832/1832 1834/1834/1834 
f 1836/1836/1836 1834/1834/1834 1835/1835/1835 
f 1834/1834/1834 1836/1836/1836 1849/1849/1849 
f 1834/1834/1834 1856/1856/1856 1844/1844/1844 
f 1850/1850/1850 1834/1834/1834 1849/1849/1849 
f 1856/1856/1856 1834/1834/1834 1857/1857/1857 
f 1834/1834/1834 1850/1850/1850 1857/1857/1857 
f 2257/2257/2257 1856/1856/1856 1857/1857/1857 
f 1850/1850/1850 2257/2257/2257 1857/1857/1857 
f 1856/1856/1856 2257/2257/2257 2258/2258/2258 
f 2257/2257/2257 1850/1850/1850 2278/2278/2278 
f 2263/2263/2263 2258/2258/2258 2257/2257/2257 
f 2278/2278/2278 2263/2263/2263 2257/2257/2257 
f 2258/2258/2258 2263/2263/2263 2313/2313/2313 
f 2263/2263/2263 2278/2278/2278 2291/2291/2291 
f 2263/2263/2263 2332/2332/2332 2313/2313/2313 
f 2375/2375/2375 2263/2263/2263 2291/2291/2291 
f 2332/2332/2332 2263/2263/2263 2410/2410/2410 
f 2263/2263/2263 2375/2375/2375 2410/2410/2410 
f 1740/1740/1740 1741/1741/1741 1742/1742/1742 
f 1741/1741/1741 1747/1747/1747 1742/1742/1742 
f 1777/1777/1777 1740/1740/1740 1742/1742/1742 
f 1748/1748/1748 1742/1742/1742 1747/1747/1747 
f 1742/1742/1742 1748/1748/1748 1781/1781/1781 
f 1742/1742/1742 1871/1871/1871 1777/1777/1777 
f 1865/1865/1865 1742/1742/1742 1781/1781/1781 
f 1871/1871/1871 1742/1742/1742 1878/1878/1878 
f 1742/1742/1742 1865/1865/1865 1878/1878/1878 
f 1963/1963/1963 1871/1871/1871 1878/1878/1878 
f 1865/1865/1865 1963/1963/1963 1878/1878/1878 
f 1871/1871/1871 1963/1963/1963 2282/2282/2282 
f 1963/1963/1963 1865/1865/1865 1971/1971/1971 
f 2281/2281/2281 2282/2282/2282 1963/1963/1963 
f 1971/1971/1971 2281/2281/2281 1963/1963/1963 
f 2282/2282/2282 2281/2281/2281 2285/2285/2285 
f 2281/2281/2281 1971/1971/1971 2307/2307/2307 
f 2281/2281/2281 2370/2370/2370 2285/2285/2285 
f 2306/2306/2306 2281/2281/2281 2307/2307/2307 
f 2370/2370/2370 2281/2281/2281 2398/2398/2398 
f 2281/2281/2281 2306/2306/2306 2398/2398/2398 
f 1826/1826/1826 1827/1827/1827 1828/1828/1828 
f 1843/1843/1843 1828/1828/1828 1827/1827/1827 
f 1839/1839/1839 1826/1826/1826 1828/1828/1828 
f 1828/1828/1828 1843/1843/1843 1847/1847/1847 
f 1841/1841/1841 1839/1839/1839 1828/1828/1828 
f 1854/1854/1854 1828/1828/1828 1847/1847/1847 
f 1828/1828/1828 2250/2250/2250 1841/1841/1841 
f 1828/1828/1828 1854/1854/1854 2253/2253/2253 
f 2250/2250/2250 1828/1828/1828 2253/2253/2253 
f 1854/1854/1854 2255/2255/2255 2253/2253/2253 
f 2255/2255/2255 2250/2250/2250 2253/2253/2253 
f 2255/2255/2255 1854/1854/1854 2264/2264/2264 
f 2250/2250/2250 2255/2255/2255 2260/2260/2260 
f 2264/2264/2264 2267/2267/2267 2255/2255/2255 
f 2267/2267/2267 2260/2260/2260 2255/2255/2255 
f 2267/2267/2267 2264/2264/2264 2273/2273/2273 
f 2260/2260/2260 2267/2267/2267 2308/2308/2308 
f 2345/2345/2345 2267/2267/2267 2273/2273/2273 
f 2323/2323/2323 2308/2308/2308 2267/2267/2267 
f 2267/2267/2267 2345/2345/2345 2323/2323/2323 
f 2308/2308/2308 2323/2323/2323 2348/2348/2348 
f 2414/2414/2414 2323/2323/2323 2345/2345/2345 
f 2323/2323/2323 2453/2453/2453 2348/2348/2348 
f 2323/2323/2323 2414/2414/2414 2421/2421/2421 
f 2453/2453/2453 2323/2323/2323 2421/2421/2421 
f 2422/2422/2422 2421/2421/2421 2414/2414/2414 
f 2421/2421/2421 2452/2452/2452 2453/2453/2453 
f 2421/2421/2421 2422/2422/2422 2455/2455/2455 
f 2452/2452/2452 2421/2421/2421 2455/2455/2455 
f 2930/2930/2930 2931/2931/2931 2932/2932/2932 
f 2931/2931/2931 2930/2930/2930 2943/2943/2943 
f 2930/2930/2930 2940/2940/2940 2943/2943/2943 
f 2940/2940/2940 2930/2930/2930 2941/2941/2941 
f 3115/3115/3115 2931/2931/2931 2943/2943/2943 
f 2940/2940/2940 3115/3115/3115 2943/2943/2943 
f 2931/2931/2931 3115/3115/3115 3154/3154/3154 
f 3115/3115/3115 2940/2940/2940 3147/3147/3147 
f 3115/3115/3115 3126/3126/3126 3154/3154/3154 
f 3124/3124/3124 3115/3115/3115 3147/3147/3147 
f 3118/3118/3118 3126/3126/3126 3115/3115/3115 
f 3124/3124/3124 3113/3113/3113 3115/3115/3115 
f 3114/3114/3114 3118/3118/3118 3115/3115/3115 
f 3113/3113/3113 3114/3114/3114 3115/3115/3115 
f 2839/2839/2839 2840/2840/2840 2841/2841/2841 
f 2840/2840/2840 2839/2839/2839 2886/2886/2886 
f 2839/2839/2839 2885/2885/2885 2886/2886/2886 
f 2885/2885/2885 2839/2839/2839 2952/2952/2952 
f 3062/3062/3062 2840/2840/2840 2886/2886/2886 
f 2885/2885/2885 3062/3062/3062 2886/2886/2886 
f 2840/2840/2840 3062/3062/3062 3064/3064/3064 
f 3062/3062/3062 2885/2885/2885 3074/3074/3074 
f 3062/3062/3062 3063/3063/3063 3064/3064/3064 
f 3073/3073/3073 3062/3062/3062 3074/3074/3074 
f 3135/3135/3135 3063/3063/3063 3062/3062/3062 
f 3073/3073/3073 3133/3133/3133 3062/3062/3062 
f 3134/3134/3134 3135/3135/3135 3062/3062/3062 
f 3133/3133/3133 3134/3134/3134 3062/3062/3062 
f 2845/2845/2845 2846/2846/2846 2847/2847/2847 
f 2846/2846/2846 2845/2845/2845 2956/2956/2956 
f 2846/2846/2846 2944/2944/2944 2847/2847/2847 
f 2944/2944/2944 2846/2846/2846 2951/2951/2951 
f 3079/3079/3079 2845/2845/2845 2847/2847/2847 
f 2944/2944/2944 3079/3079/3079 2847/2847/2847 
f 2845/2845/2845 3079/3079/3079 3081/3081/3081 
f 3079/3079/3079 2944/2944/2944 3155/3155/3155 
f 3079/3079/3079 3080/3080/3080 3081/3081/3081 
f 3127/3127/3127 3079/3079/3079 3155/3155/3155 
f 3123/3123/3123 3080/3080/3080 3079/3079/3079 
f 3127/3127/3127 3119/3119/3119 3079/3079/3079 
f 3120/3120/3120 3123/3123/3123 3079/3079/3079 
f 3119/3119/3119 3120/3120/3120 3079/3079/3079 
f 2747/2747/2747 2748/2748/2748 2749/2749/2749 
f 2748/2748/2748 2987/2987/2987 2749/2749/2749 
f 2987/2987/2987 2748/2748/2748 2988/2988/2988 
f 2988/2988/2988 2748/2748/2748 3013/3013/3013 
f 3012/3012/3012 3013/3013/3013 2748/2748/2748 
f 3015/3015/3015 3012/3012/3012 2748/2748/2748 
f 3015/3015/3015 2748/2748/2748 3016/3016/3016 
f 2991/2991/2991 3016/3016/3016 2748/2748/2748 
f 2991/2991/2991 2748/2748/2748 2992/2992/2992 
f 2748/2748/2748 2756/2756/2756 2992/2992/2992 
f 2756/2756/2756 2748/2748/2748 2754/2754/2754 
f 2748/2748/2748 2747/2747/2747 2754/2754/2754 
f 2765/2765/2765 2756/2756/2756 2754/2754/2754 
f 2747/2747/2747 2765/2765/2765 2754/2754/2754 
f 2756/2756/2756 2765/2765/2765 3463/3463/3463 
f 2765/2765/2765 2747/2747/2747 2790/2790/2790 
f 3451/3451/3451 3463/3463/3463 2765/2765/2765 
f 2790/2790/2790 3451/3451/3451 2765/2765/2765 
f 3463/3463/3463 3451/3451/3451 3498/3498/3498 
f 3451/3451/3451 2790/2790/2790 3486/3486/3486 
f 2696/2696/2696 2697/2697/2697 2698/2698/2698 
f 2697/2697/2697 2696/2696/2696 2751/2751/2751 
f 2696/2696/2696 2981/2981/2981 2751/2751/2751 
f 2981/2981/2981 2696/2696/2696 2982/2982/2982 
f 2982/2982/2982 2696/2696/2696 2986/2986/2986 
f 3009/3009/3009 2986/2986/2986 2696/2696/2696 
f 3002/3002/3002 3009/3009/3009 2696/2696/2696 
f 3002/3002/3002 2696/2696/2696 3000/3000/3000 
f 2975/2975/2975 3000/3000/3000 2696/2696/2696 
f 2975/2975/2975 2696/2696/2696 2976/2976/2976 
f 2696/2696/2696 2699/2699/2699 2976/2976/2976 
f 2699/2699/2699 2696/2696/2696 2698/2698/2698 
f 2760/2760/2760 2699/2699/2699 2698/2698/2698 
f 2697/2697/2697 2760/2760/2760 2698/2698/2698 
f 2699/2699/2699 2760/2760/2760 3461/3461/3461 
f 2760/2760/2760 2697/2697/2697 3448/3448/3448 
f 3480/3480/3480 3461/3461/3461 2760/2760/2760 
f 3448/3448/3448 3480/3480/3480 2760/2760/2760 
f 3461/3461/3461 3480/3480/3480 3481/3481/3481 
f 3480/3480/3480 3448/3448/3448 3482/3482/3482 
f 2690/2690/2690 2691/2691/2691 2692/2692/2692 
f 2691/2691/2691 2690/2690/2690 2920/2920/2920 
f 2691/2691/2691 2715/2715/2715 2692/2692/2692 
f 2715/2715/2715 2691/2691/2691 2793/2793/2793 
f 2745/2745/2745 2690/2690/2690 2692/2692/2692 
f 2715/2715/2715 2745/2745/2745 2692/2692/2692 
f 2690/2690/2690 2745/2745/2745 3146/3146/3146 
f 2745/2745/2745 2715/2715/2715 2990/2990/2990 
f 2745/2745/2745 3088/3088/3088 3146/3146/3146 
f 2989/2989/2989 2745/2745/2745 2990/2990/2990 
f 3087/3087/3087 3088/3088/3088 2745/2745/2745 
f 2989/2989/2989 3111/3111/3111 2745/2745/2745 
f 3112/3112/3112 3087/3087/3087 2745/2745/2745 
f 3111/3111/3111 3112/3112/3112 2745/2745/2745 
f 2665/2665/2665 2666/2666/2666 2667/2667/2667 
f 2666/2666/2666 2665/2665/2665 2721/2721/2721 
f 3007/3007/3007 2666/2666/2666 2721/2721/2721 
f 3007/3007/3007 3008/3008/3008 2666/2666/2666 
f 3004/3004/3004 2666/2666/2666 3008/3008/3008 
f 3004/3004/3004 2997/2997/2997 2666/2666/2666 
f 2997/2997/2997 2968/2968/2968 2666/2666/2666 
f 2962/2962/2962 2666/2666/2666 2968/2968/2968 
f 2961/2961/2961 2666/2666/2666 2962/2962/2962 
f 2666/2666/2666 2961/2961/2961 2752/2752/2752 
f 2686/2686/2686 2666/2666/2666 2752/2752/2752 
f 2666/2666/2666 2686/2686/2686 2667/2667/2667 
f 2686/2686/2686 3431/3431/3431 2667/2667/2667 
f 3431/3431/3431 2665/2665/2665 2667/2667/2667 
f 3431/3431/3431 2686/2686/2686 3432/3432/3432 
f 2665/2665/2665 3431/3431/3431 3460/3460/3460 
f 3432/3432/3432 3478/3478/3478 3431/3431/3431 
f 3478/3478/3478 3460/3460/3460 3431/3431/3431 
f 3478/3478/3478 3432/3432/3432 3489/3489/3489 
f 3460/3460/3460 3478/3478/3478 3479/3479/3479 
f 2825/2825/2825 2826/2826/2826 2827/2827/2827 
f 2827/2827/2827 3151/3151/3151 2825/2825/2825 
f 3158/3158/3158 3151/3151/3151 2827/2827/2827 
f 2826/2826/2826 2825/2825/2825 3153/3153/3153 
f 2826/2826/2826 3153/3153/3153 2831/2831/2831 
f 2831/2831/2831 2832/2832/2832 2826/2826/2826 
f 2832/2832/2832 2831/2831/2831 2852/2852/2852 
f 2832/2832/2832 2852/2852/2852 2853/2853/2853 
f 2903/2903/2903 2853/2853/2853 3149/3149/3149 
f 2832/2832/2832 2903/2903/2903 2904/2904/2904 
f 2857/2857/2857 2832/2832/2832 2858/2858/2858 
f 2659/2659/2659 2660/2660/2660 2661/2661/2661 
f 2660/2660/2660 2972/2972/2972 2661/2661/2661 
f 2972/2972/2972 2660/2660/2660 2973/2973/2973 
f 2973/2973/2973 2660/2660/2660 2967/2967/2967 
f 2966/2966/2966 2967/2967/2967 2660/2660/2660 
f 3005/3005/3005 2966/2966/2966 2660/2660/2660 
f 3005/3005/3005 2660/2660/2660 3006/3006/3006 
f 3054/3054/3054 3006/3006/3006 2660/2660/2660 
f 3054/3054/3054 2660/2660/2660 2734/2734/2734 
f 2660/2660/2660 2733/2733/2733 2734/2734/2734 
f 2733/2733/2733 2660/2660/2660 2678/2678/2678 
f 2660/2660/2660 2659/2659/2659 2678/2678/2678 
f 3373/3373/3373 2733/2733/2733 2678/2678/2678 
f 2659/2659/2659 3373/3373/3373 2678/2678/2678 
f 2733/2733/2733 3373/3373/3373 3372/3372/3372 
f 3373/3373/3373 2659/2659/2659 3440/3440/3440 
f 3371/3371/3371 3372/3372/3372 3373/3373/3373 
f 3440/3440/3440 3371/3371/3371 3373/3373/3373 
f 3372/3372/3372 3371/3371/3371 3404/3404/3404 
f 3371/3371/3371 3440/3440/3440 3476/3476/3476 
f 1807/1807/1807 1808/1808/1808 1809/1809/1809 
f 1808/1808/1808 1814/1814/1814 1809/1809/1809 
f 1822/1822/1822 1807/1807/1807 1809/1809/1809 
f 1815/1815/1815 1809/1809/1809 1814/1814/1814 
f 1809/1809/1809 1815/1815/1815 1909/1909/1909 
f 1809/1809/1809 1888/1888/1888 1822/1822/1822 
f 1895/1895/1895 1809/1809/1809 1909/1909/1909 
f 1888/1888/1888 1809/1809/1809 1892/1892/1892 
f 1809/1809/1809 1895/1895/1895 1892/1892/1892 
f 1907/1907/1907 1888/1888/1888 1892/1892/1892 
f 1895/1895/1895 1907/1907/1907 1892/1892/1892 
f 1888/1888/1888 1907/1907/1907 2500/2500/2500 
f 1907/1907/1907 1895/1895/1895 1976/1976/1976 
f 2515/2515/2515 2500/2500/2500 1907/1907/1907 
f 1976/1976/1976 2515/2515/2515 1907/1907/1907 
f 2500/2500/2500 2515/2515/2515 2570/2570/2570 
f 2515/2515/2515 1976/1976/1976 2532/2532/2532 
f 2522/2522/2522 2643/2643/2643 2644/2644/2644 
f 2522/2522/2522 2631/2631/2631 2643/2643/2643 
f 2522/2522/2522 2564/2564/2564 2631/2631/2631 
f 2521/2521/2521 2522/2522/2522 2523/2523/2523 
f 2564/2564/2564 2522/2522/2522 2528/2528/2528 
f 2528/2528/2528 2563/2563/2563 2564/2564/2564 
f 2528/2528/2528 2562/2562/2562 2563/2563/2563 
f 2810/2810/2810 2811/2811/2811 2812/2812/2812 
f 1916/1916/1916 1917/1917/1917 1918/1918/1918 
f 1917/1917/1917 1916/1916/1916 1977/1977/1977 
f 1925/1925/1925 1916/1916/1916 1918/1918/1918 
f 1916/1916/1916 1978/1978/1978 1977/1977/1977 
f 1925/1925/1925 1929/1929/1929 1916/1916/1916 
f 1928/1928/1928 1929/1929/1929 1925/1925/1925 
f 1978/1978/1978 1916/1916/1916 2519/2519/2519 
f 1929/1929/1929 2519/2519/2519 1916/1916/1916 
f 1929/1929/1929 1928/1928/1928 1939/1939/1939 
f 1939/1939/1939 1959/1959/1959 1929/1929/1929 
f 1959/1959/1959 1939/1939/1939 2128/2128/2128 
f 1958/1958/1958 1929/1929/1929 1959/1959/1959 
f 1958/1958/1958 2003/2003/2003 1929/1929/1929 
f 2003/2003/2003 2519/2519/2519 1929/1929/1929 
f 2504/2504/2504 1978/1978/1978 2519/2519/2519 
f 1978/1978/1978 2504/2504/2504 1985/1985/1985 
f 1983/1983/1983 1984/1984/1984 1985/1985/1985 
f 1985/1985/1985 2504/2504/2504 1983/1983/1983 
f 2504/2504/2504 2505/2505/2505 1983/1983/1983 
f 2495/2495/2495 2505/2505/2505 2504/2504/2504 
f 2505/2505/2505 2495/2495/2495 2503/2503/2503 
f 2495/2495/2495 2502/2502/2502 2503/2503/2503 
f 2502/2502/2502 2495/2495/2495 2499/2499/2499 
f 2495/2495/2495 2494/2494/2494 2499/2499/2499 
f 2494/2494/2494 2495/2495/2495 2496/2496/2496 
f 2495/2495/2495 2557/2557/2557 2496/2496/2496 
f 2557/2557/2557 2495/2495/2495 2486/2486/2486 
f 2557/2557/2557 2486/2486/2486 2558/2558/2558 
f 2486/2486/2486 2533/2533/2533 2558/2558/2558 
f 2301/2301/2301 2533/2533/2533 2486/2486/2486 
f 2533/2533/2533 2301/2301/2301 2534/2534/2534 
f 2301/2301/2301 2486/2486/2486 2361/2361/2361 
f 2361/2361/2361 2296/2296/2296 2301/2301/2301 
f 2434/2434/2434 2361/2361/2361 2486/2486/2486 
f 2495/2495/2495 2434/2434/2434 2486/2486/2486 
f 2434/2434/2434 2296/2296/2296 2361/2361/2361 
f 2301/2301/2301 2296/2296/2296 2295/2295/2295 
f 2295/2295/2295 2296/2296/2296 2297/2297/2297 
f 2537/2537/2537 2295/2295/2295 2297/2297/2297 
f 2295/2295/2295 2537/2537/2537 2538/2538/2538 
f 2434/2434/2434 2495/2495/2495 2477/2477/2477 
f 2504/2504/2504 2477/2477/2477 2495/2495/2495 
f 2477/2477/2477 2478/2478/2478 2434/2434/2434 
f 2477/2477/2477 2504/2504/2504 2633/2633/2633 
f 2633/2633/2633 2478/2478/2478 2477/2477/2477 
f 2519/2519/2519 2633/2633/2633 2504/2504/2504 
f 2633/2633/2633 2519/2519/2519 2634/2634/2634 
f 2003/2003/2003 2634/2634/2634 2519/2519/2519 
f 2634/2634/2634 2480/2480/2480 2633/2633/2633 
f 2478/2478/2478 2633/2633/2633 2480/2480/2480 
f 2634/2634/2634 2003/2003/2003 2635/2635/2635 
f 2635/2635/2635 2480/2480/2480 2634/2634/2634 
f 2479/2479/2479 2478/2478/2478 2480/2480/2480 
f 1997/1997/1997 2635/2635/2635 2003/2003/2003 
f 2470/2470/2470 2478/2478/2478 2479/2479/2479 
f 2480/2480/2480 2635/2635/2635 2481/2481/2481 
f 2483/2483/2483 2479/2479/2479 2480/2480/2480 
f 2483/2483/2483 2480/2480/2480 2481/2481/2481 
f 2479/2479/2479 2483/2483/2483 2475/2475/2475 
f 2479/2479/2479 2475/2475/2475 2470/2470/2470 
f 2481/2481/2481 2482/2482/2482 2483/2483/2483 
f 2482/2482/2482 2475/2475/2475 2483/2483/2483 
f 2636/2636/2636 2481/2481/2481 2635/2635/2635 
f 2635/2635/2635 1997/1997/1997 2636/2636/2636 
f 2637/2637/2637 2482/2482/2482 2481/2481/2481 
f 2639/2639/2639 2481/2481/2481 2636/2636/2636 
f 2481/2481/2481 2639/2639/2639 2637/2637/2637 
f 2219/2219/2219 2636/2636/2636 1997/1997/1997 
f 2636/2636/2636 2219/2219/2219 2639/2639/2639 
f 2482/2482/2482 2637/2637/2637 2484/2484/2484 
f 2482/2482/2482 2484/2484/2484 2475/2475/2475 
f 2639/2639/2639 2638/2638/2638 2637/2637/2637 
f 2638/2638/2638 2484/2484/2484 2637/2637/2637 
f 2233/2233/2233 2639/2639/2639 2219/2219/2219 
f 2639/2639/2639 2233/2233/2233 2036/2036/2036 
f 2638/2638/2638 2639/2639/2639 2036/2036/2036 
f 2233/2233/2233 2228/2228/2228 2036/2036/2036 
f 2484/2484/2484 2638/2638/2638 2485/2485/2485 
f 2485/2485/2485 2475/2475/2475 2484/2484/2484 
f 2228/2228/2228 2233/2233/2233 2215/2215/2215 
f 2219/2219/2219 2215/2215/2215 2233/2233/2233 
f 2215/2215/2215 2227/2227/2227 2228/2228/2228 
f 2215/2215/2215 2219/2219/2219 2218/2218/2218 
f 2212/2212/2212 2215/2215/2215 2218/2218/2218 
f 2212/2212/2212 2214/2214/2214 2215/2215/2215 
f 2218/2218/2218 2219/2219/2219 1996/1996/1996 
f 2218/2218/2218 1996/1996/1996 2212/2212/2212 
f 1997/1997/1997 1996/1996/1996 2219/2219/2219 
f 2212/2212/2212 1996/1996/1996 2213/2213/2213 
f 2213/2213/2213 2244/2244/2244 2246/2246/2246 
f 2213/2213/2213 1996/1996/1996 2244/2244/2244 
f 1996/1996/1996 2245/2245/2245 2244/2244/2244 
f 1996/1996/1996 2135/2135/2135 2245/2245/2245 
f 1996/1996/1996 2125/2125/2125 2135/2135/2135 
f 2124/2124/2124 2125/2125/2125 1996/1996/1996 
f 1998/1998/1998 2124/2124/2124 1996/1996/1996 
f 1996/1996/1996 1997/1997/1997 1998/1998/1998 
f 2003/2003/2003 1998/1998/1998 1997/1997/1997 
f 1998/1998/1998 2003/2003/2003 1958/1958/1958 
f 2129/2129/2129 1998/1998/1998 1958/1958/1958 
f 1998/1998/1998 2129/2129/2129 2130/2130/2130 
f 1787/1787/1787 1788/1788/1788 1789/1789/1789 
f 1788/1788/1788 1794/1794/1794 1789/1789/1789 
f 1806/1806/1806 1787/1787/1787 1789/1789/1789 
f 1795/1795/1795 1789/1789/1789 1794/1794/1794 
f 1789/1789/1789 1795/1795/1795 1821/1821/1821 
f 1789/1789/1789 1876/1876/1876 1806/1806/1806 
f 1884/1884/1884 1789/1789/1789 1821/1821/1821 
f 1876/1876/1876 1789/1789/1789 1885/1885/1885 
f 1789/1789/1789 1884/1884/1884 1885/1885/1885 
f 1906/1906/1906 1876/1876/1876 1885/1885/1885 
f 1884/1884/1884 1906/1906/1906 1885/1885/1885 
f 1876/1876/1876 1906/1906/1906 2491/2491/2491 
f 1906/1906/1906 1884/1884/1884 1973/1973/1973 
f 2492/2492/2492 2491/2491/2491 1906/1906/1906 
f 1973/1973/1973 2492/2492/2492 1906/1906/1906 
f 2491/2491/2491 2492/2492/2492 2552/2552/2552 
f 2492/2492/2492 1973/1973/1973 2497/2497/2497 
f 2650/2650/2650 2651/2651/2651 2652/2652/2652 
f 2651/2651/2651 2719/2719/2719 2652/2652/2652 
f 2719/2719/2719 2651/2651/2651 3033/3033/3033 
f 3033/3033/3033 2651/2651/2651 3034/3034/3034 
f 3052/3052/3052 3034/3034/3034 2651/2651/2651 
f 3051/3051/3051 3052/3052/3052 2651/2651/2651 
f 3051/3051/3051 2651/2651/2651 3053/3053/3053 
f 3031/3031/3031 3053/3053/3053 2651/2651/2651 
f 3031/3031/3031 2651/2651/2651 2685/2685/2685 
f 2651/2651/2651 2684/2684/2684 2685/2685/2685 
f 2684/2684/2684 2651/2651/2651 2796/2796/2796 
f 2651/2651/2651 2650/2650/2650 2796/2796/2796 
f 3361/3361/3361 2684/2684/2684 2796/2796/2796 
f 2650/2650/2650 3361/3361/3361 2796/2796/2796 
f 2684/2684/2684 3361/3361/3361 3367/3367/3367 
f 3361/3361/3361 2650/2650/2650 3362/3362/3362 
f 3390/3390/3390 3367/3367/3367 3361/3361/3361 
f 3362/3362/3362 3390/3390/3390 3361/3361/3361 
f 3367/3367/3367 3390/3390/3390 3391/3391/3391 
f 3390/3390/3390 3362/3362/3362 3406/3406/3406 
f 2036/2036/2036 2037/2037/2037 2038/2038/2038 
f 3165/3165/3165 2038/2038/2038 3166/3166/3166 
f 2038/2038/2038 3165/3165/3165 3217/3217/3217 
f 2648/2648/2648 2036/2036/2036 2038/2038/2038 
f 2036/2036/2036 2648/2648/2648 2638/2638/2638 
f 3217/3217/3217 3187/3187/3187 2038/2038/2038 
f 3217/3217/3217 3214/3214/3214 3187/3187/3187 
f 3213/3213/3213 3187/3187/3187 3214/3214/3214 
f 3187/3187/3187 3213/3213/3213 3394/3394/3394 
f 3394/3394/3394 3395/3395/3395 3187/3187/3187 
f 3395/3395/3395 3392/3392/3392 3187/3187/3187 
f 3349/3349/3349 3187/3187/3187 3392/3392/3392 
f 3186/3186/3186 2038/2038/2038 3187/3187/3187 
f 2038/2038/2038 3186/3186/3186 2648/2648/2648 
f 3349/3349/3349 3231/3231/3231 3187/3187/3187 
f 3231/3231/3231 3186/3186/3186 3187/3187/3187 
f 3349/3349/3349 3350/3350/3350 3351/3351/3351 
f 3351/3351/3351 3352/3352/3352 3349/3349/3349 
f 3231/3231/3231 3349/3349/3349 3352/3352/3352 
f 3352/3352/3352 3351/3351/3351 3356/3356/3356 
f 3410/3410/3410 3231/3231/3231 3352/3352/3352 
f 3231/3231/3231 3410/3410/3410 3317/3317/3317 
f 3419/3419/3419 3317/3317/3317 3410/3410/3410 
f 3317/3317/3317 3419/3419/3419 3420/3420/3420 
f 3378/3378/3378 3317/3317/3317 3420/3420/3420 
f 3317/3317/3317 3378/3378/3378 3364/3364/3364 
f 3186/3186/3186 3231/3231/3231 3316/3316/3316 
f 3316/3316/3316 3231/3231/3231 3317/3317/3317 
f 3317/3317/3317 3364/3364/3364 3366/3366/3366 
f 3364/3364/3364 3365/3365/3365 3366/3366/3366 
f 3366/3366/3366 3365/3365/3365 3441/3441/3441 
f 3454/3454/3454 3366/3366/3366 3441/3441/3441 
f 3338/3338/3338 3186/3186/3186 3316/3316/3316 
f 3454/3454/3454 3439/3439/3439 3366/3366/3366 
f 3186/3186/3186 3338/3338/3338 3246/3246/3246 
f 3246/3246/3246 2648/2648/2648 3186/3186/3186 
f 3316/3316/3316 3339/3339/3339 3338/3338/3338 
f 3366/3366/3366 3320/3320/3320 3317/3317/3317 
f 3320/3320/3320 3366/3366/3366 3439/3439/3439 
f 3317/3317/3317 3302/3302/3302 3316/3316/3316 
f 3302/3302/3302 3317/3317/3317 3320/3320/3320 
f 3339/3339/3339 3316/3316/3316 3302/3302/3302 
f 3339/3339/3339 3330/3330/3330 3338/3338/3338 
f 3330/3330/3330 3246/3246/3246 3338/3338/3338 
f 3302/3302/3302 3286/3286/3286 3339/3339/3339 
f 3330/3330/3330 3339/3339/3339 3329/3329/3329 
f 3286/3286/3286 3329/3329/3329 3339/3339/3339 
f 3286/3286/3286 3302/3302/3302 3284/3284/3284 
f 3320/3320/3320 3284/3284/3284 3302/3302/3302 
f 3284/3284/3284 3320/3320/3320 3438/3438/3438 
f 3439/3439/3439 3438/3438/3438 3320/3320/3320 
f 3284/3284/3284 3285/3285/3285 3286/3286/3286 
f 3329/3329/3329 3286/3286/3286 3340/3340/3340 
f 3285/3285/3285 3340/3340/3340 3286/3286/3286 
f 3285/3285/3285 3284/3284/3284 3300/3300/3300 
f 3438/3438/3438 3300/3300/3300 3284/3284/3284 
f 3340/3340/3340 3285/3285/3285 3337/3337/3337 
f 3453/3453/3453 3300/3300/3300 3438/3438/3438 
f 3340/3340/3340 3323/3323/3323 3329/3329/3329 
f 3450/3450/3450 3300/3300/3300 3453/3453/3453 
f 3300/3300/3300 3293/3293/3293 3285/3285/3285 
f 3293/3293/3293 3337/3337/3337 3285/3285/3285 
f 3293/3293/3293 3300/3300/3300 3291/3291/3291 
f 3450/3450/3450 3291/3291/3291 3300/3300/3300 
f 3337/3337/3337 3335/3335/3335 3340/3340/3340 
f 3323/3323/3323 3340/3340/3340 3335/3335/3335 
f 3337/3337/3337 3293/3293/3293 3301/3301/3301 
f 3291/3291/3291 3292/3292/3292 3293/3293/3293 
f 3292/3292/3292 3301/3301/3301 3293/3293/3293 
f 3292/3292/3292 3291/3291/3291 3319/3319/3319 
f 3301/3301/3301 3292/3292/3292 3334/3334/3334 
f 3291/3291/3291 2936/2936/2936 3319/3319/3319 
f 3301/3301/3301 3331/3331/3331 3337/3337/3337 
f 3335/3335/3335 3337/3337/3337 3331/3331/3331 
f 3334/3334/3334 3294/3294/3294 3301/3301/3301 
f 3331/3331/3331 3301/3301/3301 3294/3294/3294 
f 3294/3294/3294 3334/3334/3334 3299/3299/3299 
f 3295/3295/3295 3294/3294/3294 3299/3299/3299 
f 3294/3294/3294 3295/3295/3295 3296/3296/3296 
f 3296/3296/3296 3331/3331/3331 3294/3294/3294 
f 1750/1750/1750 1751/1751/1751 1752/1752/1752 
f 1751/1751/1751 1769/1769/1769 1752/1752/1752 
f 1776/1776/1776 1750/1750/1750 1752/1752/1752 
f 1773/1773/1773 1752/1752/1752 1769/1769/1769 
f 1752/1752/1752 1773/1773/1773 1774/1774/1774 
f 1752/1752/1752 1863/1863/1863 1776/1776/1776 
f 1783/1783/1783 1752/1752/1752 1774/1774/1774 
f 1863/1863/1863 1752/1752/1752 1875/1875/1875 
f 1752/1752/1752 1783/1783/1783 1875/1875/1875 
f 1891/1891/1891 1863/1863/1863 1875/1875/1875 
f 1783/1783/1783 1891/1891/1891 1875/1875/1875 
f 1863/1863/1863 1891/1891/1891 2487/2487/2487 
f 1891/1891/1891 1783/1783/1783 1903/1903/1903 
f 2362/2362/2362 2487/2487/2487 1891/1891/1891 
f 1903/1903/1903 2362/2362/2362 1891/1891/1891 
f 2487/2487/2487 2362/2362/2362 2364/2364/2364 
f 2362/2362/2362 1903/1903/1903 2489/2489/2489 
f 2362/2362/2362 2363/2363/2363 2364/2364/2364 
f 2432/2432/2432 2362/2362/2362 2489/2489/2489 
f 2363/2363/2363 2362/2362/2362 2433/2433/2433 
f 2362/2362/2362 2432/2432/2432 2433/2433/2433 
f 2672/2672/2672 2673/2673/2673 2674/2674/2674 
f 2727/2727/2727 2674/2674/2674 2673/2673/2673 
f 3041/3041/3041 2727/2727/2727 2673/2673/2673 
f 3044/3044/3044 3041/3041/3041 2673/2673/2673 
f 3044/3044/3044 2673/2673/2673 3039/3039/3039 
f 3027/3027/3027 3039/3039/3039 2673/2673/2673 
f 3027/3027/3027 2673/2673/2673 2801/2801/2801 
f 2673/2673/2673 2800/2800/2800 2801/2801/2801 
f 2673/2673/2673 2672/2672/2672 2794/2794/2794 
f 2800/2800/2800 2673/2673/2673 2794/2794/2794 
f 2672/2672/2672 3344/3344/3344 2794/2794/2794 
f 3344/3344/3344 2800/2800/2800 2794/2794/2794 
f 3344/3344/3344 2672/2672/2672 3357/3357/3357 
f 2800/2800/2800 3344/3344/3344 3345/3345/3345 
f 3357/3357/3357 3383/3383/3383 3344/3344/3344 
f 3383/3383/3383 3345/3345/3345 3344/3344/3344 
f 3383/3383/3383 3357/3357/3357 3407/3407/3407 
f 3345/3345/3345 3383/3383/3383 3384/3384/3384 
f 2728/2728/2728 2729/2729/2729 2730/2730/2730 
f 2729/2729/2729 2728/2728/2728 3047/3047/3047 
f 3049/3049/3049 3047/3047/3047 2728/2728/2728 
f 3048/3048/3048 3049/3049/3049 2728/2728/2728 
f 3030/3030/3030 3048/3048/3048 2728/2728/2728 
f 3030/3030/3030 2728/2728/2728 2805/2805/2805 
f 2802/2802/2802 2728/2728/2728 2730/2730/2730 
f 2728/2728/2728 2804/2804/2804 2805/2805/2805 
f 2728/2728/2728 2802/2802/2802 3342/3342/3342 
f 2804/2804/2804 2728/2728/2728 3342/3342/3342 
f 2802/2802/2802 3228/3228/3228 3342/3342/3342 
f 3228/3228/3228 2804/2804/2804 3342/3342/3342 
f 3228/3228/3228 2802/2802/2802 3205/3205/3205 
f 2804/2804/2804 3228/3228/3228 3207/3207/3207 
f 3205/3205/3205 3204/3204/3204 3228/3228/3228 
f 3204/3204/3204 3207/3207/3207 3228/3228/3228 
f 3204/3204/3204 3205/3205/3205 3206/3206/3206 
f 3207/3207/3207 3204/3204/3204 3208/3208/3208 
f 2131/2131/2131 2132/2132/2132 2133/2133/2133 
f 2757/2757/2757 2758/2758/2758 2759/2759/2759 
f 2759/2759/2759 2758/2758/2758 2809/2809/2809 
f 2758/2758/2758 2808/2808/2808 2809/2809/2809 
f 2791/2791/2791 2758/2758/2758 2757/2757/2757 
f 2808/2808/2808 2758/2758/2758 2816/2816/2816 
f 2791/2791/2791 2792/2792/2792 2758/2758/2758 
f 2926/2926/2926 2792/2792/2792 2791/2791/2791 
f 2792/2792/2792 2926/2926/2926 2927/2927/2927 
f 2950/2950/2950 2927/2927/2927 2926/2926/2926 
f 2948/2948/2948 2927/2927/2927 2950/2950/2950 
f 2927/2927/2927 2948/2948/2948 2938/2938/2938 
f 2792/2792/2792 2927/2927/2927 2938/2938/2938 
f 2949/2949/2949 2938/2938/2938 2948/2948/2948 
f 2938/2938/2938 2949/2949/2949 2895/2895/2895 
f 2938/2938/2938 3450/3450/3450 2792/2792/2792 
f 2792/2792/2792 3450/3450/3450 2758/2758/2758 
f 2758/2758/2758 3450/3450/3450 3453/3453/3453 
f 2758/2758/2758 3453/3453/3453 3438/3438/3438 
f 2937/2937/2937 3450/3450/3450 2938/2938/2938 
f 3291/3291/3291 3450/3450/3450 2937/2937/2937 
f 2776/2776/2776 2758/2758/2758 3438/3438/3438 
f 2776/2776/2776 2816/2816/2816 2758/2758/2758 
f 2776/2776/2776 2815/2815/2815 2816/2816/2816 
f 2776/2776/2776 2817/2817/2817 2815/2815/2815 
f 2813/2813/2813 2817/2817/2817 2776/2776/2776 
f 2813/2813/2813 2776/2776/2776 2814/2814/2814 
f 3438/3438/3438 3439/3439/3439 2776/2776/2776 
f 2776/2776/2776 2777/2777/2777 2778/2778/2778 
f 2777/2777/2777 2776/2776/2776 3458/3458/3458 
f 3439/3439/3439 3458/3458/3458 2776/2776/2776 
f 3458/3458/3458 3439/3439/3439 3457/3457/3457 
f 3439/3439/3439 3454/3454/3454 3457/3457/3457 
f 3458/3458/3458 3457/3457/3457 3456/3456/3456 
f 3455/3455/3455 3457/3457/3457 3454/3454/3454 
f 3455/3455/3455 3456/3456/3456 3457/3457/3457 
f 1900/1900/1900 1901/1901/1901 1902/1902/1902 
f 1901/1901/1901 1900/1900/1900 1979/1979/1979 
f 1982/1982/1982 1979/1979/1979 1900/1900/1900 
f 1979/1979/1979 1982/1982/1982 2568/2568/2568 
f 1926/1926/1926 1982/1982/1982 1900/1900/1900 
f 1982/1982/1982 1926/1926/1926 2575/2575/2575 
f 1900/1900/1900 1915/1915/1915 1926/1926/1926 
f 1915/1915/1915 1900/1900/1900 1902/1902/1902 
f 1901/1901/1901 1912/1912/1912 1902/1902/1902 
f 1912/1912/1912 1915/1915/1915 1902/1902/1902 
f 1912/1912/1912 1901/1901/1901 1913/1913/1913 
f 1915/1915/1915 1912/1912/1912 2117/2117/2117 
f 1913/1913/1913 2115/2115/2115 1912/1912/1912 
f 1912/1912/1912 2060/2060/2060 2117/2117/2117 
f 2115/2115/2115 2055/2055/2055 1912/1912/1912 
f 2060/2060/2060 1912/1912/1912 2056/2056/2056 
f 2055/2055/2055 2056/2056/2056 1912/1912/1912 
f 1797/1797/1797 1798/1798/1798 1799/1799/1799 
f 1804/1804/1804 1799/1799/1799 1798/1798/1798 
f 1802/1802/1802 1797/1797/1797 1799/1799/1799 
f 1799/1799/1799 1804/1804/1804 1819/1819/1819 
f 1801/1801/1801 1802/1802/1802 1799/1799/1799 
f 1824/1824/1824 1799/1799/1799 1819/1819/1819 
f 1799/1799/1799 1880/1880/1880 1801/1801/1801 
f 1799/1799/1799 1824/1824/1824 1882/1882/1882 
f 1880/1880/1880 1799/1799/1799 1882/1882/1882 
f 1824/1824/1824 1966/1966/1966 1882/1882/1882 
f 1966/1966/1966 1880/1880/1880 1882/1882/1882 
f 1966/1966/1966 1824/1824/1824 1968/1968/1968 
f 1880/1880/1880 1966/1966/1966 2379/2379/2379 
f 1968/1968/1968 2380/2380/2380 1966/1966/1966 
f 2380/2380/2380 2379/2379/2379 1966/1966/1966 
f 2380/2380/2380 1968/1968/1968 2559/2559/2559 
f 2379/2379/2379 2380/2380/2380 2381/2381/2381 
f 2681/2681/2681 2682/2682/2682 2683/2683/2683 
f 2682/2682/2682 2681/2681/2681 3023/3023/3023 
f 3022/3022/3022 3023/3023/3023 2681/2681/2681 
f 3026/3026/3026 3022/3022/3022 2681/2681/2681 
f 2741/2741/2741 3026/3026/3026 2681/2681/2681 
f 2741/2741/2741 2681/2681/2681 2742/2742/2742 
f 3355/3355/3355 2681/2681/2681 2683/2683/2683 
f 2681/2681/2681 3353/3353/3353 2742/2742/2742 
f 2681/2681/2681 3355/3355/3355 3354/3354/3354 
f 3353/3353/3353 2681/2681/2681 3354/3354/3354 
f 3355/3355/3355 3212/3212/3212 3354/3354/3354 
f 3212/3212/3212 3353/3353/3353 3354/3354/3354 
f 3212/3212/3212 3355/3355/3355 3200/3200/3200 
f 3353/3353/3353 3212/3212/3212 3183/3183/3183 
f 3200/3200/3200 3184/3184/3184 3212/3212/3212 
f 3184/3184/3184 3183/3183/3183 3212/3212/3212 
f 3184/3184/3184 3200/3200/3200 3201/3201/3201 
f 3183/3183/3183 3184/3184/3184 3185/3185/3185 
f 1919/1919/1919 1920/1920/1920 1921/1921/1921 
f 1921/1921/1921 1992/1992/1992 2647/2647/2647 
f 1992/1992/1992 1921/1921/1921 1920/1920/1920 
f 1991/1991/1991 1992/1992/1992 1920/1920/1920 
f 1992/1992/1992 1991/1991/1991 2577/2577/2577 
f 1920/1920/1920 2121/2121/2121 1991/1991/1991 
f 1920/1920/1920 1919/1919/1919 2118/2118/2118 
f 2121/2121/2121 1920/1920/1920 2118/2118/2118 
f 1919/1919/1919 2044/2044/2044 2118/2118/2118 
f 2044/2044/2044 2121/2121/2121 2118/2118/2118 
f 2044/2044/2044 1919/1919/1919 2136/2136/2136 
f 2121/2121/2121 2044/2044/2044 2062/2062/2062 
f 2136/2136/2136 2061/2061/2061 2044/2044/2044 
f 2044/2044/2044 2047/2047/2047 2062/2062/2062 
f 2061/2061/2061 2042/2042/2042 2044/2044/2044 
f 2047/2047/2047 2044/2044/2044 2043/2043/2043 
f 2042/2042/2042 2043/2043/2043 2044/2044/2044 
f 2173/2173/2173 2174/2174/2174 2175/2175/2175 
f 2175/2175/2175 3171/3171/3171 3259/3259/3259 
f 3171/3171/3171 2175/2175/2175 2174/2174/2174 
f 3172/3172/3172 3171/3171/3171 2174/2174/2174 
f 3171/3171/3171 3172/3172/3172 3173/3173/3173 
f 2174/2174/2174 3379/3379/3379 3172/3172/3172 
f 2174/2174/2174 2173/2173/2173 3382/3382/3382 
f 3379/3379/3379 2174/2174/2174 3382/3382/3382 
f 2173/2173/2173 2202/2202/2202 3382/3382/3382 
f 2202/2202/2202 3379/3379/3379 3382/3382/3382 
f 2202/2202/2202 2173/2173/2173 2204/2204/2204 
f 3379/3379/3379 2202/2202/2202 2798/2798/2798 
f 2200/2200/2200 2202/2202/2202 2204/2204/2204 
f 2202/2202/2202 2739/2739/2739 2798/2798/2798 
f 2200/2200/2200 2201/2201/2201 2202/2202/2202 
f 2739/2739/2739 2202/2202/2202 2740/2740/2740 
f 2201/2201/2201 2649/2649/2649 2202/2202/2202 
f 2649/2649/2649 2740/2740/2740 2202/2202/2202 
f 2241/2241/2241 2242/2242/2242 2243/2243/2243 
f 2242/2242/2242 2249/2249/2249 2243/2243/2243 
f 2165/2165/2165 2166/2166/2166 2167/2167/2167 
f 2188/2188/2188 2165/2165/2165 2167/2167/2167 
f 2188/2188/2188 2189/2189/2189 2165/2165/2165 
f 2189/2189/2189 2193/2193/2193 2165/2165/2165 
f 2193/2193/2193 2195/2195/2195 2165/2165/2165 
f 2206/2206/2206 2165/2165/2165 2195/2195/2195 
f 2165/2165/2165 2206/2206/2206 2169/2169/2169 
f 2168/2168/2168 2165/2165/2165 2169/2169/2169 
f 2166/2166/2166 2165/2165/2165 2171/2171/2171 
f 2165/2165/2165 2168/2168/2168 2171/2171/2171 
f 2179/2179/2179 2166/2166/2166 2171/2171/2171 
f 2168/2168/2168 2179/2179/2179 2171/2171/2171 
f 2166/2166/2166 2179/2179/2179 2232/2232/2232 
f 2179/2179/2179 2168/2168/2168 2248/2248/2248 
f 2231/2231/2231 2232/2232/2232 2179/2179/2179 
f 2248/2248/2248 2231/2231/2231 2179/2179/2179 
f 2232/2232/2232 2231/2231/2231 2628/2628/2628 
f 2231/2231/2231 2248/2248/2248 3258/3258/3258 
f 2033/2033/2033 2034/2034/2034 2035/2035/2035 
f 2023/2023/2023 2024/2024/2024 2025/2025/2025 
f 2024/2024/2024 2023/2023/2023 2226/2226/2226 
f 2226/2226/2226 2157/2157/2157 2024/2024/2024 
f 2023/2023/2023 2240/2240/2240 2226/2226/2226 
f 2240/2240/2240 2023/2023/2023 2612/2612/2612 
f 2145/2145/2145 2226/2226/2226 2240/2240/2240 
f 2157/2157/2157 2226/2226/2226 2156/2156/2156 
f 2226/2226/2226 2145/2145/2145 2156/2156/2156 
f 2144/2144/2144 2157/2157/2157 2156/2156/2156 
f 2145/2145/2145 2144/2144/2144 2156/2156/2156 
f 2157/2157/2157 2144/2144/2144 2159/2159/2159 
f 2144/2144/2144 2145/2145/2145 2146/2146/2146 
f 2144/2144/2144 2180/2180/2180 2159/2159/2159 
f 2150/2150/2150 2144/2144/2144 2146/2146/2146 
f 2180/2180/2180 2144/2144/2144 2192/2192/2192 
f 2150/2150/2150 2181/2181/2181 2144/2144/2144 
f 2192/2192/2192 2144/2144/2144 2187/2187/2187 
f 2181/2181/2181 2182/2182/2182 2144/2144/2144 
f 2182/2182/2182 2187/2187/2187 2144/2144/2144 
f 2708/2708/2708 2709/2709/2709 2710/2710/2710 
f 2710/2710/2710 2709/2709/2709 2818/2818/2818 
f 2818/2818/2818 2709/2709/2709 2921/2921/2921 
f 2709/2709/2709 2789/2789/2789 2913/2913/2913 
f 2877/2877/2877 2709/2709/2709 2913/2913/2913 
f 2769/2769/2769 2789/2789/2789 2709/2709/2709 
f 2709/2709/2709 2877/2877/2877 2876/2876/2876 
f 2876/2876/2876 2877/2877/2877 2878/2878/2878 
f 2769/2769/2769 2771/2771/2771 2773/2773/2773 
f 2769/2769/2769 2770/2770/2770 2771/2771/2771 
f 2770/2770/2770 2769/2769/2769 3424/3424/3424 
f 3424/3424/3424 3426/3426/3426 2770/2770/2770 
f 3424/3424/3424 3425/3425/3425 3426/3426/3426 
f 3424/3424/3424 3437/3437/3437 3425/3425/3425 
f 3465/3465/3465 3424/3424/3424 3466/3466/3466 
f 3466/3466/3466 3424/3424/3424 3467/3467/3467 
f 3475/3475/3475 3437/3437/3437 3424/3424/3424 
f 3437/3437/3437 3475/3475/3475 3491/3491/3491 
f 3475/3475/3475 3496/3496/3496 3491/3491/3491 
f 3475/3475/3475 3490/3490/3490 3496/3496/3496 
f 3475/3475/3475 3471/3471/3471 3490/3490/3490 
f 3494/3494/3494 3475/3475/3475 3495/3495/3495 
f 3493/3493/3493 3475/3475/3475 3494/3494/3494 
f 3492/3492/3492 3475/3475/3475 3493/3493/3493 
f 3401/3401/3401 3471/3471/3471 3475/3475/3475 
f 3471/3471/3471 3401/3401/3401 3472/3472/3472 
f 3401/3401/3401 3403/3403/3403 3472/3472/3472 
f 3401/3401/3401 3402/3402/3402 3403/3403/3403 
f 3417/3417/3417 3401/3401/3401 3418/3418/3418 
f 3411/3411/3411 3401/3401/3401 3417/3417/3417 
f 3310/3310/3310 3402/3402/3402 3401/3401/3401 
f 3401/3401/3401 3411/3411/3411 3310/3310/3310 
f 3402/3402/3402 3310/3310/3310 3409/3409/3409 
f 3421/3421/3421 3310/3310/3310 3411/3411/3411 
f 3416/3416/3416 3310/3310/3310 3421/3421/3421 
f 3412/3412/3412 3310/3310/3310 3416/3416/3416 
f 3222/3222/3222 3310/3310/3310 3412/3412/3412 
f 3310/3310/3310 3311/3311/3311 3312/3312/3312 
f 3310/3310/3310 3222/3222/3222 3221/3221/3221 
f 3196/3196/3196 3221/3221/3221 3222/3222/3222 
f 3393/3393/3393 3196/3196/3196 3222/3222/3222 
f 3196/3196/3196 3230/3230/3230 3221/3221/3221 
f 3196/3196/3196 3229/3229/3229 3230/3230/3230 
f 3196/3196/3196 3199/3199/3199 3229/3229/3229 
f 3196/3196/3196 3198/3198/3198 3199/3199/3199 
f 3196/3196/3196 3197/3197/3197 3198/3198/3198 
f 3196/3196/3196 3179/3179/3179 3197/3197/3197 
f 3179/3179/3179 3196/3196/3196 3177/3177/3177 
f 3177/3177/3177 3178/3178/3178 3179/3179/3179 
f 3177/3177/3177 3266/3266/3266 3178/3178/3178 
f 3177/3177/3177 3265/3265/3265 3266/3266/3266 
f 3223/3223/3223 3224/3224/3224 3225/3225/3225 
f 3224/3224/3224 3223/3223/3223 3307/3307/3307 
f 3307/3307/3307 3223/3223/3223 3308/3308/3308 
f 3307/3307/3307 3308/3308/3308 3309/3309/3309 
f 3307/3307/3307 3313/3313/3313 3314/3314/3314 
f 1930/1930/1930 1931/1931/1931 1932/1932/1932 
f 1931/1931/1931 1930/1930/1930 1999/1999/1999 
f 1932/1932/1932 2075/2075/2075 1930/1930/1930 
f 1931/1931/1931 2001/2001/2001 1932/1932/1932 
f 2001/2001/2001 1931/1931/1931 2588/2588/2588 
f 2122/2122/2122 1932/1932/1932 2001/2001/2001 
f 2075/2075/2075 1932/1932/1932 2123/2123/2123 
f 1932/1932/1932 2122/2122/2122 2123/2123/2123 
f 2050/2050/2050 2075/2075/2075 2123/2123/2123 
f 2122/2122/2122 2050/2050/2050 2123/2123/2123 
f 2075/2075/2075 2050/2050/2050 2076/2076/2076 
f 2050/2050/2050 2122/2122/2122 2063/2063/2063 
f 2050/2050/2050 2089/2089/2089 2076/2076/2076 
f 2063/2063/2063 2048/2048/2048 2050/2050/2050 
f 2089/2089/2089 2050/2050/2050 2073/2073/2073 
f 2048/2048/2048 2049/2049/2049 2050/2050/2050 
f 2049/2049/2049 2073/2073/2073 2050/2050/2050 
f 1940/1940/1940 1941/1941/1941 1942/1942/1942 
f 1941/1941/1941 1940/1940/1940 2609/2609/2609 
f 2077/2077/2077 1942/1942/1942 1941/1941/1941 
f 1948/1948/1948 1940/1940/1940 1942/1942/1942 
f 1940/1940/1940 1948/1948/1948 1949/1949/1949 
f 1942/1942/1942 2066/2066/2066 1948/1948/1948 
f 1942/1942/1942 2077/2077/2077 2138/2138/2138 
f 2066/2066/2066 1942/1942/1942 2138/2138/2138 
f 2077/2077/2077 2067/2067/2067 2138/2138/2138 
f 2067/2067/2067 2066/2066/2066 2138/2138/2138 
f 2067/2067/2067 2077/2077/2077 2078/2078/2078 
f 2066/2066/2066 2067/2067/2067 2068/2068/2068 
f 2100/2100/2100 2067/2067/2067 2078/2078/2078 
f 2095/2095/2095 2067/2067/2067 2100/2100/2100 
f 2067/2067/2067 2099/2099/2099 2068/2068/2068 
f 2095/2095/2095 2096/2096/2096 2067/2067/2067 
f 2099/2099/2099 2067/2067/2067 2098/2098/2098 
f 2096/2096/2096 2097/2097/2097 2067/2067/2067 
f 2097/2097/2097 2098/2098/2098 2067/2067/2067 
f 1955/1955/1955 1956/1956/1956 1957/1957/1957 
f 1956/1956/1956 1955/1955/1955 2613/2613/2613 
f 2084/2084/2084 1957/1957/1957 1956/1956/1956 
f 2031/2031/2031 1955/1955/1955 1957/1957/1957 
f 1955/1955/1955 2031/2031/2031 2032/2032/2032 
f 1957/1957/1957 2154/2154/2154 2031/2031/2031 
f 1957/1957/1957 2084/2084/2084 2140/2140/2140 
f 2154/2154/2154 1957/1957/1957 2140/2140/2140 
f 2084/2084/2084 2083/2083/2083 2140/2140/2140 
f 2083/2083/2083 2154/2154/2154 2140/2140/2140 
f 2083/2083/2083 2084/2084/2084 2085/2085/2085 
f 2154/2154/2154 2083/2083/2083 2141/2141/2141 
f 2111/2111/2111 2083/2083/2083 2085/2085/2085 
f 2108/2108/2108 2083/2083/2083 2111/2111/2111 
f 2083/2083/2083 2113/2113/2113 2141/2141/2141 
f 2108/2108/2108 2109/2109/2109 2083/2083/2083 
f 2113/2113/2113 2083/2083/2083 2105/2105/2105 
f 2109/2109/2109 2104/2104/2104 2083/2083/2083 
f 2104/2104/2104 2105/2105/2105 2083/2083/2083 
f 3413/3413/3413 3414/3414/3414 3415/3415/3415 
f 2547/2547/2547 2562/2562/2562 2528/2528/2528 
f 2528/2528/2528 2567/2567/2567 2547/2547/2547 
f 2527/2527/2527 2528/2528/2528 2529/2529/2529 
f 2547/2547/2547 2548/2548/2548 2572/2572/2572 
f 2547/2547/2547 2543/2543/2543 2548/2548/2548 
f 2442/2442/2442 2542/2542/2542 2543/2543/2543 
f 2442/2442/2442 2441/2441/2441 2542/2542/2542 
f 2436/2436/2436 2441/2441/2441 2442/2442/2442 
f 2554/2554/2554 2442/2442/2442 2561/2561/2561 
f 2536/2536/2536 2442/2442/2442 2554/2554/2554 
f 2535/2535/2535 2436/2436/2436 2536/2536/2536 
f 2540/2540/2540 2436/2436/2436 2535/2535/2535 
f 2435/2435/2435 2436/2436/2436 2302/2302/2302 
f 2302/2302/2302 2303/2303/2303 2304/2304/2304 
f 2303/2303/2303 2302/2302/2302 2305/2305/2305 
f 2302/2302/2302 2426/2426/2426 2385/2385/2385 
f 2391/2391/2391 2302/2302/2302 2385/2385/2385 
f 2385/2385/2385 2319/2319/2319 2391/2391/2391 
f 2319/2319/2319 2385/2385/2385 2317/2317/2317 
f 2385/2385/2385 2386/2386/2386 2317/2317/2317 
f 2317/2317/2317 2318/2318/2318 2319/2319/2319 
f 2358/2358/2358 2317/2317/2317 2359/2359/2359 
f 2317/2317/2317 2336/2336/2336 2337/2337/2337 
f 2317/2317/2317 2351/2351/2351 2352/2352/2352 
f 2352/2352/2352 2401/2401/2401 2402/2402/2402 
f 2351/2351/2351 2407/2407/2407 2408/2408/2408 
f 2408/2408/2408 2407/2407/2407 2401/2401/2401 
f 2819/2819/2819 2820/2820/2820 2821/2821/2821 
f 3139/3139/3139 2819/2819/2819 2821/2821/2821 
f 2819/2819/2819 3139/3139/3139 3138/3138/3138 
f 3137/3137/3137 3138/3138/3138 3139/3139/3139 
f 2821/2821/2821 3076/3076/3076 3139/3139/3139 
f 2821/2821/2821 3077/3077/3077 3076/3076/3076 
f 3076/3076/3076 3077/3077/3077 3078/3078/3078 
f 2958/2958/2958 3077/3077/3077 2821/2821/2821 
f 2821/2821/2821 2820/2820/2820 2823/2823/2823 
f 2958/2958/2958 2821/2821/2821 2823/2823/2823 
f 2822/2822/2822 2823/2823/2823 2820/2820/2820 
f 2823/2823/2823 3157/3157/3157 2958/2958/2958 
f 2823/2823/2823 2822/2822/2822 2905/2905/2905 
f 3157/3157/3157 2823/2823/2823 2905/2905/2905 
f 2013/2013/2013 2014/2014/2014 2015/2015/2015 
f 2013/2013/2013 2019/2019/2019 2014/2014/2014 
f 2019/2019/2019 2013/2013/2013 2624/2624/2624 
f 2626/2626/2626 2013/2013/2013 2627/2627/2627 
f 1950/1950/1950 1951/1951/1951 1952/1952/1952 
f 1951/1951/1951 1950/1950/1950 2614/2614/2614 
f 1952/1952/1952 2086/2086/2086 1950/1950/1950 
f 1951/1951/1951 2016/2016/2016 1952/1952/1952 
f 2016/2016/2016 1951/1951/1951 2017/2017/2017 
f 2142/2142/2142 1952/1952/1952 2016/2016/2016 
f 2086/2086/2086 1952/1952/1952 2139/2139/2139 
f 1952/1952/1952 2142/2142/2142 2139/2139/2139 
f 2087/2087/2087 2086/2086/2086 2139/2139/2139 
f 2142/2142/2142 2087/2087/2087 2139/2139/2139 
f 2086/2086/2086 2087/2087/2087 2088/2088/2088 
f 2087/2087/2087 2142/2142/2142 2143/2143/2143 
f 2088/2088/2088 2087/2087/2087 2112/2112/2112 
f 2110/2110/2110 2087/2087/2087 2143/2143/2143 
f 2112/2112/2112 2087/2087/2087 2103/2103/2103 
f 2087/2087/2087 2110/2110/2110 2106/2106/2106 
f 2087/2087/2087 2102/2102/2102 2103/2103/2103 
f 2087/2087/2087 2106/2106/2106 2107/2107/2107 
f 2087/2087/2087 2107/2107/2107 2102/2102/2102 
f 3057/3057/3057 3058/3058/3058 3059/3059/3059 
f 1943/1943/1943 1944/1944/1944 1945/1945/1945 
f 1944/1944/1944 1943/1943/1943 2610/2610/2610 
f 1945/1945/1945 2079/2079/2079 1943/1943/1943 
f 1944/1944/1944 1946/1946/1946 1945/1945/1945 
f 1946/1946/1946 1944/1944/1944 1947/1947/1947 
f 2070/2070/2070 1945/1945/1945 1946/1946/1946 
f 2079/2079/2079 1945/1945/1945 2081/2081/2081 
f 1945/1945/1945 2070/2070/2070 2081/2081/2081 
f 2069/2069/2069 2079/2079/2079 2081/2081/2081 
f 2070/2070/2070 2069/2069/2069 2081/2081/2081 
f 2079/2079/2079 2069/2069/2069 2080/2080/2080 
f 2069/2069/2069 2070/2070/2070 2071/2071/2071 
f 2080/2080/2080 2069/2069/2069 2101/2101/2101 
f 2094/2094/2094 2069/2069/2069 2071/2071/2071 
f 2101/2101/2101 2069/2069/2069 2091/2091/2091 
f 2069/2069/2069 2094/2094/2094 2092/2092/2092 
f 2069/2069/2069 2090/2090/2090 2091/2091/2091 
f 2069/2069/2069 2092/2092/2092 2093/2093/2093 
f 2069/2069/2069 2093/2093/2093 2090/2090/2090 
f 1933/1933/1933 1934/1934/1934 1935/1935/1935 
f 1934/1934/1934 1933/1933/1933 2000/2000/2000 
f 2064/2064/2064 1935/1935/1935 1934/1934/1934 
f 1993/1993/1993 1933/1933/1933 1935/1935/1935 
f 1933/1933/1933 1993/1993/1993 2589/2589/2589 
f 1935/1935/1935 2126/2126/2126 1993/1993/1993 
f 1935/1935/1935 2064/2064/2064 2127/2127/2127 
f 2126/2126/2126 1935/1935/1935 2127/2127/2127 
f 2064/2064/2064 2051/2051/2051 2127/2127/2127 
f 2051/2051/2051 2126/2126/2126 2127/2127/2127 
f 2051/2051/2051 2064/2064/2064 2065/2065/2065 
f 2126/2126/2126 2051/2051/2051 2082/2082/2082 
f 2074/2074/2074 2051/2051/2051 2065/2065/2065 
f 2051/2051/2051 2053/2053/2053 2082/2082/2082 
f 2051/2051/2051 2074/2074/2074 2072/2072/2072 
f 2051/2051/2051 2052/2052/2052 2053/2053/2053 
f 2051/2051/2051 2072/2072/2072 2052/2052/2052 
f 2020/2020/2020 2021/2021/2021 2022/2022/2022 
f 2021/2021/2021 2020/2020/2020 2225/2225/2225 
f 2158/2158/2158 2225/2225/2225 2020/2020/2020 
f 2224/2224/2224 2021/2021/2021 2225/2225/2225 
f 2021/2021/2021 2224/2224/2224 2617/2617/2617 
f 2225/2225/2225 2147/2147/2147 2224/2224/2224 
f 2225/2225/2225 2158/2158/2158 2155/2155/2155 
f 2147/2147/2147 2225/2225/2225 2155/2155/2155 
f 2158/2158/2158 2148/2148/2148 2155/2155/2155 
f 2148/2148/2148 2147/2147/2147 2155/2155/2155 
f 2148/2148/2148 2158/2158/2158 2153/2153/2153 
f 2147/2147/2147 2148/2148/2148 2149/2149/2149 
f 2152/2152/2152 2148/2148/2148 2153/2153/2153 
f 2148/2148/2148 2152/2152/2152 2186/2186/2186 
f 2149/2149/2149 2148/2148/2148 2151/2151/2151 
f 2185/2185/2185 2148/2148/2148 2186/2186/2186 
f 2148/2148/2148 2184/2184/2184 2151/2151/2151 
f 2148/2148/2148 2185/2185/2185 2183/2183/2183 
f 2148/2148/2148 2183/2183/2183 2184/2184/2184 
f 2026/2026/2026 2027/2027/2027 2028/2028/2028 
f 2160/2160/2160 2161/2161/2161 2162/2162/2162 
f 2162/2162/2162 2161/2161/2161 2191/2191/2191 
f 2161/2161/2161 2190/2190/2190 2191/2191/2191 
f 2161/2161/2161 2194/2194/2194 2190/2190/2190 
f 2161/2161/2161 2196/2196/2196 2194/2194/2194 
f 2161/2161/2161 2205/2205/2205 2196/2196/2196 
f 2205/2205/2205 2161/2161/2161 2170/2170/2170 
f 2161/2161/2161 2163/2163/2163 2170/2170/2170 
f 2161/2161/2161 2160/2160/2160 2164/2164/2164 
f 2163/2163/2163 2161/2161/2161 2164/2164/2164 
f 2160/2160/2160 2172/2172/2172 2164/2164/2164 
f 2172/2172/2172 2163/2163/2163 2164/2164/2164 
f 2172/2172/2172 2160/2160/2160 2229/2229/2229 
f 2163/2163/2163 2172/2172/2172 2247/2247/2247 
f 2229/2229/2229 2230/2230/2230 2172/2172/2172 
f 2230/2230/2230 2247/2247/2247 2172/2172/2172 
f 2230/2230/2230 2229/2229/2229 2619/2619/2619 
f 2247/2247/2247 2230/2230/2230 3257/3257/3257 
f 2444/2444/2444 2447/2447/2447 2449/2449/2449 
f 2447/2447/2447 2448/2448/2448 2449/2449/2449 
f 2448/2448/2448 2447/2447/2447 2451/2451/2451 
f 2447/2447/2447 2466/2466/2466 2451/2451/2451 
f 3237/3237/3237 2466/2466/2466 2467/2467/2467 
f 2450/2450/2450 2448/2448/2448 2451/2451/2451 
f 2466/2466/2466 2450/2450/2450 2451/2451/2451 
f 2448/2448/2448 2450/2450/2450 2604/2604/2604 
f 2466/2466/2466 3237/3237/3237 3233/3233/3233 
f 2450/2450/2450 2466/2466/2466 3233/3233/3233 
f 3236/3236/3236 3233/3233/3233 3237/3237/3237 
f 3234/3234/3234 2604/2604/2604 2450/2450/2450 
f 3233/3233/3233 3234/3234/3234 2450/2450/2450 
f 3233/3233/3233 3236/3236/3236 3235/3235/3235 
f 3234/3234/3234 3233/3233/3233 3235/3235/3235 
f 3245/3245/3245 3235/3235/3235 3236/3236/3236 
f 3235/3235/3235 3245/3245/3245 3243/3243/3243 
f 3243/3243/3243 3234/3234/3234 3235/3235/3235 
f 3322/3322/3322 3243/3243/3243 3245/3245/3245 
f 2604/2604/2604 3234/3234/3234 3248/3248/3248 
f 3234/3234/3234 3243/3243/3243 3244/3244/3244 
f 3244/3244/3244 3248/3248/3248 3234/3234/3234 
f 2208/2208/2208 2209/2209/2209 2210/2210/2210 
f 2216/2216/2216 2217/2217/2217 2209/2209/2209 
f 2216/2216/2216 2615/2615/2615 2616/2616/2616 
f 2220/2220/2220 2216/2216/2216 2221/2221/2221 
f 2208/2208/2208 2593/2593/2593 2594/2594/2594 
f 2208/2208/2208 2592/2592/2592 2593/2593/2593 
f 2176/2176/2176 2177/2177/2177 2178/2178/2178 
f 3175/3175/3175 2178/2178/2178 3260/3260/3260 
f 2178/2178/2178 3175/3175/3175 2176/2176/2176 
f 3175/3175/3175 3174/3174/3174 2176/2176/2176 
f 3174/3174/3174 3175/3175/3175 3176/3176/3176 
f 3380/3380/3380 2176/2176/2176 3174/3174/3174 
f 2177/2177/2177 2176/2176/2176 3381/3381/3381 
f 2176/2176/2176 3380/3380/3380 3381/3381/3381 
f 2198/2198/2198 2177/2177/2177 3381/3381/3381 
f 3380/3380/3380 2198/2198/2198 3381/3381/3381 
f 2177/2177/2177 2198/2198/2198 2197/2197/2197 
f 2198/2198/2198 3380/3380/3380 2799/2799/2799 
f 2197/2197/2197 2198/2198/2198 2199/2199/2199 
f 2737/2737/2737 2198/2198/2198 2799/2799/2799 
f 2198/2198/2198 2203/2203/2203 2199/2199/2199 
f 2198/2198/2198 2737/2737/2737 2738/2738/2738 
f 2198/2198/2198 3028/3028/3028 2203/2203/2203 
f 2198/2198/2198 2738/2738/2738 3028/3028/3028 
f 1922/1922/1922 1923/1923/1923 1924/1924/1924 
f 1989/1989/1989 1924/1924/1924 2646/2646/2646 
f 1924/1924/1924 1989/1989/1989 1922/1922/1922 
f 1989/1989/1989 1990/1990/1990 1922/1922/1922 
f 1990/1990/1990 1989/1989/1989 2578/2578/2578 
f 2120/2120/2120 1922/1922/1922 1990/1990/1990 
f 1923/1923/1923 1922/1922/1922 2119/2119/2119 
f 1922/1922/1922 2120/2120/2120 2119/2119/2119 
f 2039/2039/2039 1923/1923/1923 2119/2119/2119 
f 2120/2120/2120 2039/2039/2039 2119/2119/2119 
f 1923/1923/1923 2039/2039/2039 2137/2137/2137 
f 2039/2039/2039 2120/2120/2120 2054/2054/2054 
f 2039/2039/2039 2041/2041/2041 2137/2137/2137 
f 2046/2046/2046 2039/2039/2039 2054/2054/2054 
f 2039/2039/2039 2040/2040/2040 2041/2041/2041 
f 2039/2039/2039 2046/2046/2046 2045/2045/2045 
f 2039/2039/2039 2045/2045/2045 2040/2040/2040 
f 1960/1960/1960 1961/1961/1961 1962/1962/1962 
f 1961/1961/1961 1960/1960/1960 2134/2134/2134 
f 2134/2134/2134 1960/1960/1960 2207/2207/2207 
f 2207/2207/2207 1960/1960/1960 2211/2211/2211 
f 1962/1962/1962 2008/2008/2008 1960/1960/1960 
f 2008/2008/2008 1962/1962/1962 2009/2009/2009 
f 2007/2007/2007 2008/2008/2008 2009/2009/2009 
f 2591/2591/2591 1960/1960/1960 2008/2008/2008 
f 2008/2008/2008 2590/2590/2590 2591/2591/2591 
f 2008/2008/2008 2583/2583/2583 2587/2587/2587 
f 2008/2008/2008 2582/2582/2582 2583/2583/2583 
f 2008/2008/2008 2581/2581/2581 2582/2582/2582 
f 2611/2611/2611 1960/1960/1960 2011/2011/2011 
f 2598/2598/2598 2011/2011/2011 1960/1960/1960 
f 2011/2011/2011 2598/2598/2598 2599/2599/2599 
f 2222/2222/2222 2011/2011/2011 2223/2223/2223 
f 2010/2010/2010 2011/2011/2011 2012/2012/2012 
f 2011/2011/2011 2010/2010/2010 2239/2239/2239 
f 2239/2239/2239 2238/2238/2238 2011/2011/2011 
f 2238/2238/2238 2239/2239/2239 2237/2237/2237 
f 2235/2235/2235 2237/2237/2237 2239/2239/2239 
f 2237/2237/2237 2235/2235/2235 2234/2234/2234 
f 2234/2234/2234 2235/2235/2235 2236/2236/2236 
f 2625/2625/2625 2235/2235/2235 2622/2622/2622 
f 2606/2606/2606 2622/2622/2622 2235/2235/2235 
f 2235/2235/2235 2605/2605/2605 2606/2606/2606 
f 2235/2235/2235 2618/2618/2618 2605/2605/2605 
f 2620/2620/2620 2622/2622/2622 2606/2606/2606 
f 2605/2605/2605 2620/2620/2620 2606/2606/2606 
f 2622/2622/2622 2620/2620/2620 2623/2623/2623 
f 2620/2620/2620 2605/2605/2605 2621/2621/2621 
f 2620/2620/2620 3253/3253/3253 2623/2623/2623 
f 2621/2621/2621 3253/3253/3253 2620/2620/2620 
f 3253/3253/3253 2621/2621/2621 3254/3254/3254 
f 3253/3253/3253 3254/3254/3254 3261/3261/3261 
f 3253/3253/3253 3261/3261/3261 3262/3262/3262 
f 3253/3253/3253 3262/3262/3262 3267/3267/3267 
f 2623/2623/2623 3253/3253/3253 3232/3232/3232 
f 3267/3267/3267 3161/3161/3161 3253/3253/3253 
f 3161/3161/3161 3232/3232/3232 3253/3253/3253 
f 3232/3232/3232 3161/3161/3161 3160/3160/3160 
f 3160/3160/3160 3161/3161/3161 3162/3162/3162 
f 3162/3162/3162 3161/3161/3161 3167/3167/3167 
f 3161/3161/3161 3163/3163/3163 3167/3167/3167 
f 3163/3163/3163 3161/3161/3161 3164/3164/3164 
f 3163/3163/3163 3164/3164/3164 3215/3215/3215 
f 3215/3215/3215 3164/3164/3164 3216/3216/3216 
f 3216/3216/3216 3164/3164/3164 3218/3218/3218 
f 3218/3218/3218 3164/3164/3164 3226/3226/3226 
f 3226/3226/3226 3164/3164/3164 3227/3227/3227 
f 3227/3227/3227 3164/3164/3164 3396/3396/3396 
f 2662/2662/2662 2663/2663/2663 2664/2664/2664 
f 2663/2663/2663 2662/2662/2662 2723/2723/2723 
f 2663/2663/2663 2723/2723/2723 3024/3024/3024 
f 2663/2663/2663 3024/3024/3024 3021/3021/3021 
f 2663/2663/2663 3021/3021/3021 2732/2732/2732 
f 2731/2731/2731 2663/2663/2663 2732/2732/2732 
f 2663/2663/2663 3159/3159/3159 2664/2664/2664 
f 3348/3348/3348 2663/2663/2663 2731/2731/2731 
f 3159/3159/3159 2663/2663/2663 3341/3341/3341 
f 2663/2663/2663 3348/3348/3348 3341/3341/3341 
f 3211/3211/3211 3159/3159/3159 3341/3341/3341 
f 3348/3348/3348 3211/3211/3211 3341/3341/3341 
f 3159/3159/3159 3211/3211/3211 3202/3202/3202 
f 3211/3211/3211 3348/3348/3348 3181/3181/3181 
f 3180/3180/3180 3202/3202/3202 3211/3211/3211 
f 3181/3181/3181 3180/3180/3180 3211/3211/3211 
f 3202/3202/3202 3180/3180/3180 3203/3203/3203 
f 3180/3180/3180 3181/3181/3181 3182/3182/3182 
f 1784/1784/1784 1785/1785/1785 1786/1786/1786 
f 1784/1784/1784 1805/1805/1805 1785/1785/1785 
f 1784/1784/1784 1786/1786/1786 1800/1800/1800 
f 1805/1805/1805 1784/1784/1784 1820/1820/1820 
f 1784/1784/1784 1800/1800/1800 1803/1803/1803 
f 1784/1784/1784 1881/1881/1881 1820/1820/1820 
f 1874/1874/1874 1784/1784/1784 1803/1803/1803 
f 1881/1881/1881 1784/1784/1784 1883/1883/1883 
f 1784/1784/1784 1874/1874/1874 1883/1883/1883 
f 1965/1965/1965 1881/1881/1881 1883/1883/1883 
f 1874/1874/1874 1965/1965/1965 1883/1883/1883 
f 1881/1881/1881 1965/1965/1965 1967/1967/1967 
f 1965/1965/1965 1874/1874/1874 2383/2383/2383 
f 2382/2382/2382 1967/1967/1967 1965/1965/1965 
f 2383/2383/2383 2382/2382/2382 1965/1965/1965 
f 1967/1967/1967 2382/2382/2382 2560/2560/2560 
f 2382/2382/2382 2383/2383/2383 2384/2384/2384 
f 1897/1897/1897 1898/1898/1898 1899/1899/1899 
f 1898/1898/1898 1897/1897/1897 1980/1980/1980 
f 1980/1980/1980 1981/1981/1981 1898/1898/1898 
f 1981/1981/1981 1980/1980/1980 2569/2569/2569 
f 1981/1981/1981 1927/1927/1927 1898/1898/1898 
f 1927/1927/1927 1981/1981/1981 2576/2576/2576 
f 1914/1914/1914 1898/1898/1898 1927/1927/1927 
f 1898/1898/1898 1914/1914/1914 1899/1899/1899 
f 1910/1910/1910 1897/1897/1897 1899/1899/1899 
f 1914/1914/1914 1910/1910/1910 1899/1899/1899 
f 1897/1897/1897 1910/1910/1910 1911/1911/1911 
f 1910/1910/1910 1914/1914/1914 2114/2114/2114 
f 1910/1910/1910 2116/2116/2116 1911/1911/1911 
f 2059/2059/2059 1910/1910/1910 2114/2114/2114 
f 1910/1910/1910 2058/2058/2058 2116/2116/2116 
f 1910/1910/1910 2059/2059/2059 2057/2057/2057 
f 1910/1910/1910 2057/2057/2057 2058/2058/2058 
f 1936/1936/1936 1937/1937/1937 1938/1938/1938 
f 1994/1994/1994 1936/1936/1936 1938/1938/1938 
f 1936/1936/1936 1994/1994/1994 1995/1995/1995 
f 1937/1937/1937 1936/1936/1936 1954/1954/1954 
f 1953/1953/1953 1937/1937/1937 1954/1954/1954 
f 1954/1954/1954 2018/2018/2018 1953/1953/1953 
f 1995/1995/1995 2596/2596/2596 1936/1936/1936 
f 1936/1936/1936 2596/2596/2596 1954/1954/1954 
f 1995/1995/1995 2597/2597/2597 2596/2596/2596 
f 2595/2595/2595 2596/2596/2596 2597/2597/2597 
f 2600/2600/2600 2596/2596/2596 2595/2595/2595 
f 1954/1954/1954 2029/2029/2029 2030/2030/2030 
f 2596/2596/2596 2600/2600/2600 2603/2603/2603 
f 2603/2603/2603 2600/2600/2600 2602/2602/2602 
f 2596/2596/2596 2604/2604/2604 1954/1954/1954 
f 2029/2029/2029 1954/1954/1954 2604/2604/2604 
f 2603/2603/2603 2448/2448/2448 2596/2596/2596 
f 2604/2604/2604 2596/2596/2596 2448/2448/2448 
f 2602/2602/2602 2585/2585/2585 2603/2603/2603 
f 2585/2585/2585 2602/2602/2602 2601/2601/2601 
f 2586/2586/2586 2585/2585/2585 2601/2601/2601 
f 2584/2584/2584 2585/2585/2585 2586/2586/2586 
f 2585/2585/2585 2449/2449/2449 2603/2603/2603 
f 2448/2448/2448 2603/2603/2603 2449/2449/2449 
f 2584/2584/2584 2445/2445/2445 2585/2585/2585 
f 2445/2445/2445 2584/2584/2584 2642/2642/2642 
f 2641/2641/2641 2445/2445/2445 2642/2642/2642 
f 2640/2640/2640 2445/2445/2445 2641/2641/2641 
f 2632/2632/2632 2445/2445/2445 2640/2640/2640 
f 2630/2630/2630 2445/2445/2445 2632/2632/2632 
f 2445/2445/2445 2630/2630/2630 2629/2629/2629 
f 2444/2444/2444 2585/2585/2585 2445/2445/2445 
f 2585/2585/2585 2444/2444/2444 2449/2449/2449 
f 2629/2629/2629 2443/2443/2443 2445/2445/2445 
f 2443/2443/2443 2444/2444/2444 2445/2445/2445 
f 2443/2443/2443 2629/2629/2629 2566/2566/2566 
f 2565/2565/2565 2443/2443/2443 2566/2566/2566 
f 2443/2443/2443 2565/2565/2565 2549/2549/2549 
f 2549/2549/2549 2440/2440/2440 2443/2443/2443 
f 2440/2440/2440 2549/2549/2549 2546/2546/2546 
f 2545/2545/2545 2440/2440/2440 2546/2546/2546 
f 2544/2544/2544 2440/2440/2440 2545/2545/2545 
f 2440/2440/2440 2544/2544/2544 2439/2439/2439 
f 2446/2446/2446 2443/2443/2443 2440/2440/2440 
f 2443/2443/2443 2446/2446/2446 2444/2444/2444 
f 2439/2439/2439 2415/2415/2415 2440/2440/2440 
f 2415/2415/2415 2446/2446/2446 2440/2440/2440 
f 2415/2415/2415 2439/2439/2439 2438/2438/2438 
f 2437/2437/2437 2415/2415/2415 2438/2438/2438 
f 2397/2397/2397 2415/2415/2415 2437/2437/2437 
f 2415/2415/2415 2397/2397/2397 2387/2387/2387 
f 2397/2397/2397 2388/2388/2388 2387/2387/2387 
f 2387/2387/2387 2388/2388/2388 2389/2389/2389 
f 2387/2387/2387 2389/2389/2389 2396/2396/2396 
f 2395/2395/2395 2387/2387/2387 2396/2396/2396 
f 2394/2394/2394 2387/2387/2387 2395/2395/2395 
f 2406/2406/2406 2387/2387/2387 2394/2394/2394 
f 2456/2456/2456 2387/2387/2387 2406/2406/2406 
f 2462/2462/2462 2415/2415/2415 2387/2387/2387 
f 2387/2387/2387 2456/2456/2456 2462/2462/2462 
f 2415/2415/2415 2462/2462/2462 2446/2446/2446 
f 2456/2456/2456 2461/2461/2461 2462/2462/2462 
f 2461/2461/2461 2446/2446/2446 2462/2462/2462 
f 2461/2461/2461 2456/2456/2456 2464/2464/2464 
f 2461/2461/2461 2464/2464/2464 2465/2465/2465 
f 2446/2446/2446 2461/2461/2461 2468/2468/2468 
f 2468/2468/2468 2444/2444/2444 2446/2446/2446 
f 2465/2465/2465 2466/2466/2466 2461/2461/2461 
f 2466/2466/2466 2468/2468/2468 2461/2461/2461 
f 2466/2466/2466 2465/2465/2465 2467/2467/2467 
f 2444/2444/2444 2468/2468/2468 2469/2469/2469 
f 2468/2468/2468 2466/2466/2466 2469/2469/2469 
f 2447/2447/2447 2444/2444/2444 2469/2469/2469 
f 2469/2469/2469 2466/2466/2466 2447/2447/2447 
f 2724/2724/2724 2725/2725/2725 2726/2726/2726 
f 2725/2725/2725 2724/2724/2724 3038/3038/3038 
f 2725/2725/2725 3038/3038/3038 3045/3045/3045 
f 2725/2725/2725 3045/3045/3045 3046/3046/3046 
f 2725/2725/2725 3046/3046/3046 3029/3029/3029 
f 2807/2807/2807 2725/2725/2725 3029/3029/3029 
f 2725/2725/2725 2803/2803/2803 2726/2726/2726 
f 2806/2806/2806 2725/2725/2725 2807/2807/2807 
f 2803/2803/2803 2725/2725/2725 3343/3343/3343 
f 2725/2725/2725 2806/2806/2806 3343/3343/3343 
f 3219/3219/3219 2803/2803/2803 3343/3343/3343 
f 2806/2806/2806 3219/3219/3219 3343/3343/3343 
f 2803/2803/2803 3219/3219/3219 3192/3192/3192 
f 3219/3219/3219 2806/2806/2806 3209/3209/3209 
f 3193/3193/3193 3192/3192/3192 3219/3219/3219 
f 3209/3209/3209 3193/3193/3193 3219/3219/3219 
f 3192/3192/3192 3193/3193/3193 3194/3194/3194 
f 3193/3193/3193 3209/3209/3209 3210/3210/3210 
f 2675/2675/2675 2676/2676/2676 2677/2677/2677 
f 2675/2675/2675 2677/2677/2677 2722/2722/2722 
f 2675/2675/2675 2722/2722/2722 3042/3042/3042 
f 2675/2675/2675 3042/3042/3042 3043/3043/3043 
f 3040/3040/3040 2675/2675/2675 3043/3043/3043 
f 2675/2675/2675 3040/3040/3040 3025/3025/3025 
f 2718/2718/2718 2675/2675/2675 3025/3025/3025 
f 2717/2717/2717 2675/2675/2675 2718/2718/2718 
f 2676/2676/2676 2675/2675/2675 2795/2795/2795 
f 2675/2675/2675 2717/2717/2717 2795/2795/2795 
f 3346/3346/3346 2676/2676/2676 2795/2795/2795 
f 2717/2717/2717 3346/3346/3346 2795/2795/2795 
f 2676/2676/2676 3346/3346/3346 3358/3358/3358 
f 3346/3346/3346 2717/2717/2717 3347/3347/3347 
f 3385/3385/3385 3358/3358/3358 3346/3346/3346 
f 3347/3347/3347 3385/3385/3385 3346/3346/3346 
f 3358/3358/3358 3385/3385/3385 3408/3408/3408 
f 3385/3385/3385 3347/3347/3347 3386/3386/3386 
f 1766/1766/1766 1767/1767/1767 1768/1768/1768 
f 1766/1766/1766 1770/1770/1770 1767/1767/1767 
f 1766/1766/1766 1768/1768/1768 1771/1771/1771 
f 1766/1766/1766 1772/1772/1772 1770/1770/1770 
f 1772/1772/1772 1766/1766/1766 1775/1775/1775 
f 1864/1864/1864 1766/1766/1766 1771/1771/1771 
f 1766/1766/1766 1782/1782/1782 1775/1775/1775 
f 1766/1766/1766 1864/1864/1864 1873/1873/1873 
f 1782/1782/1782 1766/1766/1766 1873/1873/1873 
f 1864/1864/1864 1890/1890/1890 1873/1873/1873 
f 1890/1890/1890 1782/1782/1782 1873/1873/1873 
f 1890/1890/1890 1864/1864/1864 2289/2289/2289 
f 1782/1782/1782 1890/1890/1890 1904/1904/1904 
f 2289/2289/2289 2288/2288/2288 1890/1890/1890 
f 2288/2288/2288 1904/1904/1904 1890/1890/1890 
f 2288/2288/2288 2289/2289/2289 2290/2290/2290 
f 1904/1904/1904 2288/2288/2288 2490/2490/2490 
f 2360/2360/2360 2288/2288/2288 2290/2290/2290 
f 2288/2288/2288 2427/2427/2427 2490/2490/2490 
f 2288/2288/2288 2360/2360/2360 2428/2428/2428 
f 2427/2427/2427 2288/2288/2288 2428/2428/2428 
f 2524/2524/2524 2525/2525/2525 2526/2526/2526 
f 2653/2653/2653 2654/2654/2654 2655/2655/2655 
f 2720/2720/2720 2653/2653/2653 2655/2655/2655 
f 2653/2653/2653 2720/2720/2720 3036/3036/3036 
f 3035/3035/3035 2653/2653/2653 3036/3036/3036 
f 2653/2653/2653 3035/3035/3035 3019/3019/3019 
f 2653/2653/2653 3019/3019/3019 3020/3020/3020 
f 3050/3050/3050 2653/2653/2653 3020/3020/3020 
f 2653/2653/2653 3050/3050/3050 3037/3037/3037 
f 2680/2680/2680 2653/2653/2653 3037/3037/3037 
f 2679/2679/2679 2653/2653/2653 2680/2680/2680 
f 2653/2653/2653 2679/2679/2679 2797/2797/2797 
f 2654/2654/2654 2653/2653/2653 2797/2797/2797 
f 2679/2679/2679 3359/3359/3359 2797/2797/2797 
f 3359/3359/3359 2654/2654/2654 2797/2797/2797 
f 3359/3359/3359 2679/2679/2679 3363/3363/3363 
f 2654/2654/2654 3359/3359/3359 3360/3360/3360 
f 3363/3363/3363 3397/3397/3397 3359/3359/3359 
f 3397/3397/3397 3360/3360/3360 3359/3359/3359 
f 3397/3397/3397 3363/3363/3363 3398/3398/3398 
f 3360/3360/3360 3397/3397/3397 3399/3399/3399 
f 1790/1790/1790 1791/1791/1791 1792/1792/1792 
f 1790/1790/1790 1793/1793/1793 1791/1791/1791 
f 1790/1790/1790 1792/1792/1792 1818/1818/1818 
f 1790/1790/1790 1796/1796/1796 1793/1793/1793 
f 1796/1796/1796 1790/1790/1790 1817/1817/1817 
f 1877/1877/1877 1790/1790/1790 1818/1818/1818 
f 1790/1790/1790 1887/1887/1887 1817/1817/1817 
f 1790/1790/1790 1877/1877/1877 1889/1889/1889 
f 1887/1887/1887 1790/1790/1790 1889/1889/1889 
f 1877/1877/1877 1905/1905/1905 1889/1889/1889 
f 1905/1905/1905 1887/1887/1887 1889/1889/1889 
f 1905/1905/1905 1877/1877/1877 2488/2488/2488 
f 1887/1887/1887 1905/1905/1905 1974/1974/1974 
f 2488/2488/2488 2493/2493/2493 1905/1905/1905 
f 2493/2493/2493 1974/1974/1974 1905/1905/1905 
f 2493/2493/2493 2488/2488/2488 2541/2541/2541 
f 1974/1974/1974 2493/2493/2493 2498/2498/2498 
f 3328/3328/3328 3244/3244/3244 3243/3243/3243 
f 3243/3243/3243 3322/3322/3322 3328/3328/3328 
f 3322/3322/3322 3321/3321/3321 3328/3328/3328 
f 3321/3321/3321 3322/3322/3322 3327/3327/3327 
f 3244/3244/3244 3328/3328/3328 3283/3283/3283 
f 3272/3272/3272 3328/3328/3328 3321/3321/3321 
f 3328/3328/3328 3272/3272/3272 3283/3283/3283 
f 3327/3327/3327 3280/3280/3280 3321/3321/3321 
f 3280/3280/3280 3327/3327/3327 3333/3333/3333 
f 3321/3321/3321 3270/3270/3270 3272/3272/3272 
f 3270/3270/3270 3321/3321/3321 3280/3280/3280 
f 3283/3283/3283 3169/3169/3169 3244/3244/3244 
f 3248/3248/3248 3244/3244/3244 3169/3169/3169 
f 3272/3272/3272 3278/3278/3278 3283/3283/3283 
f 3169/3169/3169 3283/3283/3283 3278/3278/3278 
f 3270/3270/3270 3271/3271/3271 3272/3272/3272 
f 3278/3278/3278 3272/3272/3272 3271/3271/3271 
f 3280/3280/3280 3273/3273/3273 3270/3270/3270 
f 3333/3333/3333 3281/3281/3281 3280/3280/3280 
f 3273/3273/3273 3280/3280/3280 3281/3281/3281 
f 3281/3281/3281 3333/3333/3333 3287/3287/3287 
f 3287/3287/3287 3282/3282/3282 3281/3281/3281 
f 3282/3282/3282 3273/3273/3273 3281/3281/3281 
f 3282/3282/3282 3287/3287/3287 3297/3297/3297 
f 3297/3297/3297 3289/3289/3289 3282/3282/3282 
f 3289/3289/3289 3297/3297/3297 3298/3298/3298 
f 3288/3288/3288 3282/3282/3282 3289/3289/3289 
f 3273/3273/3273 3282/3282/3282 3275/3275/3275 
f 3282/3282/3282 3288/3288/3288 3275/3275/3275 
f 3288/3288/3288 3279/3279/3279 3275/3275/3275 
f 3279/3279/3279 3288/3288/3288 3290/3290/3290 
f 2935/2935/2935 3279/3279/3279 3290/3290/3290 
f 3276/3276/3276 3275/3275/3275 3279/3279/3279 
f 3275/3275/3275 3276/3276/3276 3273/3273/3273 
f 2935/2935/2935 2924/2924/2924 3279/3279/3279 
f 2924/2924/2924 2935/2935/2935 2928/2928/2928 
f 2838/2838/2838 2924/2924/2924 2928/2928/2928 
f 3274/3274/3274 3273/3273/3273 3276/3276/3276 
f 3273/3273/3273 3274/3274/3274 3270/3270/3270 
f 3271/3271/3271 3270/3270/3270 3274/3274/3274 
f 3279/3279/3279 2783/2783/2783 3276/3276/3276 
f 2783/2783/2783 3279/3279/3279 2924/2924/2924 
f 3276/3276/3276 2768/2768/2768 3274/3274/3274 
f 2768/2768/2768 3276/3276/3276 2783/2783/2783 
f 3274/3274/3274 3318/3318/3318 3271/3271/3271 
f 3318/3318/3318 3274/3274/3274 2768/2768/2768 
f 2924/2924/2924 2838/2838/2838 2820/2820/2820 
f 2824/2824/2824 2820/2820/2820 2838/2838/2838 
f 2820/2820/2820 2824/2824/2824 2822/2822/2822 
f 2924/2924/2924 2707/2707/2707 2783/2783/2783 
f 2783/2783/2783 2706/2706/2706 2768/2768/2768 
f 2706/2706/2706 2783/2783/2783 2707/2707/2707 
f 2767/2767/2767 2768/2768/2768 2706/2706/2706 
f 2768/2768/2768 2767/2767/2767 2772/2772/2772 
f 2705/2705/2705 2706/2706/2706 2707/2707/2707 
f 2705/2705/2705 2707/2707/2707 2711/2711/2711 
f 2707/2707/2707 2914/2914/2914 2711/2711/2711 
f 2768/2768/2768 2772/2772/2772 3447/3447/3447 
f 3447/3447/3447 3429/3429/3429 2768/2768/2768 
f 3428/3428/3428 2768/2768/2768 3429/3429/3429 
f 3427/3427/3427 2768/2768/2768 3428/3428/3428 
f 2914/2914/2914 2707/2707/2707 2915/2915/2915 
f 2707/2707/2707 2924/2924/2924 2915/2915/2915 
f 2820/2820/2820 2915/2915/2915 2924/2924/2924 
f 2914/2914/2914 2915/2915/2915 2819/2819/2819 
f 2820/2820/2820 2819/2819/2819 2915/2915/2915 
f 3318/3318/3318 2768/2768/2768 3427/3427/3427 
f 3427/3427/3427 3435/3435/3435 3318/3318/3318 
f 3435/3435/3435 3427/3427/3427 3436/3436/3436 
f 3470/3470/3470 3318/3318/3318 3435/3435/3435 
f 3470/3470/3470 3277/3277/3277 3318/3318/3318 
f 3277/3277/3277 3271/3271/3271 3318/3318/3318 
f 3469/3469/3469 3277/3277/3277 3470/3470/3470 
f 3271/3271/3271 3277/3277/3277 3278/3278/3278 
f 3468/3468/3468 3469/3469/3469 3497/3497/3497 
f 3469/3469/3469 3468/3468/3468 3277/3277/3277 
f 3277/3277/3277 3468/3468/3468 3400/3400/3400 
f 3277/3277/3277 3400/3400/3400 3306/3306/3306 
f 3277/3277/3277 3306/3306/3306 3305/3305/3305 
f 3278/3278/3278 3277/3277/3277 3305/3305/3305 
f 3315/3315/3315 3305/3305/3305 3306/3306/3306 
f 3305/3305/3305 3315/3315/3315 3304/3304/3304 
f 3195/3195/3195 3278/3278/3278 3305/3305/3305 
f 3304/3304/3304 3195/3195/3195 3305/3305/3305 
f 3303/3303/3303 3195/3195/3195 3304/3304/3304 
f 3278/3278/3278 3195/3195/3195 3169/3169/3169 
f 3269/3269/3269 3195/3195/3195 3303/3303/3303 
f 3303/3303/3303 3268/3268/3268 3269/3269/3269 
f 3268/3268/3268 3220/3220/3220 3269/3269/3269 
f 3269/3269/3269 3220/3220/3220 3195/3195/3195 
f 3195/3195/3195 3220/3220/3220 3191/3191/3191 
f 3191/3191/3191 3169/3169/3169 3195/3195/3195 
f 3169/3169/3169 3191/3191/3191 3189/3189/3189 
f 3169/3169/3169 3189/3189/3189 3190/3190/3190 
f 3188/3188/3188 3169/3169/3169 3190/3190/3190 
f 3169/3169/3169 3188/3188/3188 3170/3170/3170 
f 3168/3168/3168 3169/3169/3169 3170/3170/3170 
f 3168/3168/3168 3248/3248/3248 3169/3169/3169 
f 3263/3263/3263 3248/3248/3248 3168/3168/3168 
f 3263/3263/3263 3255/3255/3255 3248/3248/3248 
f 3255/3255/3255 3263/3263/3263 3264/3264/3264 
f 2604/2604/2604 3248/3248/3248 3255/3255/3255 
f 3255/3255/3255 2029/2029/2029 2604/2604/2604 
f 2029/2029/2029 3255/3255/3255 3256/3256/3256 
f 1986/1986/1986 1987/1987/1987 1988/1988/1988 
f 1987/1987/1987 2002/2002/2002 1988/1988/1988 
f 2518/2518/2518 1987/1987/1987 2520/2520/2520 
f 2517/2517/2517 1987/1987/1987 2518/2518/2518 
f 1987/1987/1987 2517/2517/2517 2507/2507/2507 
f 2509/2509/2509 2507/2507/2507 2531/2531/2531 
f 2508/2508/2508 2507/2507/2507 2509/2509/2509 
f 2506/2506/2506 2507/2507/2507 2508/2508/2508 
f 2004/2004/2004 2005/2005/2005 2006/2006/2006 
f 2006/2006/2006 2005/2005/2005 2607/2607/2607 
f 2607/2607/2607 2005/2005/2005 2608/2608/2608 
f 2005/2005/2005 2579/2579/2579 2580/2580/2580 
f 2004/2004/2004 2522/2522/2522 2005/2005/2005 
f 2522/2522/2522 2645/2645/2645 2005/2005/2005 
f 2522/2522/2522 2644/2644/2644 2645/2645/2645 
f 3387/3387/3387 3388/3388/3388 3389/3389/3389 
f 1810/1810/1810 1811/1811/1811 1812/1812/1812 
f 1810/1810/1810 1813/1813/1813 1811/1811/1811 
f 1810/1810/1810 1812/1812/1812 1823/1823/1823 
f 1810/1810/1810 1816/1816/1816 1813/1813/1813 
f 1816/1816/1816 1810/1810/1810 1896/1896/1896 
f 1886/1886/1886 1810/1810/1810 1823/1823/1823 
f 1810/1810/1810 1894/1894/1894 1896/1896/1896 
f 1810/1810/1810 1886/1886/1886 1893/1893/1893 
f 1894/1894/1894 1810/1810/1810 1893/1893/1893 
f 1886/1886/1886 1908/1908/1908 1893/1893/1893 
f 1908/1908/1908 1894/1894/1894 1893/1893/1893 
f 1908/1908/1908 1886/1886/1886 2501/2501/2501 
f 1894/1894/1894 1908/1908/1908 1975/1975/1975 
f 2501/2501/2501 2516/2516/2516 1908/1908/1908 
f 2516/2516/2516 1975/1975/1975 1908/1908/1908 
f 2516/2516/2516 2501/2501/2501 2571/2571/2571 
f 1975/1975/1975 2516/2516/2516 2530/2530/2530 
f 2656/2656/2656 2657/2657/2657 2658/2658/2658 
f 2974/2974/2974 2656/2656/2656 2658/2658/2658 
f 2656/2656/2656 2974/2974/2974 2960/2960/2960 
f 2959/2959/2959 2656/2656/2656 2960/2960/2960 
f 2656/2656/2656 2959/2959/2959 2965/2965/2965 
f 2656/2656/2656 2965/2965/2965 2996/2996/2996 
f 2995/2995/2995 2656/2656/2656 2996/2996/2996 
f 2656/2656/2656 2995/2995/2995 3055/3055/3055 
f 2736/2736/2736 2656/2656/2656 3055/3055/3055 
f 2735/2735/2735 2656/2656/2656 2736/2736/2736 
f 2656/2656/2656 2735/2735/2735 2671/2671/2671 
f 2657/2657/2657 2656/2656/2656 2671/2671/2671 
f 2735/2735/2735 3376/3376/3376 2671/2671/2671 
f 3376/3376/3376 2657/2657/2657 2671/2671/2671 
f 3376/3376/3376 2735/2735/2735 3374/3374/3374 
f 2657/2657/2657 3376/3376/3376 3434/3434/3434 
f 3374/3374/3374 3375/3375/3375 3376/3376/3376 
f 3375/3375/3375 3434/3434/3434 3376/3376/3376 
f 3375/3375/3375 3374/3374/3374 3405/3405/3405 
f 3434/3434/3434 3375/3375/3375 3477/3477/3477 
f 2712/2712/2712 2713/2713/2713 2714/2714/2714 
f 2922/2922/2922 2713/2713/2713 2923/2923/2923 
f 2713/2713/2713 2925/2925/2925 2923/2923/2923 
f 2925/2925/2925 2713/2713/2713 2835/2835/2835 
f 2925/2925/2925 2835/2835/2835 2946/2946/2946 
f 2713/2713/2713 2712/2712/2712 2763/2763/2763 
f 2834/2834/2834 2946/2946/2946 2835/2835/2835 
f 2786/2786/2786 2763/2763/2763 2712/2712/2712 
f 2833/2833/2833 2834/2834/2834 2835/2835/2835 
f 2787/2787/2787 2763/2763/2763 2786/2786/2786 
f 2834/2834/2834 2833/2833/2833 3144/3144/3144 
f 2834/2834/2834 3144/3144/3144 3156/3156/3156 
f 2784/2784/2784 2763/2763/2763 2787/2787/2787 
f 2764/2764/2764 2763/2763/2763 2784/2784/2784 
f 2762/2762/2762 2763/2763/2763 2764/2764/2764 
f 2774/2774/2774 2763/2763/2763 2762/2762/2762 
f 3452/3452/3452 2763/2763/2763 2774/2774/2774 
f 2782/2782/2782 2763/2763/2763 2781/2781/2781 
f 2763/2763/2763 2780/2780/2780 2781/2781/2781 
f 2763/2763/2763 2779/2779/2779 2780/2780/2780 
f 3452/3452/3452 3443/3443/3443 2763/2763/2763 
f 3443/3443/3443 3452/3452/3452 3464/3464/3464 
f 3444/3444/3444 3443/3443/3443 3462/3462/3462 
f 3442/3442/3442 3443/3443/3443 3444/3444/3444 
f 3443/3443/3443 3442/3442/3442 3422/3422/3422 
f 3377/3377/3377 3422/3422/3422 3423/3423/3423 
f 3422/3422/3422 3377/3377/3377 3369/3369/3369 
f 3370/3370/3370 3369/3369/3369 3377/3377/3377 
f 3368/3368/3368 3369/3369/3369 3370/3370/3370 
f 2668/2668/2668 2669/2669/2669 2670/2670/2670 
f 2669/2669/2669 2668/2668/2668 2743/2743/2743 
f 2743/2743/2743 2668/2668/2668 2971/2971/2971 
f 2668/2668/2668 2970/2970/2970 2971/2971/2971 
f 2970/2970/2970 2668/2668/2668 3001/3001/3001 
f 2668/2668/2668 2998/2998/2998 3001/3001/3001 
f 2668/2668/2668 2969/2969/2969 2998/2998/2998 
f 2969/2969/2969 2668/2668/2668 2964/2964/2964 
f 2668/2668/2668 2963/2963/2963 2964/2964/2964 
f 2963/2963/2963 2668/2668/2668 2753/2753/2753 
f 2668/2668/2668 2704/2704/2704 2753/2753/2753 
f 2704/2704/2704 2668/2668/2668 2670/2670/2670 
f 2775/2775/2775 2704/2704/2704 2670/2670/2670 
f 2669/2669/2669 2775/2775/2775 2670/2670/2670 
f 2704/2704/2704 2775/2775/2775 3433/3433/3433 
f 2775/2775/2775 2669/2669/2669 3430/3430/3430 
f 3473/3473/3473 3433/3433/3433 2775/2775/2775 
f 3430/3430/3430 3473/3473/3473 2775/2775/2775 
f 3433/3433/3433 3473/3473/3473 3488/3488/3488 
f 3473/3473/3473 3430/3430/3430 3474/3474/3474 
f 2693/2693/2693 2694/2694/2694 2695/2695/2695 
f 2694/2694/2694 2693/2693/2693 2916/2916/2916 
f 2716/2716/2716 2693/2693/2693 2695/2695/2695 
f 2693/2693/2693 2716/2716/2716 2785/2785/2785 
f 2694/2694/2694 2746/2746/2746 2695/2695/2695 
f 2746/2746/2746 2716/2716/2716 2695/2695/2695 
f 2746/2746/2746 2694/2694/2694 3145/3145/3145 
f 2716/2716/2716 2746/2746/2746 3032/3032/3032 
f 3145/3145/3145 3089/3089/3089 2746/2746/2746 
f 3032/3032/3032 2746/2746/2746 3056/3056/3056 
f 2746/2746/2746 3089/3089/3089 3090/3090/3090 
f 2746/2746/2746 3069/3069/3069 3056/3056/3056 
f 2746/2746/2746 3090/3090/3090 3068/3068/3068 
f 2746/2746/2746 3068/3068/3068 3069/3069/3069 
f 2510/2510/2510 2507/2507/2507 2506/2506/2506 
f 2513/2513/2513 2512/2512/2512 2510/2510/2510 
f 2511/2511/2511 2512/2512/2512 2513/2513/2513 
f 2514/2514/2514 2512/2512/2512 2511/2511/2511 
f 2512/2512/2512 2573/2573/2573 2574/2574/2574 
f 2514/2514/2514 2550/2550/2550 2512/2512/2512 
f 2553/2553/2553 2512/2512/2512 2550/2550/2550 
f 2550/2550/2550 2514/2514/2514 2556/2556/2556 
f 2555/2555/2555 2550/2550/2550 2556/2556/2556 
f 2550/2550/2550 2551/2551/2551 2429/2429/2429 
f 2429/2429/2429 2425/2425/2425 2430/2430/2430 
f 2431/2431/2431 2429/2429/2429 2539/2539/2539 
f 2429/2429/2429 2431/2431/2431 2293/2293/2293 
f 2293/2293/2293 2424/2424/2424 2425/2425/2425 
f 2293/2293/2293 2423/2423/2423 2424/2424/2424 
f 2292/2292/2292 2293/2293/2293 2294/2294/2294 
f 2298/2298/2298 2293/2293/2293 2292/2292/2292 
f 2365/2365/2365 2293/2293/2293 2298/2298/2298 
f 2369/2369/2369 2372/2372/2372 2365/2365/2365 
f 2368/2368/2368 2320/2320/2320 2369/2369/2369 
f 2320/2320/2320 2343/2343/2343 2344/2344/2344 
f 2320/2320/2320 2321/2321/2321 2322/2322/2322 
f 2321/2321/2321 2320/2320/2320 2350/2350/2350 
f 2327/2327/2327 2320/2320/2320 2366/2366/2366 
f 2353/2353/2353 2350/2350/2350 2327/2327/2327 
f 2417/2417/2417 2350/2350/2350 2353/2353/2353 
f 2325/2325/2325 2326/2326/2326 2327/2327/2327 
f 2687/2687/2687 2688/2688/2688 2689/2689/2689 
f 2688/2688/2688 2687/2687/2687 2744/2744/2744 
f 2983/2983/2983 2688/2688/2688 2744/2744/2744 
f 2688/2688/2688 2983/2983/2983 2980/2980/2980 
f 2979/2979/2979 2688/2688/2688 2980/2980/2980 
f 2688/2688/2688 2979/2979/2979 3018/3018/3018 
f 2688/2688/2688 3018/3018/3018 3003/3003/3003 
f 2999/2999/2999 2688/2688/2688 3003/3003/3003 
f 2688/2688/2688 2999/2999/2999 2978/2978/2978 
f 2977/2977/2977 2688/2688/2688 2978/2978/2978 
f 2700/2700/2700 2688/2688/2688 2977/2977/2977 
f 2688/2688/2688 2700/2700/2700 2689/2689/2689 
f 2700/2700/2700 2761/2761/2761 2689/2689/2689 
f 2761/2761/2761 2687/2687/2687 2689/2689/2689 
f 2761/2761/2761 2700/2700/2700 3459/3459/3459 
f 2687/2687/2687 2761/2761/2761 3449/3449/3449 
f 3459/3459/3459 3483/3483/3483 2761/2761/2761 
f 3483/3483/3483 3449/3449/3449 2761/2761/2761 
f 3483/3483/3483 3459/3459/3459 3485/3485/3485 
f 3449/3449/3449 3483/3483/3483 3484/3484/3484 
f 2701/2701/2701 2702/2702/2702 2703/2703/2703 
f 2702/2702/2702 2701/2701/2701 2750/2750/2750 
f 2984/2984/2984 2702/2702/2702 2750/2750/2750 
f 2702/2702/2702 2984/2984/2984 2985/2985/2985 
f 3014/3014/3014 2702/2702/2702 2985/2985/2985 
f 2702/2702/2702 3014/3014/3014 3010/3010/3010 
f 2702/2702/2702 3010/3010/3010 3011/3011/3011 
f 3017/3017/3017 2702/2702/2702 3011/3011/3011 
f 2702/2702/2702 3017/3017/3017 2994/2994/2994 
f 2993/2993/2993 2702/2702/2702 2994/2994/2994 
f 2755/2755/2755 2702/2702/2702 2993/2993/2993 
f 2702/2702/2702 2755/2755/2755 2703/2703/2703 
f 2755/2755/2755 2766/2766/2766 2703/2703/2703 
f 2766/2766/2766 2701/2701/2701 2703/2703/2703 
f 2766/2766/2766 2755/2755/2755 3445/3445/3445 
f 2701/2701/2701 2766/2766/2766 2788/2788/2788 
f 3445/3445/3445 3446/3446/3446 2766/2766/2766 
f 3446/3446/3446 2788/2788/2788 2766/2766/2766 
f 3446/3446/3446 3445/3445/3445 3499/3499/3499 
f 2788/2788/2788 3446/3446/3446 3487/3487/3487 
f 2842/2842/2842 2843/2843/2843 2844/2844/2844 
f 2843/2843/2843 2842/2842/2842 2954/2954/2954 
f 2945/2945/2945 2842/2842/2842 2844/2844/2844 
f 2842/2842/2842 2945/2945/2945 2947/2947/2947 
f 2843/2843/2843 3084/3084/3084 2844/2844/2844 
f 3084/3084/3084 2945/2945/2945 2844/2844/2844 
f 3084/3084/3084 2843/2843/2843 3082/3082/3082 
f 2945/2945/2945 3084/3084/3084 3085/3085/3085 
f 3082/3082/3082 3083/3083/3083 3084/3084/3084 
f 3085/3085/3085 3084/3084/3084 3086/3086/3086 
f 3084/3084/3084 3083/3083/3083 3128/3128/3128 
f 3084/3084/3084 3122/3122/3122 3086/3086/3086 
f 3084/3084/3084 3128/3128/3128 3121/3121/3121 
f 3084/3084/3084 3121/3121/3121 3122/3122/3122 
f 2849/2849/2849 2850/2850/2850 2851/2851/2851 
f 2850/2850/2850 2849/2849/2849 2881/2881/2881 
f 2880/2880/2880 2850/2850/2850 2881/2881/2881 
f 2850/2850/2850 2880/2880/2880 2953/2953/2953 
f 2849/2849/2849 3066/3066/3066 2881/2881/2881 
f 3066/3066/3066 2880/2880/2880 2881/2881/2881 
f 3066/3066/3066 2849/2849/2849 3091/3091/3091 
f 2880/2880/2880 3066/3066/3066 3065/3065/3065 
f 3091/3091/3091 3092/3092/3092 3066/3066/3066 
f 3065/3065/3065 3066/3066/3066 3067/3067/3067 
f 3066/3066/3066 3092/3092/3092 3131/3131/3131 
f 3066/3066/3066 3130/3130/3130 3067/3067/3067 
f 3066/3066/3066 3131/3131/3131 3129/3129/3129 
f 3066/3066/3066 3129/3129/3129 3130/3130/3130 
f 2917/2917/2917 2918/2918/2918 2919/2919/2919 
f 2918/2918/2918 2917/2917/2917 2942/2942/2942 
f 2917/2917/2917 2933/2933/2933 2942/2942/2942 
f 2933/2933/2933 2917/2917/2917 2934/2934/2934 
f 3070/3070/3070 2918/2918/2918 2942/2942/2942 
f 2933/2933/2933 3070/3070/3070 2942/2942/2942 
f 2918/2918/2918 3070/3070/3070 3142/3142/3142 
f 3070/3070/3070 2933/2933/2933 3143/3143/3143 
f 3142/3142/3142 3070/3070/3070 3072/3072/3072 
f 3143/3143/3143 3125/3125/3125 3070/3070/3070 
f 3070/3070/3070 3071/3071/3071 3072/3072/3072 
f 3070/3070/3070 3125/3125/3125 3117/3117/3117 
f 3070/3070/3070 3116/3116/3116 3071/3071/3071 
f 3070/3070/3070 3117/3117/3117 3116/3116/3116 
f 1829/1829/1829 1830/1830/1830 1831/1831/1831 
f 1829/1829/1829 1842/1842/1842 1830/1830/1830 
f 1829/1829/1829 1831/1831/1831 1840/1840/1840 
f 1842/1842/1842 1829/1829/1829 1848/1848/1848 
f 1829/1829/1829 1840/1840/1840 1845/1845/1845 
f 1829/1829/1829 1855/1855/1855 1848/1848/1848 
f 2251/2251/2251 1829/1829/1829 1845/1845/1845 
f 1855/1855/1855 1829/1829/1829 2252/2252/2252 
f 1829/1829/1829 2251/2251/2251 2252/2252/2252 
f 2256/2256/2256 1855/1855/1855 2252/2252/2252 
f 2251/2251/2251 2256/2256/2256 2252/2252/2252 
f 1855/1855/1855 2256/2256/2256 2265/2265/2265 
f 2256/2256/2256 2251/2251/2251 2261/2261/2261 
f 2266/2266/2266 2265/2265/2265 2256/2256/2256 
f 2261/2261/2261 2266/2266/2266 2256/2256/2256 
f 2265/2265/2265 2266/2266/2266 2269/2269/2269 
f 2266/2266/2266 2261/2261/2261 2309/2309/2309 
f 2266/2266/2266 2340/2340/2340 2269/2269/2269 
f 2309/2309/2309 2324/2324/2324 2266/2266/2266 
f 2340/2340/2340 2266/2266/2266 2324/2324/2324 
f 2324/2324/2324 2309/2309/2309 2349/2349/2349 
f 2324/2324/2324 2412/2412/2412 2340/2340/2340 
f 2419/2419/2419 2324/2324/2324 2349/2349/2349 
f 2412/2412/2412 2324/2324/2324 2413/2413/2413 
f 2324/2324/2324 2419/2419/2419 2413/2413/2413 
f 2413/2413/2413 2416/2416/2416 2412/2412/2412 
f 2454/2454/2454 2413/2413/2413 2419/2419/2419 
f 2416/2416/2416 2413/2413/2413 2420/2420/2420 
f 2413/2413/2413 2454/2454/2454 2420/2420/2420 
f 1743/1743/1743 1744/1744/1744 1745/1745/1745 
f 1743/1743/1743 1746/1746/1746 1744/1744/1744 
f 1743/1743/1743 1745/1745/1745 1778/1778/1778 
f 1743/1743/1743 1749/1749/1749 1746/1746/1746 
f 1749/1749/1749 1743/1743/1743 1780/1780/1780 
f 1870/1870/1870 1743/1743/1743 1778/1778/1778 
f 1743/1743/1743 1862/1862/1862 1780/1780/1780 
f 1743/1743/1743 1870/1870/1870 1879/1879/1879 
f 1862/1862/1862 1743/1743/1743 1879/1879/1879 
f 1870/1870/1870 1964/1964/1964 1879/1879/1879 
f 1964/1964/1964 1862/1862/1862 1879/1879/1879 
f 1964/1964/1964 1870/1870/1870 2279/2279/2279 
f 1862/1862/1862 1964/1964/1964 1972/1972/1972 
f 2279/2279/2279 2280/2280/2280 1964/1964/1964 
f 2280/2280/2280 1972/1972/1972 1964/1964/1964 
f 2280/2280/2280 2279/2279/2279 2286/2286/2286 
f 1972/1972/1972 2280/2280/2280 2300/2300/2300 
f 2371/2371/2371 2280/2280/2280 2286/2286/2286 
f 2280/2280/2280 2299/2299/2299 2300/2300/2300 
f 2280/2280/2280 2371/2371/2371 2399/2399/2399 
f 2299/2299/2299 2280/2280/2280 2399/2399/2399 
f 2314/2314/2314 2315/2315/2315 2316/2316/2316 
f 1756/1756/1756 1757/1757/1757 1758/1758/1758 
f 1756/1756/1756 1837/1837/1837 1757/1757/1757 
f 1756/1756/1756 1758/1758/1758 1825/1825/1825 
f 1837/1837/1837 1756/1756/1756 1846/1846/1846 
f 1756/1756/1756 1825/1825/1825 1838/1838/1838 
f 1756/1756/1756 1851/1851/1851 1846/1846/1846 
f 1853/1853/1853 1756/1756/1756 1838/1838/1838 
f 1851/1851/1851 1756/1756/1756 1852/1852/1852 
f 1756/1756/1756 1853/1853/1853 1852/1852/1852 
f 2254/2254/2254 1851/1851/1851 1852/1852/1852 
f 1853/1853/1853 2254/2254/2254 1852/1852/1852 
f 1851/1851/1851 2254/2254/2254 2277/2277/2277 
f 2254/2254/2254 1853/1853/1853 2259/2259/2259 
f 2262/2262/2262 2277/2277/2277 2254/2254/2254 
f 2259/2259/2259 2262/2262/2262 2254/2254/2254 
f 2277/2277/2277 2262/2262/2262 2287/2287/2287 
f 2262/2262/2262 2259/2259/2259 2268/2268/2268 
f 2262/2262/2262 2376/2376/2376 2287/2287/2287 
f 2328/2328/2328 2262/2262/2262 2268/2268/2268 
f 2376/2376/2376 2262/2262/2262 2411/2411/2411 
f 2262/2262/2262 2328/2328/2328 2411/2411/2411 
f 2333/2333/2333 2334/2334/2334 2335/2335/2335 
f 2392/2392/2392 2333/2333/2333 2335/2335/2335 
f 2333/2333/2333 2392/2392/2392 2393/2393/2393 
f 2338/2338/2338 2339/2339/2339 2335/2335/2335 
f 1753/1753/1753 1754/1754/1754 1755/1755/1755 
f 1753/1753/1753 1765/1765/1765 1754/1754/1754 
f 1753/1753/1753 1755/1755/1755 1762/1762/1762 
f 1765/1765/1765 1753/1753/1753 1779/1779/1779 
f 1753/1753/1753 1762/1762/1762 1859/1859/1859 
f 1753/1753/1753 1866/1866/1866 1779/1779/1779 
f 1858/1858/1858 1753/1753/1753 1859/1859/1859 
f 1866/1866/1866 1753/1753/1753 1869/1869/1869 
f 1753/1753/1753 1858/1858/1858 1869/1869/1869 
f 1970/1970/1970 1866/1866/1866 1869/1869/1869 
f 1858/1858/1858 1970/1970/1970 1869/1869/1869 
f 1866/1866/1866 1970/1970/1970 2284/2284/2284 
f 1970/1970/1970 1858/1858/1858 2271/2271/2271 
f 2270/2270/2270 2284/2284/2284 1970/1970/1970 
f 2271/2271/2271 2270/2270/2270 1970/1970/1970 
f 2284/2284/2284 2270/2270/2270 2374/2374/2374 
f 2270/2270/2270 2271/2271/2271 2272/2272/2272 
f 2270/2270/2270 2373/2373/2373 2374/2374/2374 
f 2354/2354/2354 2270/2270/2270 2272/2272/2272 
f 2373/2373/2373 2270/2270/2270 2400/2400/2400 
f 2270/2270/2270 2354/2354/2354 2400/2400/2400 
f 2310/2310/2310 2311/2311/2311 2312/2312/2312 
f 2311/2311/2311 2310/2310/2310 2346/2346/2346 
f 2341/2341/2341 2342/2342/2342 2311/2311/2311 
f 2403/2403/2403 2404/2404/2404 2405/2405/2405 
f 2404/2404/2404 2403/2403/2403 2418/2418/2418 
f 2863/2863/2863 2828/2828/2828 2859/2859/2859 
f 2859/2859/2859 2828/2828/2828 2860/2860/2860 
f 2828/2828/2828 2829/2829/2829 2830/2830/2830 
f 2911/2911/2911 2830/2830/2830 2829/2829/2829 
f 2828/2828/2828 2861/2861/2861 2862/2862/2862 
f 2910/2910/2910 2830/2830/2830 2911/2911/2911 
f 2884/2884/2884 2830/2830/2830 2910/2910/2910 
f 2883/2883/2883 2830/2830/2830 2884/2884/2884 
f 2848/2848/2848 2830/2830/2830 2883/2883/2883 
f 2830/2830/2830 2848/2848/2848 2836/2836/2836 
f 2879/2879/2879 2836/2836/2836 2848/2848/2848 
f 2837/2837/2837 2836/2836/2836 2879/2879/2879 
f 2836/2836/2836 2837/2837/2837 2834/2834/2834 
f 2834/2834/2834 2882/2882/2882 2836/2836/2836 
f 3075/3075/3075 2882/2882/2882 2834/2834/2834 
f 2882/2882/2882 3075/3075/3075 3060/3060/3060 
f 2882/2882/2882 3060/3060/3060 3061/3061/3061 
f 2864/2864/2864 2865/2865/2865 2866/2866/2866 
f 2865/2865/2865 2864/2864/2864 2870/2870/2870 
f 2873/2873/2873 2865/2865/2865 2870/2870/2870 
f 2865/2865/2865 2873/2873/2873 2957/2957/2957 
f 2864/2864/2864 2900/2900/2900 2870/2870/2870 
f 2900/2900/2900 2873/2873/2873 2870/2870/2870 
f 2900/2900/2900 2864/2864/2864 2901/2901/2901 
f 2873/2873/2873 2900/2900/2900 3110/3110/3110 
f 3093/3093/3093 2900/2900/2900 2901/2901/2901 
f 2900/2900/2900 3109/3109/3109 3110/3110/3110 
f 3093/3093/3093 3102/3102/3102 2900/2900/2900 
f 3136/3136/3136 3109/3109/3109 2900/2900/2900 
f 3102/3102/3102 3132/3132/3132 2900/2900/2900 
f 3132/3132/3132 3136/3136/3136 2900/2900/2900 
f 3094/3094/3094 3095/3095/3095 3096/3096/3096 
f 3095/3095/3095 3094/3094/3094 3106/3106/3106 
f 3096/3096/3096 3108/3108/3108 3094/3094/3094 
f 3108/3108/3108 3096/3096/3096 3104/3104/3104 
f 3103/3103/3103 3104/3104/3104 3096/3096/3096 
f 2854/2854/2854 2855/2855/2855 2856/2856/2856 

g Mouth1

v -0.165014 2.05586 1.5578 
v -0.187984 1.94835 1.89792 
v -0.173001 2.07722 1.56636 
v -0.18603 2.07359 1.60831 
v -0.162544 2.19419 1.30359 
v -0.156831 2.06595 1.6399 
v -0.166005 2.19894 1.23953 
v -0.154317 1.9541 1.89927 
v -0.150312 2.08218 1.56371 
v -0.165806 1.98408 1.92417 
v -0.165655 2.10379 1.60774 
v -0.192152 1.95151 1.92371 
v -0.174155 1.9261 1.88153 
v -0.160404 2.1809 1.2372 
v -0.186129 2.19124 1.28094 
v -0.166484 2.28779 1.04917 
v -0.162425 2.27226 1.04001 
v -0.151867 2.20516 1.2367 
v -0.173997 2.21521 1.27867 
v -0.144136 2.14062 1.6151 
v -0.138061 2.04394 1.55076 
v -0.143186 2.17167 1.23228 
v -0.120959 2.20111 1.32748 
v -0.106127 2.027 1.54055 
v -0.107586 2.06635 1.55211 
v -0.137701 1.91388 1.86819 
v -0.103675 2.0702 1.68111 
v -0.123728 2.19433 1.23023 
v -0.159595 2.2622 1.03824 
v -0.153104 2.27676 1.03507 
v -0.14868 2.25613 1.02993 
v -0.122411 2.1632 1.2262 
v -0.132879 2.25119 1.02477 
v -0.153481 2.24317 1.2796 
v -0.125416 2.26696 1.28326 
v -0.110281 2.17008 1.6189 
v -0.0963211 2.07569 1.92114 
v -0.136459 2.02373 1.95362 
v -0.207781 1.82942 2.16848 
v -0.201602 1.70702 2.29872 
v -0.228359 1.72399 2.35752 
v -0.183704 1.81071 2.13677 
v -0.165674 1.82601 2.19338 
v -0.222524 1.73906 2.37281 
v -0.200273 1.83928 2.19046 
v -0.150996 1.68357 2.25716 
v -0.180778 1.75389 2.33704 
v -0.181832 1.72906 2.34375 
v -0.228359 1.72399 2.35752 
v -0.191219 1.80633 2.31336 
v -0.228359 1.72399 2.35752 
v -0.181832 1.72906 2.34375 
v -0.180778 1.75389 2.33704 
v -0.167104 1.84389 2.17442 
v -0.158689 1.94355 1.93672 
v -0.180673 1.87626 2.17569 
v -0.141401 1.92709 2.15238 
v -0.14265 1.79411 2.10948 
v -0.0763382 1.84403 2.21248 
v -0.0768874 1.80857 2.14326 
v -0.0646983 1.71119 2.38527 
v -0.180778 1.75389 2.33704 
v -0.161378 1.88743 2.26615 
v -0.0631775 1.63038 2.31497 
v -0.0901855 1.97211 1.96311 
v -0.128072 1.99022 2.13068 
v -0.131164 1.9694 2.23196 
v -0.164286 2.33884 0.849479 
v -0.172538 2.32246 0.908941 
v -0.175314 2.32745 0.904987 
v -0.163985 2.33285 0.850203 
v -0.161173 2.33129 0.86031 
v -0.142174 2.33519 0.85447 
v -0.165288 2.32577 0.913215 
v -0.140403 2.33817 0.91471 
v -0.147489 2.31157 0.919364 
v -0.155825 2.3034 0.950042 
v -0.151275 2.30708 0.94631 
v -0.148583 2.31031 0.921494 
v -0.137648 2.29514 0.93865 
v -0.150796 2.2963 0.945666 
v -0.143095 2.34124 0.834264 
v -0.142808 2.34674 0.851369 
v -0.158189 2.343 0.857095 
v -0.16258 2.33945 0.904169 
v -0.141405 2.35183 0.903079 
v -0.138093 2.30785 0.943195 
v -0.139204 2.31123 0.913096 
v -0.129269 2.31121 0.920881 
v -0.137648 2.29514 0.93865 
v -0.139204 2.31123 0.913096 
v -0.130607 2.31235 0.918829 
v -0.129269 2.31121 0.920881 
v -0.138093 2.30785 0.943195 
v -0.130607 2.31235 0.918829 
v -0.124726 2.30831 0.945468 
v -0.124247 2.29754 0.944825 
v -0.119629 2.30508 0.948895 
v -0.114622 2.32812 0.911609 
v -0.142174 2.33519 0.85447 
v -0.122565 2.33308 0.859086 
v -0.143095 2.34124 0.834264 
v -0.142808 2.34674 0.851369 
v -0.120855 2.34086 0.848102 
v -0.120554 2.33487 0.848826 
v -0.126817 2.34446 0.8561 
v -0.119149 2.34146 0.902792 
v -0.141405 2.35183 0.903079 
v -0.140403 2.33817 0.91471 
v -0.178114 2.29257 1.03306 
v -0.160936 2.31392 1.03317 
v -0.182123 2.27752 1.0372 
v -0.156239 2.29403 0.96143 
v -0.134256 2.30335 1.05764 
v -0.132879 2.25119 1.02477 
v -0.133623 2.27138 1.03083 
v -0.133623 2.27138 1.03083 
v -0.134256 2.30335 1.05764 
v -0.136442 2.33396 1.0335 
v -0.11027 2.31628 1.03156 
v -0.136442 2.33396 1.0335 
v -0.089877 1.88886 1.851 
v -0.089877 1.88886 1.851 
v -0.075316 2.04685 1.54877 
v -0.043583 1.91825 1.8652 
v -0.0768874 1.80857 2.14326 
v -0.028827 1.95993 1.89529 
v -0.0907801 1.92727 1.87873 
v -0.0907801 1.92727 1.87873 
v -0.0770932 1.77503 2.08769 
v -0.0211395 1.94993 1.93236 
v -0.0763382 1.84403 2.21248 
v -0.0901855 1.97211 1.96311 
v -0.0123364 1.80015 2.10535 
v -0.0770932 1.77503 2.08769 
v -0.106127 2.027 1.54055 
v -0.107586 2.06635 1.55211 
v -0.065861 2.0861 1.56103 
v -0.0879599 2.02964 2.11751 
v -0.0495767 2.02776 1.95087 
v -0.0879599 2.02964 2.11751 
v -0.0436213 1.99414 2.12801 
v -0.0530664 2.07077 1.63661 
v -0.00764506 1.93382 1.87625 
v 0.0114644 1.85217 2.16876 
v 0.00507496 1.95731 1.8918 
v 0.0286487 1.82056 2.13004 
v -0.0186098 1.99091 1.9195 
v 0.0458642 1.8507 2.18266 
v 0.0105543 1.96091 1.91728 
v 0.0528469 1.84151 2.16022 
v -0.0491906 2.06123 1.55413 
v -0.0426876 2.08326 1.56223 
v -0.026755 2.08098 1.60326 
v 0.0220332 1.88566 2.16926 
v -0.0231657 1.93257 2.14864 
v -0.0677246 1.67744 2.2404 
v -0.0677246 1.67744 2.2404 
v 0.0155142 1.6913 2.25189 
v -0.0631775 1.63038 2.31497 
v -0.0631775 1.63038 2.31497 
v -0.0646983 1.71119 2.38527 
v 0.0436534 1.7643 2.32992 
v -0.0631775 1.63038 2.31497 
v 0.0128946 1.83429 2.18772 
v -0.0837452 2.00856 2.2196 
v -0.0837452 2.00856 2.2196 
v -0.0322226 1.97399 2.22882 
v 0.00754352 1.89527 2.26079 
v 0.0436534 1.7643 2.32992 
v 0.0662606 1.71945 2.29023 
v 0.0949943 1.73899 2.34727 
v 0.0887701 1.7535 2.36295 
v 0.0474225 1.73969 2.33648 
v 0.0474225 1.73969 2.33648 
v 0.0949943 1.73899 2.34727 
v 0.0436534 1.7643 2.32992 
v 0.0949943 1.73899 2.34727 
v 0.0476826 1.81741 2.30579 
v -0.103675 2.0702 1.68111 
v -0.117631 2.29582 0.960206 
v -0.117308 2.25759 1.02893 
v -0.114496 2.27856 1.03384 
v -0.106497 2.26466 1.03656 
v -0.122411 2.1632 1.2262 
v -0.123728 2.19433 1.23023 
v -0.102166 2.17357 1.23098 
v -0.105334 2.33069 0.902768 
v -0.107381 2.32548 0.906875 
v -0.125416 2.26696 1.28326 
v -0.101327 2.29081 1.04711 
v -0.104504 2.27495 1.03817 
v -0.0963575 2.20774 1.23494 
v -0.0855997 2.18437 1.23483 
v -0.0912315 2.2966 1.03031 
v -0.0582273 2.19717 1.27689 
v -0.085594 2.282 1.03414 
v -0.0805051 2.19799 1.30099 
v -0.095559 2.24586 1.27776 
v -0.0815543 2.20286 1.23685 
v -0.0963211 2.07569 1.92114 
v -0.0741552 2.14386 1.61289 
v -0.110281 2.17008 1.6189 
v -0.120959 2.20111 1.32748 
v -0.0726445 2.21992 1.27545 
v -0.0498312 2.10917 1.60407 

vn -0.740157 -0.622047 -0.259843 
vn -0.905512 0.409449 0.110236 
vn -0.874016 0.456693 0.149606 
vn -0.850394 -0.488189 -0.188976 
vn 0.362205 -0.874016 -0.330709 
vn 0.228346 -0.905512 -0.354331 
vn -0.88189 0.448819 0.149606 
vn 0.125984 0.92126 0.370079 
vn 0.11811 0.929134 0.354331 
vn -0.80315 0.559055 0.204724 
vn -0.826772 0.527559 0.19685 
vn -0.913386 -0.362205 -0.181102 
vn -0.708661 -0.637795 -0.307087 
vn -0.779528 -0.574803 -0.23622 
vn -0.748031 -0.622047 -0.23622 
vn 0.496063 -0.818898 -0.275591 
vn -0.88189 0.448819 0.125984 
vn 0.0472441 0.937008 0.338583 
vn -0.84252 0.511811 0.181102 
vn -0.755906 0.614173 0.220472 
vn -0.488189 -0.811024 -0.330709 
vn -0.488189 -0.811024 -0.322835 
vn 0.0314961 -0.937008 -0.346457 
vn 0.0314961 -0.913386 -0.401575 
vn -0.0314961 0.92126 0.377953 
vn -0.472441 -0.80315 -0.362205 
vn 0.0314961 -0.937008 -0.346457 
vn -0.0314961 0.929134 0.362205 
vn -0.826772 -0.511811 -0.23622 
vn -0.0393701 0.944882 0.330709 
vn -0.496063 -0.795276 -0.354331 
vn 0.0314961 -0.913386 -0.401575 
vn 0.0314961 -0.905512 -0.425197 
vn -0.732283 0.645669 0.212598 
vn -0.0393701 0.96063 0.267717 
vn -0.0393701 0.952756 0.291339 
vn -0.0393701 0.96063 0.275591 
vn -0.76378 0.614173 0.204724 
vn -0.92126 0.377953 0.0866142 
vn -0.755906 -0.440945 -0.480315 
vn -0.913386 0.393701 -0.0787402 
vn -0.732283 -0.574803 -0.370079 
vn -0.015748 -0.866142 -0.496063 
vn -0.952756 0.220472 -0.204724 
vn -0.952756 -0.228346 -0.19685 
vn -0.417323 -0.692913 -0.590551 
vn 0.15748 0.92126 0.346457 
vn 0.125984 -0.110236 -0.984252 
vn -0.913386 0.393701 -0.0787402 
vn -0.905512 0.433071 0 
vn -0.913386 0.393701 -0.0787402 
vn 0.125984 -0.110236 -0.984252 
vn 0.15748 0.92126 0.346457 
vn 0.133858 0.874016 0.464567 
vn 0.149606 -0.905512 -0.393701 
vn -0.818898 0.551181 0.181102 
vn -0.897638 0.425197 0.102362 
vn -0.456693 -0.76378 -0.456693 
vn 0.023622 -0.858268 -0.503937 
vn -0.023622 0.850394 0.527559 
vn -0.0314961 0.0629921 -1 
vn 0.15748 0.92126 0.346457 
vn -0.929134 0.370079 -0.0393701 
vn -0.0393701 0.992126 0.110236 
vn 0.0314961 -0.92126 -0.393701 
vn -0.850394 0.519685 0.11811 
vn -0.834646 0.551181 -0.0314961 
vn -0.779528 0.385827 -0.488189 
vn -0.535433 -0.818898 -0.204724 
vn -0.96063 0.275591 -0.0472441 
vn -0.488189 -0.732283 -0.472441 
vn 0.299213 -0.944882 -0.102362 
vn 0.0393701 -0.992126 -0.141732 
vn 0.472441 -0.866142 -0.149606 
vn 0.0393701 -0.992126 -0.125984 
vn -0.590551 0.614173 -0.527559 
vn -0.937008 0.354331 -0.0314961 
vn -0.251969 0.952756 0.188976 
vn -0.889764 -0.0787402 -0.440945 
vn 0.023622 -0.866142 -0.503937 
vn -0.622047 -0.677165 -0.393701 
vn -0.0314961 0.0551181 -1 
vn -0.0551181 0.976378 -0.19685 
vn -0.472441 0.88189 -0.0944882 
vn -0.606299 0.795276 0.0708661 
vn -0.0472441 1 0.0551181 
vn -0.0393701 0.968504 0.228346 
vn -0.0393701 0.259843 -0.968504 
vn 0.866142 0 -0.496063 
vn 0.023622 -0.866142 -0.503937 
vn -0.0393701 0.259843 -0.968504 
vn 0.496063 0.661417 -0.566929 
vn 0.866142 0 -0.496063 
vn -0.0393701 0.968504 0.228346 
vn 0.496063 0.661417 -0.566929 
vn 0.173228 0.968504 0.173228 
vn 0.661417 -0.614173 -0.433071 
vn 0.897638 0.433071 -0.0866142 
vn -0.393701 -0.913386 -0.125984 
vn 0.0393701 -0.992126 -0.141732 
vn -0.212598 -0.976378 -0.0866142 
vn -0.0314961 0.0551181 -1 
vn -0.0551181 0.976378 -0.19685 
vn 0.708661 0.456693 -0.535433 
vn 0.527559 -0.685039 -0.503937 
vn 0.377953 0.913386 -0.11811 
vn 0.535433 0.84252 0.0314961 
vn -0.0472441 1 0.0551181 
vn 0.0393701 -0.992126 -0.125984 
vn -0.905512 0.417323 0.102362 
vn -0.692913 0.700787 0.181102 
vn -0.598425 -0.755906 -0.259843 
vn -0.858268 -0.456693 -0.244094 
vn 0.0314961 -0.952756 -0.299213 
vn 0.0314961 -0.905512 -0.425197 
vn -0.0314961 0.937008 0.354331 
vn -0.0314961 0.937008 0.354331 
vn 0.0314961 -0.952756 -0.299213 
vn -0.0393701 0.976378 0.204724 
vn 0.637795 0.76378 0.141732 
vn -0.0393701 0.976378 0.204724 
vn 0.0314961 -0.897638 -0.433071 
vn 0.0314961 -0.897638 -0.433071 
vn 0.543307 -0.755906 -0.362205 
vn 0.519685 -0.755906 -0.393701 
vn -0.023622 0.850394 0.527559 
vn -0.188976 0.905512 0.377953 
vn -0.0314961 0.913386 0.401575 
vn -0.0314961 0.913386 0.401575 
vn 0.023622 -0.850394 -0.519685 
vn -0.0866142 -0.92126 -0.385827 
vn 0.023622 -0.858268 -0.503937 
vn 0.0314961 -0.92126 -0.393701 
vn 0.496063 -0.716535 -0.480315 
vn 0.023622 -0.850394 -0.519685 
vn 0.0314961 -0.913386 -0.401575 
vn -0.0314961 0.92126 0.377953 
vn -0.181102 0.913386 0.362205 
vn -0.0393701 0.976378 0.19685 
vn 0.716535 0.677165 0.15748 
vn -0.0393701 0.976378 0.19685 
vn 0.80315 0.590551 0.0629921 
vn -0.165354 -0.92126 -0.346457 
vn 0.740157 -0.566929 -0.354331 
vn -0.181102 0.866142 0.472441 
vn 0.874016 0.488189 0.0551181 
vn 0.755906 -0.503937 -0.417323 
vn 0.76378 0.629921 0.15748 
vn 0.952756 -0.141732 -0.259843 
vn 0.929134 -0.275591 -0.23622 
vn 0.889764 0.464567 0.0314961 
vn 0.771654 -0.551181 -0.307087 
vn 0.84252 0.535433 0.0944882 
vn 0.88189 -0.409449 -0.244094 
vn 0.771654 0.622047 0.125984 
vn 0.866142 0.503937 0.0472441 
vn 0.015748 -0.779528 -0.629921 
vn 0.015748 -0.779528 -0.629921 
vn 0.440945 -0.653543 -0.614173 
vn -0.0393701 0.992126 0.110236 
vn -0.0393701 0.992126 0.110236 
vn -0.0314961 0.0629921 -1 
vn -0.212598 0.905512 0.362205 
vn -0.0393701 0.992126 0.110236 
vn 0.0708661 -0.866142 -0.503937 
vn -0.0472441 1 0.0393701 
vn -0.0472441 1 0.0393701 
vn 0.779528 0.622047 -0.0866142 
vn 0.88189 0.456693 -0.0944882 
vn -0.212598 0.905512 0.362205 
vn 0.76378 -0.370079 -0.527559 
vn 0.866142 0.480315 -0.133858 
vn 0.913386 0.307087 -0.267717 
vn -0.173228 -0.125984 -0.976378 
vn -0.173228 -0.125984 -0.976378 
vn 0.866142 0.480315 -0.133858 
vn -0.212598 0.905512 0.362205 
vn 0.866142 0.480315 -0.133858 
vn 0.858268 0.511811 -0.0551181 
vn 0.0314961 -0.937008 -0.346457 
vn 0.874016 -0.377953 -0.299213 
vn 0.543307 -0.748031 -0.385827 
vn -0.023622 0.944882 0.330709 
vn 0.858268 -0.433071 -0.283465 
vn 0.0314961 -0.913386 -0.401575 
vn -0.0314961 0.929134 0.362205 
vn 0.543307 -0.755906 -0.354331 
vn 0.929134 0.362205 -0.102362 
vn 0.590551 -0.76378 -0.244094 
vn -0.0393701 0.96063 0.267717 
vn -0.433071 -0.866142 -0.244094 
vn 0.850394 0.527559 0.0708661 
vn -0.110236 0.929134 0.346457 
vn 0.818898 -0.503937 -0.291339 
vn 0.866142 0.503937 0.0472441 
vn 0.787402 -0.551181 -0.283465 
vn 0.653543 -0.700787 -0.299213 
vn -0.291339 -0.905512 -0.307087 
vn 0.677165 0.708661 0.173228 
vn 0.84252 0.527559 0.0944882 
vn -0.0393701 0.96063 0.275591 
vn 0.708661 0.685039 0.173228 
vn -0.0393701 0.952756 0.291339 
vn 0.0314961 -0.937008 -0.346457 
vn 0.80315 0.582677 0.125984 
vn 0.787402 0.606299 0.141732 

vt 0.574997 0.955307 
vt 0.653107 0.9552 
vt 0.575394 0.960693 
vt 0.809494 0.893005 
vt 0.747803 0.8741 
vt 0.816696 0.888504 
vt 0.499298 0.965302 
vt 0.652893 0.962601 
vt 0.5746 0.965698 
vt 0.870895 0.912796 
vt 0.806107 0.8992 
vt 0.874603 0.905701 
vt 0.651001 0.948807 
vt 0.5 0.961304 
vt 0.742996 0.878296 
vt 0.695801 0.863907 
vt 0.453003 0.967896 
vt 0.498398 0.968597 
vt 0.740097 0.882599 
vt 0.802994 0.906998 
vt 0.573807 0.949005 
vt 0.499207 0.956894 
vt 0.753494 0.866592 
vt 0.572296 0.940796 
vt 0.573898 0.975906 
vt 0.648407 0.940399 
vt 0.825806 0.879105 
vt 0.498001 0.975296 
vt 0.453201 0.965698 
vt 0.451706 0.969803 
vt 0.451798 0.962708 
vt 0.4982 0.951904 
vt 0.450501 0.959198 
vt 0.737 0.888702 
vt 0.734299 0.895493 
vt 0.799896 0.915207 
vt 0.859207 0.932205 
vt 0.871002 0.923996 
vt 0.717606 0.949402 
vt 0.753799 0.935593 
vt 0.764694 0.945297 
vt 0.711899 0.941696 
vt 0.933395 0.908707 
vt 0.971207 0.923096 
vt 0.930695 0.915894 
vt 0.745895 0.922699 
vt 0.757706 0.956299 
vt 0.968506 0.914093 
vt 0.972794 0.922699 
vt 0.953705 0.927002 
vt 0.972794 0.922699 
vt 0.968506 0.914093 
vt 0.968094 0.913193 
vt 0.717407 0.958893 
vt 0.878601 0.899795 
vt 0.923706 0.921402 
vt 0.913605 0.929901 
vt 0.706604 0.931595 
vt 0.936905 0.890793 
vt 0.714798 0.980698 
vt 0.979294 0.8918 
vt 0.968094 0.913193 
vt 0.936798 0.934998 
vt 0.767502 0.992294 
vt 0.883499 0.885406 
vt 0.903198 0.938202 
vt 0.922104 0.945496 
vt 0.655701 0.860001 
vt 0.667496 0.861496 
vt 0.666596 0.861999 
vt 0.656097 0.858856 
vt 0.658096 0.858307 
vt 0.657105 0.854706 
vt 0.668396 0.860001 
vt 0.6689 0.854507 
vt 0.425507 0.968201 
vt 0.432495 0.968307 
vt 0.431198 0.969192 
vt 0.425903 0.968201 
vt 0.429596 0.964005 
vt 0.431595 0.966293 
vt 0.652206 0.857895 
vt 0.653793 0.863998 
vt 0.656403 0.861893 
vt 0.664902 0.865005 
vt 0.662705 0.869202 
vt 0.429993 0.971695 
vt 0.423554 0.968201 
vt 0.425903 0.968201 
vt 0.429596 0.964005 
vt 0.423554 0.968201 
vt 0.425507 0.968201 
vt 0.425903 0.968201 
vt 0.429993 0.971695 
vt 0.425507 0.968201 
vt 0.431198 0.969192 
vt 0.431595 0.966293 
vt 0.432495 0.968307 
vt 0.668396 0.860001 
vt 0.657105 0.854706 
vt 0.658096 0.858307 
vt 0.652206 0.857895 
vt 0.653793 0.863998 
vt 0.655701 0.860001 
vt 0.656097 0.858856 
vt 0.656403 0.861893 
vt 0.664902 0.865005 
vt 0.662705 0.869202 
vt 0.6689 0.854507 
vt 0.691406 0.869705 
vt 0.688797 0.874206 
vt 0.693695 0.867599 
vt 0.435104 0.966995 
vt 0.697601 0.856903 
vt 0.450501 0.959198 
vt 0.451004 0.974396 
vt 0.451004 0.974396 
vt 0.697601 0.856903 
vt 0.686203 0.879898 
vt 0.688797 0.874206 
vt 0.686203 0.879898 
vt 0.645401 0.928406 
vt 0.645401 0.928406 
vt 0.573807 0.949005 
vt 0.648407 0.940399 
vt 0.714798 0.980698 
vt 0.652893 0.962601 
vt 0.651306 0.978394 
vt 0.651306 0.978394 
vt 0.701508 0.916794 
vt 0.878601 0.899795 
vt 0.936905 0.890793 
vt 0.883499 0.885406 
vt 0.706604 0.931595 
vt 0.701508 0.916794 
vt 0.572296 0.940796 
vt 0.573898 0.975906 
vt 0.5746 0.965698 
vt 0.895706 0.946594 
vt 0.871002 0.923996 
vt 0.895706 0.946594 
vt 0.903198 0.938202 
vt 0.816696 0.888504 
vt 0.651001 0.948807 
vt 0.717407 0.958893 
vt 0.653107 0.9552 
vt 0.711899 0.941696 
vt 0.870895 0.912796 
vt 0.930695 0.915894 
vt 0.874603 0.905701 
vt 0.717606 0.949402 
vt 0.574997 0.955307 
vt 0.575394 0.960693 
vt 0.809494 0.893005 
vt 0.923706 0.921402 
vt 0.913605 0.929901 
vt 0.739304 0.905502 
vt 0.739304 0.905502 
vt 0.745895 0.922699 
vt 0.767502 0.992294 
vt 0.997604 0.901093 
vt 0.979294 0.8918 
vt 0.968094 0.913193 
vt 0.997604 0.901093 
vt 0.933395 0.908707 
vt 0.9142 0.954803 
vt 0.9142 0.954803 
vt 0.922104 0.945496 
vt 0.936798 0.934998 
vt 0.757706 0.956299 
vt 0.753799 0.935593 
vt 0.764694 0.945297 
vt 0.971207 0.923096 
vt 0.968506 0.914093 
vt 0.968506 0.914093 
vt 0.972794 0.922699 
vt 0.968094 0.913193 
vt 0.972794 0.922699 
vt 0.953705 0.927002 
vt 0.825806 0.879105 
vt 0.435104 0.966995 
vt 0.451798 0.962708 
vt 0.451706 0.969803 
vt 0.453201 0.965698 
vt 0.4982 0.951904 
vt 0.498001 0.975296 
vt 0.499207 0.956894 
vt 0.666596 0.861999 
vt 0.667496 0.861496 
vt 0.734299 0.895493 
vt 0.695801 0.863907 
vt 0.453003 0.967896 
vt 0.498398 0.968597 
vt 0.5 0.961304 
vt 0.691406 0.869705 
vt 0.742996 0.878296 
vt 0.693695 0.867599 
vt 0.747803 0.8741 
vt 0.737 0.888702 
vt 0.499298 0.965302 
vt 0.859207 0.932205 
vt 0.802994 0.906998 
vt 0.799896 0.915207 
vt 0.753494 0.866592 
vt 0.740097 0.882599 
vt 0.806107 0.8992 

usemtl Tail1Mtl

f 3550/3550/3550 3551/3551/3551 3552/3552/3552 
f 3674/3674/3674 3675/3675/3675 3676/3676/3676 
f 3500/3500/3500 3501/3501/3501 3502/3502/3502 
f 3507/3507/3507 3502/3502/3502 3501/3501/3501 
f 3506/3506/3506 3500/3500/3500 3502/3502/3502 
f 3502/3502/3502 3507/3507/3507 3508/3508/3508 
f 3508/3508/3508 3506/3506/3506 3502/3502/3502 
f 3507/3507/3507 3524/3524/3524 3508/3508/3508 
f 3524/3524/3524 3507/3507/3507 3628/3628/3628 
f 3507/3507/3507 3559/3559/3559 3628/3628/3628 
f 3524/3524/3524 3517/3517/3517 3508/3508/3508 
f 3506/3506/3506 3508/3508/3508 3517/3517/3517 
f 3517/3517/3517 3524/3524/3524 3527/3527/3527 
f 3559/3559/3559 3507/3507/3507 3553/3553/3553 
f 3501/3501/3501 3553/3553/3553 3507/3507/3507 
f 3553/3553/3553 3563/3563/3563 3559/3559/3559 
f 3563/3563/3563 3553/3553/3553 3546/3546/3546 
f 3538/3538/3538 3546/3546/3546 3553/3553/3553 
f 3553/3553/3553 3501/3501/3501 3538/3538/3538 
f 3546/3546/3546 3538/3538/3538 3540/3540/3540 
f 3538/3538/3538 3539/3539/3539 3540/3540/3540 
f 3539/3539/3539 3538/3538/3538 3541/3541/3541 
f 3501/3501/3501 3541/3541/3541 3538/3538/3538 
f 3541/3541/3541 3545/3545/3545 3539/3539/3539 
f 3541/3541/3541 3501/3501/3501 3512/3512/3512 
f 3545/3545/3545 3541/3541/3541 3557/3557/3557 
f 3512/3512/3512 3557/3557/3557 3541/3541/3541 
f 3501/3501/3501 3500/3500/3500 3512/3512/3512 
f 3557/3557/3557 3656/3656/3656 3545/3545/3545 
f 3656/3656/3656 3557/3557/3557 3629/3629/3629 
f 3557/3557/3557 3621/3621/3621 3629/3629/3629 
f 3557/3557/3557 3512/3512/3512 3525/3525/3525 
f 3621/3621/3621 3557/3557/3557 3525/3525/3525 
f 3512/3512/3512 3520/3520/3520 3525/3525/3525 
f 3520/3520/3520 3621/3621/3621 3525/3525/3525 
f 3520/3520/3520 3512/3512/3512 3500/3500/3500 
f 3621/3621/3621 3520/3520/3520 3523/3523/3523 
f 3513/3513/3513 3520/3520/3520 3500/3500/3500 
f 3500/3500/3500 3506/3506/3506 3513/3513/3513 
f 3521/3521/3521 3523/3523/3523 3520/3520/3520 
f 3520/3520/3520 3513/3513/3513 3521/3521/3521 
f 3523/3523/3523 3521/3521/3521 3531/3531/3531 
f 3516/3516/3516 3513/3513/3513 3506/3506/3506 
f 3517/3517/3517 3516/3516/3516 3506/3506/3506 
f 3528/3528/3528 3521/3521/3521 3513/3513/3513 
f 3513/3513/3513 3516/3516/3516 3528/3528/3528 
f 3530/3530/3530 3531/3531/3531 3521/3521/3521 
f 3521/3521/3521 3528/3528/3528 3530/3530/3530 
f 3531/3531/3531 3530/3530/3530 3532/3532/3532 
f 3612/3612/3612 3530/3530/3530 3528/3528/3528 
f 3580/3580/3580 3532/3532/3532 3530/3530/3530 
f 3530/3530/3530 3612/3612/3612 3580/3580/3580 
f 3532/3532/3532 3580/3580/3580 3579/3579/3579 
f 3528/3528/3528 3576/3576/3576 3612/3612/3612 
f 3576/3576/3576 3580/3580/3580 3612/3612/3612 
f 3576/3576/3576 3528/3528/3528 3516/3516/3516 
f 3578/3578/3578 3579/3579/3579 3580/3580/3580 
f 3580/3580/3580 3576/3576/3576 3578/3578/3578 
f 3579/3579/3579 3578/3578/3578 3587/3587/3587 
f 3587/3587/3587 3591/3591/3591 3592/3592/3592 
f 3578/3578/3578 3575/3575/3575 3587/3587/3587 
f 3576/3576/3576 3575/3575/3575 3578/3578/3578 
f 3575/3575/3575 3586/3586/3586 3587/3587/3587 
f 3586/3586/3586 3575/3575/3575 3577/3577/3577 
f 3575/3575/3575 3576/3576/3576 3577/3577/3577 
f 3577/3577/3577 3615/3615/3615 3586/3586/3586 
f 3576/3576/3576 3529/3529/3529 3577/3577/3577 
f 3615/3615/3615 3577/3577/3577 3529/3529/3529 
f 3529/3529/3529 3576/3576/3576 3516/3516/3516 
f 3529/3529/3529 3527/3527/3527 3615/3615/3615 
f 3516/3516/3516 3517/3517/3517 3529/3529/3529 
f 3527/3527/3527 3529/3529/3529 3517/3517/3517 
f 3588/3588/3588 3589/3589/3589 3590/3590/3590 
f 3589/3589/3589 3588/3588/3588 3596/3596/3596 
f 3596/3596/3596 3614/3614/3614 3589/3589/3589 
f 3597/3597/3597 3596/3596/3596 3588/3588/3588 
f 3594/3594/3594 3597/3597/3597 3588/3588/3588 
f 3593/3593/3593 3594/3594/3594 3590/3590/3590 
f 3594/3594/3594 3593/3593/3593 3595/3595/3595 
f 3597/3597/3597 3594/3594/3594 3595/3595/3595 
f 3616/3616/3616 3595/3595/3595 3593/3593/3593 
f 3595/3595/3595 3616/3616/3616 3682/3682/3682 
f 3682/3682/3682 3597/3597/3597 3595/3595/3595 
f 3685/3685/3685 3682/3682/3682 3616/3616/3616 
f 3596/3596/3596 3597/3597/3597 3680/3680/3680 
f 3682/3682/3682 3685/3685/3685 3692/3692/3692 
f 3636/3636/3636 3692/3692/3692 3685/3685/3685 
f 3597/3597/3597 3682/3682/3682 3691/3691/3691 
f 3692/3692/3692 3691/3691/3691 3682/3682/3682 
f 3597/3597/3597 3683/3683/3683 3680/3680/3680 
f 3683/3683/3683 3597/3597/3597 3691/3691/3691 
f 3680/3680/3680 3681/3681/3681 3596/3596/3596 
f 3681/3681/3681 3680/3680/3680 3683/3683/3683 
f 3614/3614/3614 3596/3596/3596 3681/3681/3681 
f 3681/3681/3681 3684/3684/3684 3614/3614/3614 
f 3684/3684/3684 3681/3681/3681 3686/3686/3686 
f 3683/3683/3683 3686/3686/3686 3681/3681/3681 
f 3686/3686/3686 3635/3635/3635 3684/3684/3684 
f 3691/3691/3691 3693/3693/3693 3683/3683/3683 
f 3686/3686/3686 3683/3683/3683 3693/3693/3693 
f 3635/3635/3635 3686/3686/3686 3623/3623/3623 
f 3693/3693/3693 3623/3623/3623 3686/3686/3686 
f 3623/3623/3623 3622/3622/3622 3635/3635/3635 
f 3693/3693/3693 3691/3691/3691 3699/3699/3699 
f 3691/3691/3691 3692/3692/3692 3699/3699/3699 
f 3623/3623/3623 3693/3693/3693 3651/3651/3651 
f 3699/3699/3699 3651/3651/3651 3693/3693/3693 
f 3622/3622/3622 3623/3623/3623 3624/3624/3624 
f 3637/3637/3637 3699/3699/3699 3692/3692/3692 
f 3692/3692/3692 3636/3636/3636 3637/3637/3637 
f 3651/3651/3651 3699/3699/3699 3652/3652/3652 
f 3699/3699/3699 3637/3637/3637 3652/3652/3652 
f 3636/3636/3636 3626/3626/3626 3637/3637/3637 
f 3626/3626/3626 3652/3652/3652 3637/3637/3637 
f 3626/3626/3626 3636/3636/3636 3627/3627/3627 
f 3625/3625/3625 3626/3626/3626 3627/3627/3627 
f 3652/3652/3652 3626/3626/3626 3645/3645/3645 
f 3645/3645/3645 3651/3651/3651 3652/3652/3652 
f 3626/3626/3626 3625/3625/3625 3644/3644/3644 
f 3644/3644/3644 3645/3645/3645 3626/3626/3626 
f 3659/3659/3659 3644/3644/3644 3625/3625/3625 
f 3644/3644/3644 3659/3659/3659 3669/3669/3669 
f 3669/3669/3669 3650/3650/3650 3644/3644/3644 
f 3645/3645/3645 3644/3644/3644 3650/3650/3650 
f 3650/3650/3650 3669/3669/3669 3671/3671/3671 
f 3670/3670/3670 3650/3650/3650 3671/3671/3671 
f 3650/3650/3650 3670/3670/3670 3646/3646/3646 
f 3646/3646/3646 3645/3645/3645 3650/3650/3650 
f 3658/3658/3658 3646/3646/3646 3670/3670/3670 
f 3651/3651/3651 3645/3645/3645 3643/3643/3643 
f 3645/3645/3645 3646/3646/3646 3643/3643/3643 
f 3643/3643/3643 3623/3623/3623 3651/3651/3651 
f 3623/3623/3623 3643/3643/3643 3624/3624/3624 
f 3633/3633/3633 3643/3643/3643 3646/3646/3646 
f 3646/3646/3646 3658/3658/3658 3633/3633/3633 
f 3643/3643/3643 3633/3633/3633 3624/3624/3624 
f 3657/3657/3657 3633/3633/3633 3658/3658/3658 
f 3633/3633/3633 3622/3622/3622 3624/3624/3624 
f 3633/3633/3633 3657/3657/3657 3634/3634/3634 
f 3622/3622/3622 3633/3633/3633 3634/3634/3634 
f 3503/3503/3503 3504/3504/3504 3505/3505/3505 
f 3522/3522/3522 3505/3505/3505 3504/3504/3504 
f 3504/3504/3504 3613/3613/3613 3522/3522/3522 
f 3505/3505/3505 3522/3522/3522 3526/3526/3526 
f 3564/3564/3564 3505/3505/3505 3526/3526/3526 
f 3505/3505/3505 3564/3564/3564 3554/3554/3554 
f 3558/3558/3558 3554/3554/3554 3564/3564/3564 
f 3511/3511/3511 3505/3505/3505 3554/3554/3554 
f 3505/3505/3505 3511/3511/3511 3503/3503/3503 
f 3554/3554/3554 3558/3558/3558 3542/3542/3542 
f 3560/3560/3560 3542/3542/3542 3558/3558/3558 
f 3554/3554/3554 3544/3544/3544 3511/3511/3511 
f 3544/3544/3544 3554/3554/3554 3542/3542/3542 
f 3542/3542/3542 3560/3560/3560 3547/3547/3547 
f 3560/3560/3560 3561/3561/3561 3547/3547/3547 
f 3561/3561/3561 3560/3560/3560 3660/3660/3660 
f 3543/3543/3543 3542/3542/3542 3547/3547/3547 
f 3547/3547/3547 3548/3548/3548 3543/3543/3543 
f 3542/3542/3542 3543/3543/3543 3544/3544/3544 
f 3549/3549/3549 3544/3544/3544 3543/3543/3543 
f 3544/3544/3544 3509/3509/3509 3511/3511/3511 
f 3509/3509/3509 3503/3503/3503 3511/3511/3511 
f 3544/3544/3544 3549/3549/3549 3555/3555/3555 
f 3509/3509/3509 3544/3544/3544 3555/3555/3555 
f 3549/3549/3549 3556/3556/3556 3555/3555/3555 
f 3556/3556/3556 3549/3549/3549 3562/3562/3562 
f 3566/3566/3566 3556/3556/3556 3562/3562/3562 
f 3537/3537/3537 3555/3555/3555 3556/3556/3556 
f 3555/3555/3555 3537/3537/3537 3509/3509/3509 
f 3556/3556/3556 3566/3566/3566 3565/3565/3565 
f 3565/3565/3565 3537/3537/3537 3556/3556/3556 
f 3665/3665/3665 3565/3565/3565 3566/3566/3566 
f 3565/3565/3565 3665/3665/3665 3638/3638/3638 
f 3638/3638/3638 3537/3537/3537 3565/3565/3565 
f 3537/3537/3537 3638/3638/3638 3536/3536/3536 
f 3536/3536/3536 3519/3519/3519 3537/3537/3537 
f 3519/3519/3519 3509/3509/3509 3537/3537/3537 
f 3519/3519/3519 3536/3536/3536 3535/3535/3535 
f 3503/3503/3503 3509/3509/3509 3510/3510/3510 
f 3509/3509/3509 3519/3519/3519 3510/3510/3510 
f 3534/3534/3534 3519/3519/3519 3535/3535/3535 
f 3518/3518/3518 3503/3503/3503 3510/3510/3510 
f 3519/3519/3519 3518/3518/3518 3510/3510/3510 
f 3519/3519/3519 3534/3534/3534 3533/3533/3533 
f 3518/3518/3518 3519/3519/3519 3533/3533/3533 
f 3534/3534/3534 3610/3610/3610 3533/3533/3533 
f 3610/3610/3610 3534/3534/3534 3618/3618/3618 
f 3533/3533/3533 3609/3609/3609 3518/3518/3518 
f 3609/3609/3609 3533/3533/3533 3610/3610/3610 
f 3585/3585/3585 3610/3610/3610 3618/3618/3618 
f 3609/3609/3609 3514/3514/3514 3518/3518/3518 
f 3503/3503/3503 3518/3518/3518 3514/3514/3514 
f 3504/3504/3504 3503/3503/3503 3514/3514/3514 
f 3610/3610/3610 3585/3585/3585 3584/3584/3584 
f 3582/3582/3582 3584/3584/3584 3585/3585/3585 
f 3610/3610/3610 3569/3569/3569 3609/3609/3609 
f 3569/3569/3569 3610/3610/3610 3584/3584/3584 
f 3584/3584/3584 3582/3582/3582 3583/3583/3583 
f 3583/3583/3583 3569/3569/3569 3584/3584/3584 
f 3582/3582/3582 3567/3567/3567 3583/3583/3583 
f 3569/3569/3569 3583/3583/3583 3567/3567/3567 
f 3567/3567/3567 3582/3582/3582 3581/3581/3581 
f 3569/3569/3569 3611/3611/3611 3609/3609/3609 
f 3514/3514/3514 3609/3609/3609 3611/3611/3611 
f 3567/3567/3567 3568/3568/3568 3569/3569/3569 
f 3611/3611/3611 3569/3569/3569 3568/3568/3568 
f 3570/3570/3570 3567/3567/3567 3581/3581/3581 
f 3568/3568/3568 3567/3567/3567 3570/3570/3570 
f 3581/3581/3581 3571/3571/3571 3570/3570/3570 
f 3571/3571/3571 3568/3568/3568 3570/3570/3570 
f 3571/3571/3571 3581/3581/3581 3572/3572/3572 
f 3568/3568/3568 3571/3571/3571 3573/3573/3573 
f 3572/3572/3572 3573/3573/3573 3571/3571/3571 
f 3573/3573/3573 3611/3611/3611 3568/3568/3568 
f 3573/3573/3573 3572/3572/3572 3574/3574/3574 
f 3613/3613/3613 3573/3573/3573 3574/3574/3574 
f 3611/3611/3611 3573/3573/3573 3515/3515/3515 
f 3573/3573/3573 3613/3613/3613 3515/3515/3515 
f 3515/3515/3515 3514/3514/3514 3611/3611/3611 
f 3613/3613/3613 3504/3504/3504 3515/3515/3515 
f 3514/3514/3514 3515/3515/3515 3504/3504/3504 
f 3598/3598/3598 3599/3599/3599 3600/3600/3600 
f 3601/3601/3601 3600/3600/3600 3599/3599/3599 
f 3599/3599/3599 3598/3598/3598 3608/3608/3608 
f 3600/3600/3600 3601/3601/3601 3604/3604/3604 
f 3598/3598/3598 3617/3617/3617 3608/3608/3608 
f 3688/3688/3688 3600/3600/3600 3604/3604/3604 
f 3600/3600/3600 3688/3688/3688 3598/3598/3598 
f 3601/3601/3601 3603/3603/3603 3604/3604/3604 
f 3603/3603/3603 3688/3688/3688 3604/3604/3604 
f 3602/3602/3602 3603/3603/3603 3601/3601/3601 
f 3603/3603/3603 3602/3602/3602 3605/3605/3605 
f 3688/3688/3688 3603/3603/3603 3687/3687/3687 
f 3605/3605/3605 3687/3687/3687 3603/3603/3603 
f 3602/3602/3602 3606/3606/3606 3605/3605/3605 
f 3687/3687/3687 3605/3605/3605 3606/3606/3606 
f 3606/3606/3606 3602/3602/3602 3607/3607/3607 
f 3607/3607/3607 3619/3619/3619 3606/3606/3606 
f 3619/3619/3619 3687/3687/3687 3606/3606/3606 
f 3619/3619/3619 3607/3607/3607 3620/3620/3620 
f 3689/3689/3689 3619/3619/3619 3620/3620/3620 
f 3687/3687/3687 3696/3696/3696 3688/3688/3688 
f 3696/3696/3696 3598/3598/3598 3688/3688/3688 
f 3687/3687/3687 3619/3619/3619 3694/3694/3694 
f 3696/3696/3696 3687/3687/3687 3694/3694/3694 
f 3619/3619/3619 3689/3689/3689 3698/3698/3698 
f 3698/3698/3698 3694/3694/3694 3619/3619/3619 
f 3689/3689/3689 3701/3701/3701 3698/3698/3698 
f 3701/3701/3701 3689/3689/3689 3702/3702/3702 
f 3694/3694/3694 3698/3698/3698 3704/3704/3704 
f 3701/3701/3701 3704/3704/3704 3698/3698/3698 
f 3694/3694/3694 3695/3695/3695 3696/3696/3696 
f 3695/3695/3695 3694/3694/3694 3704/3704/3704 
f 3700/3700/3700 3701/3701/3701 3702/3702/3702 
f 3695/3695/3695 3690/3690/3690 3696/3696/3696 
f 3598/3598/3598 3696/3696/3696 3690/3690/3690 
f 3617/3617/3617 3598/3598/3598 3690/3690/3690 
f 3697/3697/3697 3617/3617/3617 3690/3690/3690 
f 3690/3690/3690 3695/3695/3695 3697/3697/3697 
f 3617/3617/3617 3697/3697/3697 3703/3703/3703 
f 3701/3701/3701 3700/3700/3700 3639/3639/3639 
f 3653/3653/3653 3697/3697/3697 3695/3695/3695 
f 3704/3704/3704 3653/3653/3653 3695/3695/3695 
f 3642/3642/3642 3703/3703/3703 3697/3697/3697 
f 3697/3697/3697 3653/3653/3653 3642/3642/3642 
f 3703/3703/3703 3642/3642/3642 3679/3679/3679 
f 3642/3642/3642 3632/3632/3632 3679/3679/3679 
f 3704/3704/3704 3701/3701/3701 3705/3705/3705 
f 3653/3653/3653 3704/3704/3704 3705/3705/3705 
f 3701/3701/3701 3647/3647/3647 3705/3705/3705 
f 3647/3647/3647 3653/3653/3653 3705/3705/3705 
f 3647/3647/3647 3701/3701/3701 3639/3639/3639 
f 3649/3649/3649 3642/3642/3642 3653/3653/3653 
f 3653/3653/3653 3647/3647/3647 3649/3649/3649 
f 3632/3632/3632 3642/3642/3642 3630/3630/3630 
f 3642/3642/3642 3649/3649/3649 3630/3630/3630 
f 3630/3630/3630 3631/3631/3631 3632/3632/3632 
f 3647/3647/3647 3648/3648/3648 3649/3649/3649 
f 3648/3648/3648 3630/3630/3630 3649/3649/3649 
f 3631/3631/3631 3630/3630/3630 3664/3664/3664 
f 3630/3630/3630 3648/3648/3648 3664/3664/3664 
f 3664/3664/3664 3661/3661/3661 3631/3631/3631 
f 3661/3661/3661 3662/3662/3662 3663/3663/3663 
f 3662/3662/3662 3661/3661/3661 3673/3673/3673 
f 3661/3661/3661 3664/3664/3664 3673/3673/3673 
f 3664/3664/3664 3672/3672/3672 3673/3673/3673 
f 3672/3672/3672 3664/3664/3664 3648/3648/3648 
f 3677/3677/3677 3673/3673/3673 3672/3672/3672 
f 3648/3648/3648 3678/3678/3678 3672/3672/3672 
f 3648/3648/3648 3647/3647/3647 3654/3654/3654 
f 3678/3678/3678 3648/3648/3648 3654/3654/3654 
f 3639/3639/3639 3654/3654/3654 3647/3647/3647 
f 3655/3655/3655 3678/3678/3678 3654/3654/3654 
f 3654/3654/3654 3639/3639/3639 3655/3655/3655 
f 3678/3678/3678 3655/3655/3655 3668/3668/3668 
f 3655/3655/3655 3667/3667/3667 3668/3668/3668 
f 3667/3667/3667 3655/3655/3655 3641/3641/3641 
f 3655/3655/3655 3639/3639/3639 3641/3641/3641 
f 3641/3641/3641 3666/3666/3666 3667/3667/3667 
f 3666/3666/3666 3641/3641/3641 3640/3640/3640 
f 3639/3639/3639 3640/3640/3640 3641/3641/3641 
f 3640/3640/3640 3639/3639/3639 3700/3700/3700 

g Body1

v -0.39176 -2.16391 4.3046 
v -0.426955 -1.95931 4.21914 
v -0.365799 -2.15589 4.18068 
v -0.435411 -1.9936 4.36044 
v -0.354164 -2.07899 4.50759 
v -0.430607 -1.81302 4.471 
v -0.324839 -2.21163 4.43656 
v -0.289027 -1.93441 3.98671 
v -0.186347 -2.17271 4.05164 
v -0.182996 -2.25587 4.49358 
v -0.201213 -2.18527 4.59527 
v -0.372374 -1.89932 4.61618 
v -0.307212 -1.90682 4.98076 
v -0.277903 -2.04571 4.82379 
v -0.293443 -2.06844 5.10197 
v -0.196309 -2.17485 5.03231 
v -0.317011 -2.24211 5.28821 
v -0.344563 -1.72493 5.1378 
v -0.293443 -2.06844 5.10197 
v -0.332739 -1.9392 5.15905 
v -0.462826 -1.68441 4.25371 
v -0.450295 -1.67291 4.55133 
v -0.407858 -1.77231 4.71363 
v -0.429492 -1.57997 4.04522 
v -0.281478 -1.73128 3.75831 
v -0.385399 -1.8329 5.02784 
v -0.461777 -1.66612 4.80997 
v -0.385399 -1.8329 5.02784 
v -0.307212 -1.90682 4.98076 
v -0.266943 -1.90237 5.22664 
v -0.254111 -1.66612 5.13704 
v 0.187509 -2.30434 4.46501 
v -0.010843 -2.30367 4.62354 
v -0.0122651 -2.29547 4.47619 
v -0.0221885 -2.19452 4.15794 
v 0.181111 -2.27159 4.31113 
v 0.0233077 -2.27387 4.33159 
v 0.194051 -2.34382 4.61361 
v -0.00985695 -2.31572 4.78964 
v 0.207161 -2.38594 4.96551 
v 0.0105051 -2.34255 4.97263 
v 0.0175426 -2.3436 5.23125 
v -0.202538 -2.279 5.25613 
v 0.216831 -2.40629 5.24079 
v 0.200553 -2.36927 4.78145 
v -0.0565171 -2.04204 3.94753 
v -0.0742992 -1.87559 3.7065 
v -0.0741983 -1.68233 3.41981 
v 0.144163 -1.90307 3.68492 
v 0.159565 -2.06917 3.92768 
v 0.172168 -2.20014 4.13359 
v 0.126291 -1.71035 3.40316 
v -0.317011 -2.24211 5.28821 
v -0.244326 -2.34983 5.47607 
v -0.203743 -2.27906 5.25617 
v -0.226099 -2.34571 5.48435 
v -0.203743 -2.27906 5.25617 
v -0.244326 -2.34983 5.47607 
v -0.267179 -2.34492 5.44952 
v -0.29444 -2.27417 5.34245 
v -0.267179 -2.34492 5.44952 
v -0.160802 -2.3545 5.5076 
v -0.218341 -2.37079 5.50158 
v -0.154601 -2.36767 5.56945 
v -0.0207524 -2.3941 5.47664 
v -0.1493 -2.40434 5.60667 
v -0.178201 -2.38911 5.55709 
v -0.178201 -2.38911 5.55709 
v -0.160802 -2.3545 5.5076 
v -0.154601 -2.36767 5.56945 
v -0.0207524 -2.3941 5.47664 
v -0.122066 -2.43988 5.65026 
v -0.1493 -2.40434 5.60667 
v -0.0749533 -2.44696 5.71322 
v -0.085924 -2.41865 5.6757 
v -0.085924 -2.41865 5.6757 
v -0.0914192 -2.34467 5.64879 
v 0.0459377 -2.20727 5.60114 
v -0.177861 -2.3226 5.55066 
v -0.232647 -2.3588 5.52607 
v -0.244897 -2.1379 5.34813 
v -0.298373 -2.32863 5.44396 
v -0.321835 -2.24234 5.28837 
v -0.317011 -2.24211 5.28821 
v -0.202538 -2.279 5.25613 
v -0.124368 -1.80568 5.2837 
v -0.134899 -2.05779 5.42268 
v -0.244897 -2.1379 5.34813 
v -0.327195 -2.29192 5.35229 
v -0.298373 -2.32863 5.44396 
v -0.327195 -2.29192 5.35229 
v 0.0307733 -1.98675 5.4455 
v 0.129895 -2.47817 5.75311 
v -0.035538 -2.46658 5.7443 
v 0.0162248 -2.39389 5.72726 
v 0.010985 -2.33529 5.68589 
v -0.00251582 -2.38915 5.71572 
v 0.0757663 -2.4064 5.75428 
v 0.0845835 -2.33993 5.70963 
v 0.045154 -2.37046 5.71951 
v 0.226387 -2.42098 5.52074 
v 0.101857 -2.39394 5.75573 
v 0.0568411 -2.50864 5.80964 
v 0.11308 -2.49374 5.81074 
v -0.035538 -2.46658 5.7443 
v 0.0568411 -2.50864 5.80964 
v -0.001756 -2.49113 5.78126 
v 0.172134 -2.40177 5.78481 
v 0.109991 -2.42263 5.77923 
v 0.179383 -2.52766 5.82923 
v 0.135033 -2.43202 5.79191 
v 0.183144 -2.38396 5.77626 
v -0.0914192 -2.34467 5.64879 
v -0.0406981 -2.34949 5.67655 
v 0.0459377 -2.20727 5.60114 
v 0.0277378 -1.76626 5.29051 
v 0.188842 -1.74993 5.31842 
v 0.20407 -1.96956 5.47737 
v 0.219328 -2.19024 5.63571 
v -0.0190879 -2.34281 5.68053 
v -0.0406981 -2.34949 5.67655 
v -0.149475 -1.59171 5.14861 
v -0.241047 -1.33563 3.2074 
v -0.388544 -1.28239 3.55792 
v -0.346521 -1.12983 3.31238 
v -0.316958 -0.833105 3.26635 
v -0.290379 -0.996714 3.13999 
v -0.349566 -0.926117 3.43811 
v -0.205024 -1.14353 3.02125 
v -0.25246 -0.86683 2.99891 
v -0.253416 -0.760555 3.1243 
v -0.27158 -1.54131 3.47056 
v -0.460278 -1.24723 3.90477 
v -0.398178 -1.00983 3.61474 
v -0.485382 -0.902554 3.73178 
v -0.401379 -0.718501 3.63452 
v -0.347901 -0.718879 3.52649 
v -0.414724 -1.44858 3.8254 
v -0.28578 -0.687981 3.35498 
v -0.347901 -0.718879 3.52649 
v -0.228124 -0.561452 3.41182 
v -0.28578 -0.687981 3.35498 
v -0.221371 -0.659358 3.21414 
v -0.162738 -0.585421 3.263 
v -0.221371 -0.659358 3.21414 
v -0.298709 -0.566796 3.62086 
v -0.146831 -0.458979 3.45345 
v -0.472775 -0.714196 3.71794 
v -0.472775 -0.714196 3.71794 
v -0.331735 -0.592787 3.87724 
v -0.401379 -0.718501 3.63452 
v -0.185236 -0.463836 3.7237 
v -0.172759 -0.966503 2.88528 
v -0.0553204 -1.22714 2.96303 
v -0.050966 -1.02962 2.81674 
v 0.0762541 -1.03959 2.80637 
v 0.0905184 -1.26108 2.9322 
v -0.061847 -1.44884 3.15835 
v 0.0905184 -1.26108 2.9322 
v 0.273584 -1.43328 3.14772 
v 0.107445 -1.48459 3.13907 
v 0.0762541 -1.03959 2.80637 
v 0.234248 -1.21371 2.95385 
v 0.107445 -1.48459 3.13907 
v -0.099328 -0.528115 3.28528 
v -0.0433509 -0.400741 3.4809 
v -0.0209374 -0.487919 3.29685 
v 0.0675701 -0.386488 3.48821 
v 0.0656117 -0.472384 3.30073 
v 0.0675701 -0.386488 3.48821 
v 0.152808 -0.479859 3.29134 
v 0.0656117 -0.472384 3.30073 
v 0.178649 -0.390442 3.47386 
v -0.0587269 -0.388277 3.77792 
v 0.0763648 -0.370964 3.78836 
v 0.211548 -0.375738 3.76935 
v 0.0763648 -0.370964 3.78836 
v -0.477865 -1.51975 4.32556 
v -0.474359 -1.39524 4.12198 
v -0.510242 -1.38015 4.38681 
v -0.507526 -1.24484 4.17413 
v -0.517262 -1.51795 4.57458 
v -0.218162 -1.37391 4.98056 
v -0.386256 -1.38554 4.96833 
v -0.29646 -1.39172 4.9665 
v -0.514109 -1.09702 3.95383 
v -0.42925 -0.680458 3.95674 
v -0.398655 -0.854489 4.36157 
v -0.30757 -0.823782 4.3781 
v -0.215848 -0.574486 4.04712 
v -0.301789 -1.10376 4.72345 
v -0.397797 -1.1411 4.7327 
v -0.20899 -1.09437 4.76251 
v -0.212749 -0.805166 4.41817 
v -0.0521579 -1.08428 4.83733 
v -0.0310229 -1.34959 5.03946 
v 0.00191405 -1.55715 5.16382 
v 0.142827 -1.08398 4.84147 
v 0.160474 -1.32366 5.04738 
v 0.174628 -1.53649 5.18238 
v -0.0571451 -0.76497 4.46012 
v -0.0588123 -0.528146 4.10508 
v 0.0933525 -0.513344 4.11587 
v 0.0933525 -0.513344 4.11587 
v 0.115564 -0.747287 4.47417 
v 0.245247 -0.51404 4.09544 
v 0.115564 -0.747287 4.47417 
v 0.187509 -2.30434 4.46501 
v 0.394569 -2.28486 4.61068 
v 0.194051 -2.34382 4.61361 
v 0.181111 -2.27159 4.31113 
v 0.385911 -2.277 4.46357 
v 0.366321 -2.1765 4.14562 
v 0.339425 -2.2592 4.32157 
v 0.405202 -2.29646 4.77648 
v 0.571003 -2.14944 4.57079 
v 0.200553 -2.36927 4.78145 
v 0.207161 -2.38594 4.96551 
v 0.408464 -2.32546 5.21886 
v 0.216831 -2.40629 5.24079 
v 0.399015 -2.32452 4.96032 
v 0.466699 -2.37149 5.46119 
v 0.622757 -2.24071 5.22997 
v 0.666764 -2.30429 5.45604 
v 0.592789 -2.13825 5.00729 
v 0.373032 -2.02211 3.93392 
v 0.172168 -2.20014 4.13359 
v 0.159565 -2.06917 3.92768 
v 0.360073 -1.85544 3.69273 
v 0.144163 -1.90307 3.68492 
v 0.555875 -1.69244 3.73177 
v 0.5966 -1.89333 3.95864 
v 0.520711 -2.13991 4.02923 
v 0.648744 -2.00272 4.79441 
v 0.375852 -1.97074 5.43456 
v 0.503044 -1.77658 5.26381 
v 0.348679 -1.75137 5.28034 
v 0.553004 -2.22173 4.47024 
v 0.54561 -2.02622 5.40111 
v 0.650057 -1.85983 5.19757 
v 0.70762 -2.02973 4.47393 
v 0.683871 -2.0231 5.07099 
v 0.705633 -2.10619 4.14671 
v 0.686259 -2.16473 4.40451 
v 0.735126 -2.1933 5.25486 
v 0.771158 -1.93763 4.32219 
v 0.740005 -2.11141 4.26872 
v 0.623962 -2.24066 5.22993 
v 0.705311 -2.2998 5.41869 
v 0.719089 -2.22715 5.31032 
v 0.735126 -2.1933 5.25486 
v 0.623962 -2.24066 5.22993 
v 0.622757 -2.24071 5.22997 
v 0.753903 -2.24177 5.31802 
v 0.739949 -2.19308 5.25471 
v 0.657613 -2.09603 5.31952 
v 0.735126 -2.1933 5.25486 
v 0.714575 -1.89061 5.12585 
v 0.750653 -1.90468 4.18181 
v 0.71596 -1.84883 4.58168 
v 0.756668 -1.75794 4.43336 
v 0.763056 -1.62754 4.21485 
v 0.674945 -1.86126 4.94963 
v 0.705162 -1.67623 5.10452 
v 0.683871 -2.0231 5.07099 
v 0.674945 -1.86126 4.94963 
v 0.188842 -1.74993 5.31842 
v 0.235092 -2.48554 5.70085 
v 0.22001 -2.50305 5.81032 
v 0.226387 -2.42098 5.52074 
v 0.342248 -2.46832 5.74638 
v 0.235092 -2.48554 5.70085 
v 0.258617 -2.50126 5.80909 
v 0.36404 -2.4821 5.80278 
v 0.505011 -2.4415 5.72717 
v 0.240614 -2.52329 5.8198 
v 0.240614 -2.52329 5.8198 
v 0.236562 -2.4357 5.82016 
v 0.200178 -2.43856 5.81367 
v 0.282085 -2.37937 5.77312 
v 0.236562 -2.4357 5.82016 
v 0.272571 -2.4352 5.81137 
v 0.302461 -2.52195 5.82533 
v 0.335327 -2.42273 5.78556 
v 0.35854 -2.41109 5.77135 
v 0.295212 -2.39606 5.78091 
v 0.362485 -2.38185 5.74746 
v 0.37174 -2.32661 5.70052 
v 0.219328 -2.19024 5.63571 
v 0.391016 -2.19126 5.5902 
v 0.20407 -1.96956 5.47737 
v 0.389472 -2.39185 5.74433 
v 0.41437 -2.35333 5.7078 
v 0.442946 -2.31525 5.6722 
v 0.230866 -2.34931 5.76689 
v 0.230866 -2.34931 5.76689 
v 0.466699 -2.37149 5.46119 
v 0.582581 -2.40719 5.62792 
v 0.546311 -2.38932 5.65566 
v 0.603602 -2.36942 5.5828 
v 0.604159 -2.31901 5.48335 
v 0.603602 -2.36942 5.5828 
v 0.603125 -2.33252 5.54542 
v 0.604159 -2.31901 5.48335 
v 0.627779 -2.35172 5.53154 
v 0.603125 -2.33252 5.54542 
v 0.627779 -2.35172 5.53154 
v 0.662463 -2.32993 5.47366 
v 0.5404 -2.41842 5.69371 
v 0.546311 -2.38932 5.65566 
v 0.421233 -2.49173 5.79809 
v 0.445774 -2.37396 5.71364 
v 0.463229 -2.36755 5.70096 
v 0.421233 -2.49173 5.79809 
v 0.505011 -2.4415 5.72717 
v 0.476048 -2.46896 5.76611 
v 0.473187 -2.31997 5.66493 
v 0.677118 -2.3166 5.49723 
v 0.684733 -2.30673 5.44662 
v 0.684733 -2.30673 5.44662 
v 0.705311 -2.2998 5.41869 
v 0.734451 -2.28072 5.41122 
v 0.734451 -2.28072 5.41122 
v 0.753903 -2.24177 5.31802 
v 0.657613 -2.09603 5.31952 
v 0.620884 -2.28555 5.52534 
v 0.495028 -2.32464 5.65957 
v 0.391016 -2.19126 5.5902 
v 0.495028 -2.32464 5.65957 
v 0.543228 -2.31522 5.62867 
v 0.543228 -2.31522 5.62867 
v 0.745632 -1.7188 4.67706 
v 0.202406 -1.01786 2.80871 
v 0.378956 -1.11643 3.00274 
v 0.321927 -0.943554 2.8696 
v 0.444286 -1.30384 3.18567 
v 0.399089 -0.836603 2.97826 
v 0.457699 -0.962009 3.11628 
v 0.323978 -1.66386 3.40719 
v 0.126291 -1.71035 3.40316 
v 0.510283 -1.50504 3.44578 
v 0.300595 -0.563926 3.24831 
v 0.438161 -0.654395 3.33203 
v 0.362609 -0.632266 3.19562 
v 0.233692 -0.512666 3.27473 
v 0.372758 -0.533576 3.39277 
v 0.398133 -0.730328 3.10364 
v 0.362609 -0.632266 3.19562 
v 0.476964 -0.796274 3.24118 
v 0.438161 -0.654395 3.33203 
v 0.285129 -0.438939 3.43975 
v 0.340823 -0.439431 3.70703 
v 0.401917 -0.545827 4.02754 
v 0.456605 -0.531756 3.59692 
v 0.513589 -0.678913 3.49918 
v 0.608083 -1.23616 3.52632 
v 0.536695 -1.08885 3.28438 
v 0.666374 -1.39842 3.79113 
v 0.528826 -0.885366 3.41026 
v 0.596038 -0.963704 3.58323 
v 0.707096 -1.52724 4.00919 
v 0.698036 -1.1935 3.86805 
v 0.739445 -1.33893 4.0835 
v 0.740734 -1.03881 3.91405 
v 0.680167 -0.848481 3.69483 
v 0.513589 -0.678913 3.49918 
v 0.573523 -0.673273 3.60361 
v 0.573523 -0.673273 3.60361 
v 0.50803 -0.553829 3.85062 
v 0.649343 -0.662138 3.68236 
v 0.618064 -0.63187 3.92354 
v 0.649343 -0.662138 3.68236 
v 0.352663 -1.33179 5.02729 
v 0.142827 -1.08398 4.84147 
v 0.160474 -1.32366 5.04738 
v 0.537152 -1.33887 4.95661 
v 0.336352 -1.06626 4.82501 
v 0.346992 -1.54115 5.15288 
v 0.609791 -1.62604 5.10965 
v 0.499662 -1.56159 5.12803 
v 0.615716 -1.3494 4.93759 
v 0.488402 -1.06202 4.7404 
v 0.579015 -1.0629 4.69552 
v 0.174628 -1.53649 5.18238 
v 0.287933 -0.748961 4.44918 
v 0.443624 -0.774716 4.39737 
v 0.537038 -0.784599 4.35133 
v 0.629345 -0.806798 4.32899 
v 0.768352 -1.61638 4.5127 
v 0.767312 -1.46198 4.28609 
v 0.795478 -1.60779 4.77011 
v 0.822033 -1.45582 4.53212 
v 0.748777 -1.78028 4.99189 
v 0.748777 -1.78028 4.99189 
v 0.761788 -1.18595 4.1339 
v 0.790444 -1.31981 4.34557 
v 0.678458 -1.09117 4.69858 
v 0.704489 -1.33493 4.93375 

vn -0.944882 -0.322835 0.0393701 
vn -0.937008 -0.204724 -0.291339 
vn -0.818898 -0.299213 -0.496063 
vn -0.968504 -0.212598 0.110236 
vn -0.84252 -0.417323 0.346457 
vn -0.976378 -0.181102 0.133858 
vn -0.748031 -0.440945 0.496063 
vn -0.685039 -0.456693 -0.559055 
vn -0.212598 -0.433071 -0.874016 
vn -0.417323 -0.629921 0.653543 
vn -0.637795 -0.708661 0.283465 
vn -0.913386 -0.346457 0.212598 
vn -0.913386 -0.409449 0.023622 
vn -0.84252 -0.535433 0.0787402 
vn -0.897638 -0.354331 -0.259843 
vn -0.700787 -0.677165 -0.212598 
vn -0.708661 -0.574803 -0.401575 
vn -0.015748 0.377953 0.929134 
vn -0.897638 -0.354331 -0.259843 
vn -0.968504 0.0314961 0.259843 
vn -0.984252 -0.133858 -0.141732 
vn -0.96063 -0.283465 0.00787402 
vn -0.913386 -0.409449 0.0551181 
vn -0.944882 -0.204724 -0.251969 
vn -0.755906 -0.519685 -0.401575 
vn -0.23622 -0.968504 -0.0866142 
vn -0.590551 -0.732283 -0.346457 
vn -0.23622 -0.968504 -0.0866142 
vn -0.913386 -0.409449 0.023622 
vn -0.606299 0.291339 0.740157 
vn -0.409449 0.401575 0.818898 
vn 0.0393701 -0.984252 -0.181102 
vn -0.370079 -0.929134 0.015748 
vn 0.0944882 -0.968504 0.244094 
vn 0.244094 -0.708661 -0.661417 
vn 0.0314961 -0.952756 -0.299213 
vn 0.448819 -0.858268 -0.251969 
vn 0.0393701 -0.992126 -0.141732 
vn -0.472441 -0.88189 -0.0472441 
vn 0.0472441 -0.992126 -0.0787402 
vn -0.425197 -0.897638 -0.110236 
vn -0.307087 -0.937008 -0.149606 
vn -0.464567 -0.818898 -0.330709 
vn 0.0393701 -0.992126 -0.0944882 
vn 0.0393701 -0.992126 -0.11811 
vn -0.19685 -0.748031 -0.637795 
vn -0.362205 -0.76378 -0.535433 
vn -0.377953 -0.732283 -0.566929 
vn 0.023622 -0.826772 -0.566929 
vn 0.023622 -0.826772 -0.559055 
vn 0.023622 -0.874016 -0.480315 
vn 0.015748 -0.787402 -0.614173 
vn -0.708661 -0.574803 -0.401575 
vn -0.952756 0.283465 -0.0787402 
vn -0.330709 -0.88189 -0.330709 
vn -0.212598 -0.968504 -0.141732 
vn -0.330709 -0.88189 -0.330709 
vn -0.952756 0.283465 -0.0787402 
vn -0.653543 0.629921 0.425197 
vn -0.417323 -0.818898 -0.393701 
vn -0.653543 0.629921 0.425197 
vn -0.023622 -0.968504 -0.251969 
vn -0.354331 -0.165354 0.92126 
vn -0.858268 -0.511811 0 
vn -0.212598 -0.944882 -0.23622 
vn -0.204724 0.401575 0.889764 
vn -0.905512 -0.204724 -0.370079 
vn -0.905512 -0.204724 -0.370079 
vn -0.023622 -0.968504 -0.251969 
vn -0.858268 -0.511811 0 
vn -0.212598 -0.944882 -0.23622 
vn -0.488189 0.448819 0.748031 
vn -0.204724 0.401575 0.889764 
vn -0.834646 0.496063 -0.251969 
vn -0.393701 0.874016 0.275591 
vn -0.393701 0.874016 0.275591 
vn 0.015748 -0.952756 -0.299213 
vn -0.299213 0.559055 0.771654 
vn 0.732283 -0.0551181 0.677165 
vn -0.76378 0.354331 0.535433 
vn -0.716535 0.362205 0.590551 
vn 0.165354 -0.834646 -0.519685 
vn -0.952756 -0.102362 0.283465 
vn -0.708661 -0.574803 -0.401575 
vn -0.464567 -0.818898 -0.330709 
vn -0.377953 0.448819 0.811024 
vn -0.480315 0.456693 0.748031 
vn -0.716535 0.362205 0.590551 
vn 0.275591 -0.84252 -0.464567 
vn 0.165354 -0.834646 -0.519685 
vn 0.275591 -0.84252 -0.464567 
vn -0.259843 0.535433 0.80315 
vn -0.102362 -0.944882 -0.314961 
vn -0.165354 -0.913386 -0.370079 
vn -0.826772 0.11811 0.551181 
vn -0.259843 0.566929 0.787402 
vn -0.929134 0.299213 0.228346 
vn -0.944882 -0.291339 0.133858 
vn -0.23622 0.582677 0.779528 
vn 0.133858 -0.661417 0.740157 
vn 0.0393701 -0.976378 -0.228346 
vn 0.244094 0.551181 0.795276 
vn -0.165354 0.708661 0.685039 
vn -0.15748 -0.944882 -0.283465 
vn -0.165354 -0.913386 -0.370079 
vn -0.165354 0.708661 0.685039 
vn -0.133858 0.779528 0.614173 
vn -0.629921 0.149606 0.755906 
vn -0.511811 0.535433 0.669291 
vn -0.228346 0.614173 0.755906 
vn -0.456693 -0.858268 -0.220472 
vn 0.0944882 0.874016 0.480315 
vn 0.015748 -0.952756 -0.299213 
vn 0.0787402 -0.92126 -0.377953 
vn -0.299213 0.559055 0.771654 
vn -0.19685 0.519685 0.826772 
vn 0 0.551181 0.834646 
vn 0 0.582677 0.811024 
vn 0 0.606299 0.795276 
vn -0.125984 -0.622047 0.779528 
vn 0.0787402 -0.92126 -0.377953 
vn -0.338583 0.472441 0.811024 
vn -0.740157 -0.433071 -0.511811 
vn -0.952756 -0.165354 -0.251969 
vn -0.952756 -0.102362 -0.291339 
vn -0.952756 0.19685 -0.228346 
vn -0.937008 -0.0551181 -0.338583 
vn -0.968504 0.0944882 -0.228346 
vn -0.740157 -0.362205 -0.566929 
vn -0.937008 0 -0.354331 
vn -0.952756 0.259843 -0.181102 
vn -0.755906 -0.496063 -0.425197 
vn -0.96063 -0.165354 -0.220472 
vn -0.944882 -0.0393701 -0.322835 
vn -0.692913 -0.220472 -0.685039 
vn -0.866142 0.370079 -0.338583 
vn -0.92126 0.307087 -0.244094 
vn -0.944882 -0.228346 -0.23622 
vn -0.874016 0.409449 -0.259843 
vn -0.92126 0.307087 -0.244094 
vn -0.724409 0.629921 -0.291339 
vn -0.874016 0.409449 -0.259843 
vn -0.850394 0.511811 -0.141732 
vn -0.700787 0.692913 -0.173228 
vn -0.850394 0.511811 -0.141732 
vn -0.755906 0.645669 -0.11811 
vn -0.535433 0.80315 -0.259843 
vn -0.433071 0.645669 -0.622047 
vn -0.433071 0.645669 -0.622047 
vn -0.582677 0.80315 0.0944882 
vn -0.858268 0.377953 -0.338583 
vn -0.551181 0.826772 0.0629921 
vn -0.748031 -0.267717 -0.606299 
vn -0.393701 -0.559055 -0.732283 
vn -0.393701 -0.448819 -0.80315 
vn -0.00787402 -0.496063 -0.874016 
vn 0 -0.606299 -0.795276 
vn -0.385827 -0.653543 -0.653543 
vn 0 -0.606299 -0.795276 
vn 0.409449 -0.614173 -0.677165 
vn 0.00787402 -0.708661 -0.708661 
vn -0.00787402 -0.496063 -0.874016 
vn 0.401575 -0.519685 -0.755906 
vn 0.00787402 -0.708661 -0.708661 
vn -0.519685 0.826772 -0.220472 
vn -0.283465 0.929134 -0.23622 
vn -0.275591 0.937008 -0.23622 
vn -0.0551181 0.968504 -0.228346 
vn -0.0551181 0.968504 -0.244094 
vn -0.0551181 0.968504 -0.228346 
vn 0.173228 0.952756 -0.244094 
vn -0.0551181 0.968504 -0.244094 
vn 0.181102 0.952756 -0.251969 
vn -0.307087 0.937008 0.165354 
vn -0.0393701 0.984252 0.188976 
vn 0.228346 0.96063 0.149606 
vn -0.0393701 0.984252 0.188976 
vn -0.976378 -0.181102 -0.102362 
vn -0.976378 -0.165354 -0.149606 
vn -0.732283 -0.559055 -0.393701 
vn -0.755906 -0.519685 -0.385827 
vn -0.669291 -0.637795 -0.385827 
vn -0.314961 0.535433 0.779528 
vn 0.0472441 0.598425 0.80315 
vn -0.165354 0.559055 0.818898 
vn -0.732283 -0.488189 -0.472441 
vn -0.11811 0.976378 0.188976 
vn -0.0944882 0.84252 0.527559 
vn -0.409449 0.771654 0.496063 
vn -0.496063 0.787402 0.362205 
vn -0.275591 0.700787 0.661417 
vn -0.0393701 0.724409 0.685039 
vn -0.338583 0.661417 0.669291 
vn -0.401575 0.740157 0.535433 
vn -0.212598 0.669291 0.708661 
vn -0.204724 0.551181 0.811024 
vn -0.188976 0.503937 0.84252 
vn -0.00787402 0.692913 0.724409 
vn 0 0.574803 0.818898 
vn 0 0.527559 0.850394 
vn -0.228346 0.779528 0.590551 
vn -0.275591 0.850394 0.448819 
vn -0.023622 0.874016 0.480315 
vn -0.023622 0.874016 0.480315 
vn -0.015748 0.795276 0.606299 
vn 0.220472 0.874016 0.433071 
vn -0.015748 0.795276 0.606299 
vn 0.0393701 -0.984252 -0.181102 
vn 0.448819 -0.889764 -0.015748 
vn 0.0393701 -0.992126 -0.141732 
vn 0.0314961 -0.952756 -0.299213 
vn 0.015748 -0.968504 0.244094 
vn -0.220472 -0.732283 -0.645669 
vn -0.385827 -0.897638 -0.228346 
vn 0.543307 -0.834646 -0.0787402 
vn 0.724409 -0.645669 0.244094 
vn 0.0393701 -0.992126 -0.11811 
vn 0.0472441 -0.992126 -0.0787402 
vn 0.385827 -0.905512 -0.173228 
vn 0.0393701 -0.992126 -0.0944882 
vn 0.496063 -0.858268 -0.133858 
vn 0.291339 -0.92126 -0.251969 
vn 0.519685 -0.771654 -0.362205 
vn 0.291339 -0.944882 -0.15748 
vn 0.748031 -0.614173 -0.259843 
vn 0.228346 -0.724409 -0.653543 
vn 0.023622 -0.874016 -0.480315 
vn 0.023622 -0.826772 -0.559055 
vn 0.393701 -0.732283 -0.559055 
vn 0.023622 -0.826772 -0.566929 
vn 0.779528 -0.448819 -0.448819 
vn 0.692913 -0.393701 -0.606299 
vn 0.19685 -0.417323 -0.889764 
vn 0.889764 -0.456693 0.023622 
vn 0.259843 0.559055 0.787402 
vn 0.385827 0.488189 0.787402 
vn 0.204724 0.543307 0.818898 
vn 0.519685 -0.582677 0.622047 
vn 0.488189 0.496063 0.716535 
vn 0.622047 0.354331 0.700787 
vn 0.897638 -0.338583 0.291339 
vn 0.905512 -0.267717 -0.322835 
vn 0.811024 -0.220472 -0.543307 
vn 0.818898 -0.362205 0.448819 
vn 0.732283 -0.511811 -0.448819 
vn 0.992126 -0.11811 0.0551181 
vn 0.976378 -0.228346 -0.023622 
vn 0.385827 -0.850394 -0.354331 
vn 0.622047 0.685039 0.377953 
vn 0.464567 -0.779528 -0.417323 
vn 0.732283 -0.511811 -0.448819 
vn 0.385827 -0.850394 -0.354331 
vn 0.519685 -0.771654 -0.362205 
vn -0.228346 -0.866142 -0.448819 
vn 0.976378 -0.015748 0.220472 
vn 0.716535 0.433071 0.543307 
vn 0.732283 -0.511811 -0.448819 
vn 0.976378 0.11811 0.19685 
vn 0.929134 -0.11811 -0.346457 
vn 0.952756 -0.259843 0.149606 
vn 0.992126 -0.0866142 0.0708661 
vn 0.976378 -0.0472441 -0.204724 
vn 0.944882 -0.322835 -0.0393701 
vn 0.0472441 0.377953 0.92126 
vn 0.905512 -0.267717 -0.322835 
vn 0.944882 -0.322835 -0.0393701 
vn 0 0.551181 0.834646 
vn 0.0393701 -0.968504 -0.259843 
vn -0.15748 -0.984252 0.00787402 
vn 0.0393701 -0.976378 -0.228346 
vn 0.173228 -0.929134 -0.322835 
vn 0.0393701 -0.968504 -0.259843 
vn 0.267717 -0.96063 -0.00787402 
vn 0.23622 -0.929134 -0.299213 
vn 0.228346 -0.897638 -0.385827 
vn 0 0.519685 0.858268 
vn 0 0.519685 0.858268 
vn 0 0.590551 0.811024 
vn -0.519685 -0.755906 -0.401575 
vn -0.133858 0.866142 0.488189 
vn 0 0.590551 0.811024 
vn 0.559055 -0.700787 -0.433071 
vn 0.220472 0.637795 0.740157 
vn 0.527559 -0.811024 -0.251969 
vn 0.503937 0.582677 0.637795 
vn 0.669291 0.19685 0.716535 
vn -0.244094 0.535433 0.811024 
vn 0.228346 0.598425 0.76378 
vn 0 0.606299 0.795276 
vn 0.291339 0.590551 0.755906 
vn 0 0.582677 0.811024 
vn 0.976378 -0.204724 0.0708661 
vn -0.00787402 -0.677165 0.740157 
vn 0.259843 0.590551 0.771654 
vn 0 0.606299 0.795276 
vn 0 0.606299 0.795276 
vn 0.291339 -0.92126 -0.251969 
vn 0.496063 0.496063 0.716535 
vn 0.362205 0.913386 0.204724 
vn 0.228346 0.425197 0.88189 
vn 0.0944882 -0.96063 -0.259843 
vn 0.228346 0.425197 0.88189 
vn 0.897638 -0.433071 -0.0629921 
vn 0.0944882 -0.96063 -0.259843 
vn 0.897638 -0.125984 -0.425197 
vn 0.897638 -0.433071 -0.0629921 
vn 0.897638 -0.125984 -0.425197 
vn 0.425197 -0.125984 0.897638 
vn 0.76378 0.566929 -0.299213 
vn 0.362205 0.913386 0.204724 
vn 0.149606 0.724409 0.677165 
vn 0.858268 0.181102 0.488189 
vn 0.905512 0.377953 0.165354 
vn 0.149606 0.724409 0.677165 
vn 0.228346 -0.897638 -0.385827 
vn 0.110236 0.787402 0.606299 
vn 0.244094 -0.606299 0.755906 
vn 0.76378 0.425197 0.488189 
vn 0.929134 0.322835 -0.181102 
vn 0.929134 0.322835 -0.181102 
vn 0.622047 0.685039 0.377953 
vn -0.11811 -0.850394 -0.519685 
vn -0.11811 -0.850394 -0.519685 
vn -0.228346 -0.866142 -0.448819 
vn 0.716535 0.433071 0.543307 
vn -0.677165 -0.11811 0.724409 
vn -0.00787402 -0.929134 -0.377953 
vn 0.291339 0.590551 0.755906 
vn -0.00787402 -0.929134 -0.377953 
vn 0.0551181 -0.952756 -0.307087 
vn 0.0551181 -0.952756 -0.307087 
vn 0.944882 -0.322835 -0.00787402 
vn 0.385827 -0.409449 -0.826772 
vn 0.732283 -0.299213 -0.614173 
vn 0.724409 -0.204724 -0.653543 
vn 0.748031 -0.362205 -0.559055 
vn 0.905512 0.0787402 -0.409449 
vn 0.92126 0.0314961 -0.393701 
vn 0.409449 -0.692913 -0.590551 
vn 0.015748 -0.787402 -0.614173 
vn 0.771654 -0.425197 -0.472441 
vn 0.622047 0.755906 -0.212598 
vn 0.818898 0.488189 -0.314961 
vn 0.787402 0.582677 -0.188976 
vn 0.425197 0.866142 -0.244094 
vn 0.645669 0.692913 -0.330709 
vn 0.905512 0.346457 -0.23622 
vn 0.787402 0.582677 -0.188976 
vn 0.913386 0.283465 -0.291339 
vn 0.818898 0.488189 -0.314961 
vn 0.440945 0.850394 -0.291339 
vn 0.480315 0.874016 0.0314961 
vn 0.440945 0.834646 0.338583 
vn 0.685039 0.716535 -0.165354 
vn 0.874016 0.385827 -0.307087 
vn 0.944882 -0.0787402 -0.314961 
vn 0.937008 -0.015748 -0.354331 
vn 0.944882 -0.133858 -0.291339 
vn 0.937008 0.181102 -0.291339 
vn 0.92126 0.0472441 -0.377953 
vn 0.944882 -0.11811 -0.314961 
vn 0.96063 -0.0787402 -0.275591 
vn 0.976378 -0.0708661 -0.212598 
vn 0.748031 -0.417323 -0.519685 
vn 0.669291 -0.15748 -0.732283 
vn 0.874016 0.385827 -0.307087 
vn 0.80315 0.448819 -0.393701 
vn 0.80315 0.448819 -0.393701 
vn 0.519685 0.858268 0.0629921 
vn 0.338583 0.685039 -0.645669 
vn 0.0393701 0.984252 0.181102 
vn 0.338583 0.685039 -0.645669 
vn 0.204724 0.574803 0.795276 
vn -0.00787402 0.692913 0.724409 
vn 0 0.574803 0.818898 
vn 0.314961 0.566929 0.76378 
vn 0.19685 0.685039 0.700787 
vn 0.19685 0.519685 0.826772 
vn 0.425197 0.440945 0.787402 
vn 0.346457 0.503937 0.795276 
vn 0.165354 0.566929 0.80315 
vn 0.322835 0.685039 0.653543 
vn 0.251969 0.724409 0.645669 
vn 0 0.527559 0.850394 
vn 0.188976 0.795276 0.574803 
vn 0.362205 0.779528 0.511811 
vn 0.362205 0.80315 0.472441 
vn 0.0551181 0.850394 0.519685 
vn 0.976378 -0.19685 -0.0551181 
vn 0.984252 -0.0866142 -0.165354 
vn 0.629921 -0.669291 -0.385827 
vn 0.700787 -0.574803 -0.425197 
vn 0.322835 -0.937008 -0.110236 
vn 0.322835 -0.937008 -0.110236 
vn 0.779528 -0.448819 -0.433071 
vn 0.755906 -0.488189 -0.440945 
vn 0.015748 0.724409 0.685039 
vn -0.0472441 0.590551 0.80315 

vt 0.257599 0.070007 
vt 0.236038 0.083221 
vt 0.249649 0.064163 
vt 0.254196 0.088898 
vt 0.278702 0.082504 
vt 0.259415 0.112396 
vt 0.274506 0.066101 
vt 0.212402 0.061905 
vt 0.244293 0.045502 
vt 0.289703 0.053406 
vt 0.300003 0.064102 
vt 0.285294 0.106201 
vt 0.331696 0.1147 
vt 0.322006 0.090897 
vt 0.355194 0.097 
vt 0.356705 0.077896 
vt 0.382095 0.092804 
vt 0.089645 0.520447 
vt 0.114594 0.558197 
vt 0.096207 0.546707 
vt 0.222595 0.113907 
vt 0.260422 0.130814 
vt 0.288696 0.124603 
vt 0.190506 0.107895 
vt 0.171799 0.064499 
vt 0.328705 0.1324 
vt 0.292007 0.142593 
vt 0.105606 0.520096 
vt 0.113495 0.530594 
vt 0.079697 0.549499 
vt 0.073807 0.516693 
vt 0.300003 0.00869697 
vt 0.313797 0.036301 
vt 0.296204 0.032806 
vt 0.254303 0.027603 
vt 0.279007 0.00869697 
vt 0.279007 0.025406 
vt 0.321106 0.00869697 
vt 0.334702 0.039398 
vt 0.366898 0.00869697 
vt 0.359604 0.0392 
vt 0.394196 0.042496 
vt 0.390793 0.076706 
vt 0.401794 0.00860602 
vt 0.343201 0.00869697 
vt 0.217606 0.031006 
vt 0.177399 0.032806 
vt 0.130707 0.031296 
vt 0.176697 0.00880402 
vt 0.218002 0.00880402 
vt 0.252304 0.00880402 
vt 0.128799 0.00889599 
vt 0.110596 0.585693 
vt 0.423019 0.079513 
vt 0.390839 0.076706 
vt 0.423111 0.075455 
vt 0.390839 0.076706 
vt 0.423019 0.079513 
vt 0.419098 0.083282 
vt 0.40033 0.088104 
vt 0.419098 0.083282 
vt 0.427994 0.066833 
vt 0.427902 0.075256 
vt 0.436432 0.065353 
vt 0.428207 0.046493 
vt 0.44368 0.064102 
vt 0.435776 0.069946 
vt 0.435776 0.069946 
vt 0.427994 0.066833 
vt 0.436432 0.065353 
vt 0.428207 0.046493 
vt 0.451401 0.060104 
vt 0.44368 0.064102 
vt 0.458267 0.052292 
vt 0.453308 0.054932 
vt 0.453308 0.054932 
vt 0.05365 0.637115 
vt 0.035202 0.619003 
vt 0.071503 0.626495 
vt 0.082153 0.628311 
vt 0.083801 0.586304 
vt 0.091293 0.617447 
vt 0.099197 0.586304 
vt 0.382095 0.092804 
vt 0.390793 0.076706 
vt 0.056396 0.546204 
vt 0.061203 0.585602 
vt 0.083801 0.586304 
vt 0.101822 0.595184 
vt 0.091293 0.617447 
vt 0.101822 0.595184 
vt 0.035202 0.581604 
vt 0.467606 0.027893 
vt 0.465149 0.047821 
vt 0.041397 0.650986 
vt 0.041656 0.641067 
vt 0.044159 0.649597 
vt 0.032654 0.653915 
vt 0.030701 0.642578 
vt 0.036819 0.647385 
vt 0.437103 0.00860602 
vt 0.028793 0.652588 
vt 0.476669 0.037689 
vt 0.476135 0.030045 
vt 0.465149 0.047821 
vt 0.476669 0.037689 
vt 0.471588 0.044388 
vt 0.018387 0.656342 
vt 0.027832 0.657654 
vt 0.479416 0.021713 
vt 0.0242 0.659943 
vt 0.016541 0.65387 
vt 0.05365 0.637115 
vt 0.049133 0.642151 
vt 0.035202 0.619003 
vt 0.033203 0.544296 
vt 0.008804 0.546402 
vt 0.009003 0.583496 
vt 0.009094 0.620499 
vt 0.046097 0.641708 
vt 0.049133 0.642151 
vt 0.0569 0.510696 
vt 0.080795 0.057602 
vt 0.114395 0.098007 
vt 0.075607 0.090195 
vt 0.044495 0.113495 
vt 0.045593 0.085297 
vt 0.070496 0.121597 
vt 0.0448 0.056702 
vt 0.019608 0.084 
vt 0.022507 0.106705 
vt 0.125595 0.061203 
vt 0.149597 0.132904 
vt 0.098099 0.130997 
vt 0.109299 0.155899 
vt 0.0793 0.162399 
vt 0.062393 0.150299 
vt 0.156601 0.104004 
vt 0.038895 0.136002 
vt 0.089996 0.221695 
vt 0.060501 0.1996 
vt 0.080307 0.191605 
vt 0.020294 0.125305 
vt 0.056305 0.175995 
vt 0.070908 0.169998 
vt 0.067093 0.233902 
vt 0.041794 0.2043 
vt 0.093994 0.173599 
vt 0.098404 0.264694 
vt 0.068893 0.276306 
vt 0.093308 0.245407 
vt 0.044998 0.243301 
vt 0.015106 0.059097 
vt 0.0439 0.031296 
vt 0.011505 0.035004 
vt 0.008698 0.00900298 
vt 0.039597 0.00900298 
vt 0.083405 0.029999 
vt 0.039597 0.00900298 
vt 0.083405 0.029999 
vt 0.080597 0.00889599 
vt 0.008698 0.00900298 
vt 0.0439 0.031296 
vt 0.080597 0.00889599 
vt 0.040802 0.177704 
vt 0.024902 0.207001 
vt 0.023102 0.179398 
vt 0.007401 0.206406 
vt 0.007294 0.1884 
vt 0.007401 0.206406 
vt 0.023102 0.179398 
vt 0.007294 0.1884 
vt 0.024902 0.207001 
vt 0.025101 0.247299 
vt 0.007507 0.244293 
vt 0.025101 0.247299 
vt 0.007507 0.244293 
vt 0.220306 0.135498 
vt 0.186203 0.134399 
vt 0.218597 0.155395 
vt 0.181686 0.15564 
vt 0.252502 0.150894 
vt 0.063904 0.470596 
vt 0.088593 0.4673 
vt 0.075806 0.469406 
vt 0.145401 0.154999 
vt 0.085205 0.294907 
vt 0.083099 0.350494 
vt 0.069107 0.350403 
vt 0.050995 0.293106 
vt 0.072205 0.4151 
vt 0.086533 0.418442 
vt 0.058395 0.419998 
vt 0.055099 0.354904 
vt 0.035294 0.429504 
vt 0.035995 0.476501 
vt 0.034195 0.510406 
vt 0.008301 0.434402 
vt 0.008499 0.479202 
vt 0.008698 0.512695 
vt 0.031906 0.358704 
vt 0.028 0.297394 
vt 0.007706 0.297607 
vt 0.007706 0.297607 
vt 0.007996 0.361603 
vt 0.028 0.297394 
vt 0.007996 0.361603 
vt 0.300003 0.00869697 
vt 0.313797 0.036301 
vt 0.321106 0.00869697 
vt 0.279007 0.00869697 
vt 0.296204 0.032806 
vt 0.254303 0.027603 
vt 0.279007 0.025406 
vt 0.334702 0.039398 
vt 0.300003 0.064102 
vt 0.343201 0.00869697 
vt 0.366898 0.00869697 
vt 0.394196 0.042496 
vt 0.401794 0.00860602 
vt 0.359604 0.0392 
vt 0.428207 0.046493 
vt 0.390793 0.076706 
vt 0.423111 0.075455 
vt 0.356705 0.077896 
vt 0.217606 0.031006 
vt 0.252304 0.00880402 
vt 0.218002 0.00880402 
vt 0.177399 0.032806 
vt 0.176697 0.00880402 
vt 0.171799 0.064499 
vt 0.212402 0.061905 
vt 0.244293 0.045502 
vt 0.322006 0.090897 
vt 0.035202 0.581604 
vt 0.056396 0.546204 
vt 0.033203 0.544296 
vt 0.289703 0.053406 
vt 0.061203 0.585602 
vt 0.079697 0.549499 
vt 0.278702 0.082504 
vt 0.355194 0.097 
vt 0.249649 0.064163 
vt 0.274506 0.066101 
vt 0.382095 0.092804 
vt 0.254196 0.088898 
vt 0.257599 0.070007 
vt 0.390839 0.076706 
vt 0.419098 0.083282 
vt 0.40033 0.088104 
vt 0.382095 0.092804 
vt 0.390839 0.076706 
vt 0.390793 0.076706 
vt 0.101822 0.595184 
vt 0.099197 0.586304 
vt 0.083801 0.586304 
vt 0.110596 0.585693 
vt 0.096207 0.546707 
vt 0.236038 0.083221 
vt 0.285294 0.106201 
vt 0.259415 0.112396 
vt 0.222595 0.113907 
vt 0.331696 0.1147 
vt 0.089645 0.520447 
vt 0.114594 0.558197 
vt 0.113495 0.530594 
vt 0.008804 0.546402 
vt 0.463699 0.00860602 
vt 0.475952 0.014847 
vt 0.437103 0.00860602 
vt 0.467606 0.027893 
vt 0.463699 0.00860602 
vt 0.475952 0.014847 
vt 0.476135 0.030045 
vt 0.465149 0.047821 
vt 0.479645 0.012299 
vt 0.479645 0.012299 
vt 0.009262 0.662888 
vt 0.014664 0.662628 
vt 0.016541 0.65387 
vt 0.009262 0.662888 
vt 0.014664 0.662628 
vt 0.479416 0.021713 
vt 0.0242 0.659943 
vt 0.027832 0.657654 
vt 0.018387 0.656342 
vt 0.028793 0.652588 
vt 0.030701 0.642578 
vt 0.009094 0.620499 
vt 0.035202 0.619003 
vt 0.009003 0.583496 
vt 0.032654 0.653915 
vt 0.036819 0.647385 
vt 0.041656 0.641067 
vt 0.009201 0.649597 
vt 0.009201 0.649597 
vt 0.428207 0.046493 
vt 0.451401 0.060104 
vt 0.453308 0.054932 
vt 0.44368 0.064102 
vt 0.427994 0.066833 
vt 0.44368 0.064102 
vt 0.436432 0.065353 
vt 0.427994 0.066833 
vt 0.435776 0.069946 
vt 0.436432 0.065353 
vt 0.435776 0.069946 
vt 0.427902 0.075256 
vt 0.458267 0.052292 
vt 0.453308 0.054932 
vt 0.476669 0.037689 
vt 0.041397 0.650986 
vt 0.044159 0.649597 
vt 0.476669 0.037689 
vt 0.465149 0.047821 
vt 0.471588 0.044388 
vt 0.046097 0.641708 
vt 0.082153 0.628311 
vt 0.423019 0.079513 
vt 0.423019 0.079513 
vt 0.419098 0.083282 
vt 0.091293 0.617447 
vt 0.091293 0.617447 
vt 0.101822 0.595184 
vt 0.083801 0.586304 
vt 0.071503 0.626495 
vt 0.049133 0.642151 
vt 0.035202 0.619003 
vt 0.049133 0.642151 
vt 0.05365 0.637115 
vt 0.05365 0.637115 
vt 0.288696 0.124603 
vt 0.011505 0.035004 
vt 0.0448 0.056702 
vt 0.015106 0.059097 
vt 0.080795 0.057602 
vt 0.019608 0.084 
vt 0.045593 0.085297 
vt 0.130707 0.031296 
vt 0.128799 0.00889599 
vt 0.125595 0.061203 
vt 0.056305 0.175995 
vt 0.080307 0.191605 
vt 0.070908 0.169998 
vt 0.040802 0.177704 
vt 0.060501 0.1996 
vt 0.022507 0.106705 
vt 0.020294 0.125305 
vt 0.044495 0.113495 
vt 0.038895 0.136002 
vt 0.041794 0.2043 
vt 0.044998 0.243301 
vt 0.050995 0.293106 
vt 0.067093 0.233902 
vt 0.089996 0.221695 
vt 0.114395 0.098007 
vt 0.075607 0.090195 
vt 0.156601 0.104004 
vt 0.070496 0.121597 
vt 0.098099 0.130997 
vt 0.190506 0.107895 
vt 0.149597 0.132904 
vt 0.186203 0.134399 
vt 0.145401 0.154999 
vt 0.109299 0.155899 
vt 0.062393 0.150299 
vt 0.0793 0.162399 
vt 0.093308 0.245407 
vt 0.068893 0.276306 
vt 0.098404 0.264694 
vt 0.085205 0.294907 
vt 0.093994 0.173599 
vt 0.035995 0.476501 
vt 0.008301 0.434402 
vt 0.008499 0.479202 
vt 0.063904 0.470596 
vt 0.035294 0.429504 
vt 0.034195 0.510406 
vt 0.073807 0.516693 
vt 0.0569 0.510696 
vt 0.075806 0.469406 
vt 0.058395 0.419998 
vt 0.072205 0.4151 
vt 0.008698 0.512695 
vt 0.031906 0.358704 
vt 0.055099 0.354904 
vt 0.069107 0.350403 
vt 0.083099 0.350494 
vt 0.260422 0.130814 
vt 0.220306 0.135498 
vt 0.292007 0.142593 
vt 0.252502 0.150894 
vt 0.105606 0.520096 
vt 0.328705 0.1324 
vt 0.181686 0.15564 
vt 0.218597 0.155395 
vt 0.086533 0.418442 
vt 0.088593 0.4673 

usemtl Tail1Mtl

f 3894/3894/3894 3897/3897/3897 3896/3896/3896 
f 3896/3896/3896 3899/3899/3899 3894/3894/3894 
f 3897/3897/3897 3894/3894/3894 3893/3893/3893 
f 3906/3906/3906 3895/3895/3895 3899/3899/3899 
f 3895/3895/3895 3894/3894/3894 3899/3899/3899 
f 3855/3855/3855 3893/3893/3893 3894/3894/3894 
f 3894/3894/3894 3895/3895/3895 3855/3855/3855 
f 3893/3893/3893 3855/3855/3855 3892/3892/3892 
f 3855/3855/3855 3854/3854/3854 3892/3892/3892 
f 3854/3854/3854 3855/3855/3855 3856/3856/3856 
f 3851/3851/3851 3856/3856/3856 3855/3855/3855 
f 3895/3895/3895 3851/3851/3851 3855/3855/3855 
f 3856/3856/3856 3851/3851/3851 3845/3845/3845 
f 3895/3895/3895 3906/3906/3906 3907/3907/3907 
f 3912/3912/3912 3907/3907/3907 3906/3906/3906 
f 3907/3907/3907 3912/3912/3912 3908/3908/3908 
f 3907/3907/3907 3857/3857/3857 3895/3895/3895 
f 3851/3851/3851 3895/3895/3895 3857/3857/3857 
f 3908/3908/3908 3879/3879/3879 3907/3907/3907 
f 3857/3857/3857 3907/3907/3907 3879/3879/3879 
f 3879/3879/3879 3908/3908/3908 3880/3880/3880 
f 3873/3873/3873 3879/3879/3879 3880/3880/3880 
f 3871/3871/3871 3857/3857/3857 3879/3879/3879 
f 3879/3879/3879 3873/3873/3873 3871/3871/3871 
f 3873/3873/3873 3872/3872/3872 3871/3871/3871 
f 3872/3872/3872 3873/3873/3873 3874/3874/3874 
f 3870/3870/3870 3871/3871/3871 3872/3872/3872 
f 3857/3857/3857 3871/3871/3871 3852/3852/3852 
f 3871/3871/3871 3870/3870/3870 3852/3852/3852 
f 3852/3852/3852 3851/3851/3851 3857/3857/3857 
f 3870/3870/3870 3846/3846/3846 3852/3852/3852 
f 3851/3851/3851 3852/3852/3852 3846/3846/3846 
f 3846/3846/3846 3845/3845/3845 3851/3851/3851 
f 3846/3846/3846 3870/3870/3870 3849/3849/3849 
f 3845/3845/3845 3846/3846/3846 3847/3847/3847 
f 3849/3849/3849 3847/3847/3847 3846/3846/3846 
f 3847/3847/3847 3849/3849/3849 3850/3850/3850 
f 3864/3864/3864 3865/3865/3865 3866/3866/3866 
f 4044/4044/4044 3866/3866/3866 3865/3865/3865 
f 3866/3866/3866 4044/4044/4044 4045/4045/4045 
f 4044/4044/4044 3935/3935/3935 4045/4045/4045 
f 3865/3865/3865 3864/3864/3864 3868/3868/3868 
f 3867/3867/3867 3868/3868/3868 3864/3864/3864 
f 3868/3868/3868 3867/3867/3867 4038/4038/4038 
f 3868/3868/3868 4041/4041/4041 3865/3865/3865 
f 4038/4038/4038 4039/4039/4039 3868/3868/3868 
f 4041/4041/4041 3868/3868/3868 4039/4039/4039 
f 4039/4039/4039 4038/4038/4038 4040/4040/4040 
f 4042/4042/4042 4039/4039/4039 4040/4040/4040 
f 3865/3865/3865 4046/4046/4046 4044/4044/4044 
f 4046/4046/4046 3865/3865/3865 4041/4041/4041 
f 4039/4039/4039 4042/4042/4042 4043/4043/4043 
f 4043/4043/4043 4041/4041/4041 4039/4039/4039 
f 4052/4052/4052 4043/4043/4043 4042/4042/4042 
f 3935/3935/3935 4044/4044/4044 3934/3934/3934 
f 4046/4046/4046 3934/3934/3934 4044/4044/4044 
f 3706/3706/3706 3707/3707/3707 3708/3708/3708 
f 3713/3713/3713 3708/3708/3708 3707/3707/3707 
f 3708/3708/3708 3713/3713/3713 3714/3714/3714 
f 3707/3707/3707 3706/3706/3706 3709/3709/3709 
f 3712/3712/3712 3709/3709/3709 3706/3706/3706 
f 3709/3709/3709 3726/3726/3726 3707/3707/3707 
f 3726/3726/3726 3713/3713/3713 3707/3707/3707 
f 3709/3709/3709 3712/3712/3712 3710/3710/3710 
f 3715/3715/3715 3710/3710/3710 3712/3712/3712 
f 3710/3710/3710 3711/3711/3711 3709/3709/3709 
f 3726/3726/3726 3709/3709/3709 3711/3711/3711 
f 3710/3710/3710 3715/3715/3715 3716/3716/3716 
f 3739/3739/3739 3716/3716/3716 3715/3715/3715 
f 3711/3711/3711 3710/3710/3710 3717/3717/3717 
f 3716/3716/3716 3717/3717/3717 3710/3710/3710 
f 3727/3727/3727 3726/3726/3726 3711/3711/3711 
f 3728/3728/3728 3711/3711/3711 3717/3717/3717 
f 3711/3711/3711 3728/3728/3728 3727/3727/3727 
f 3717/3717/3717 3718/3718/3718 3728/3728/3728 
f 3731/3731/3731 3728/3728/3728 3718/3718/3718 
f 3728/3728/3728 3731/3731/3731 3732/3732/3732 
f 3732/3732/3732 3727/3727/3727 3728/3728/3728 
f 3727/3727/3727 3732/3732/3732 3887/3887/3887 
f 3718/3718/3718 3717/3717/3717 3719/3719/3719 
f 3717/3717/3717 3716/3716/3716 3719/3719/3719 
f 3971/3971/3971 4098/4098/4098 3969/3969/3969 
f 3969/3969/3969 3970/3970/3970 3971/3971/3971 
f 3970/3970/3970 3969/3969/3969 3963/3963/3963 
f 3969/3969/3969 3945/3945/3945 3963/3963/3963 
f 3963/3963/3963 3962/3962/3962 3970/3970/3970 
f 3962/3962/3962 3963/3963/3963 3960/3960/3960 
f 3961/3961/3961 3963/3963/3963 3945/3945/3945 
f 3963/3963/3963 3961/3961/3961 3960/3960/3960 
f 3945/3945/3945 3944/3944/3944 3961/3961/3961 
f 3959/3959/3959 3960/3960/3960 3961/3961/3961 
f 4023/4023/4023 3961/3961/3961 3944/3944/3944 
f 3961/3961/3961 4023/4023/4023 4027/4027/4027 
f 3944/3944/3944 4031/4031/4031 4023/4023/4023 
f 3944/3944/3944 3995/3995/3995 4031/4031/4031 
f 4031/4031/4031 3995/3995/3995 4036/4036/4036 
f 3995/3995/3995 4022/4022/4022 4032/4032/4032 
f 4022/4022/4022 3995/3995/3995 3999/3999/3999 
f 3999/3999/3999 4018/4018/4018 4022/4022/4022 
f 3999/3999/3999 4017/4017/4017 4018/4018/4018 
f 4017/4017/4017 3999/3999/3999 3998/3998/3998 
f 3993/3993/3993 3999/3999/3999 3995/3995/3995 
f 3999/3999/3999 3993/3993/3993 3998/3998/3998 
f 3993/3993/3993 3997/3997/3997 3998/3998/3998 
f 3995/3995/3995 3994/3994/3994 3993/3993/3993 
f 3997/3997/3997 3993/3993/3993 3992/3992/3992 
f 3993/3993/3993 3994/3994/3994 3992/3992/3992 
f 3992/3992/3992 3994/3994/3994 3985/3985/3985 
f 3985/3985/3985 3994/3994/3994 4001/4001/4001 
f 3986/3986/3986 3985/3985/3985 4001/4001/4001 
f 3985/3985/3985 3986/3986/3986 3987/3987/3987 
f 3991/3991/3991 3992/3992/3992 3985/3985/3985 
f 3992/3992/3992 3991/3991/3991 3990/3990/3990 
f 3989/3989/3989 3990/3990/3990 3991/3991/3991 
f 3943/3943/3943 3946/3946/3946 3921/3921/3921 
f 3946/3946/3946 3943/3943/3943 3949/3949/3949 
f 3965/3965/3965 3921/3921/3921 3946/3946/3946 
f 3921/3921/3921 3965/3965/3965 3939/3939/3939 
f 3965/3965/3965 3968/3968/3968 3939/3939/3939 
f 3949/3949/3949 3951/3951/3951 3946/3946/3946 
f 3951/3951/3951 3949/3949/3949 3952/3952/3952 
f 3946/3946/3946 3966/3966/3966 3965/3965/3965 
f 3966/3966/3966 3946/3946/3946 3951/3951/3951 
f 3968/3968/3968 3965/3965/3965 4037/4037/4037 
f 3966/3966/3966 4037/4037/4037 3965/3965/3965 
f 4037/4037/4037 4099/4099/4099 3968/3968/3968 
f 4099/4099/4099 4037/4037/4037 4096/4096/4096 
f 4094/4094/4094 4096/4096/4096 4037/4037/4037 
f 4037/4037/4037 3966/3966/3966 4094/4094/4094 
f 4096/4096/4096 4094/4094/4094 4097/4097/4097 
f 3951/3951/3951 3967/3967/3967 3966/3966/3966 
f 3967/3967/3967 4094/4094/4094 3966/3966/3966 
f 3952/3952/3952 3964/3964/3964 3951/3951/3951 
f 3967/3967/3967 3951/3951/3951 3964/3964/3964 
f 3964/3964/3964 3952/3952/3952 3948/3948/3948 
f 3948/3948/3948 3937/3937/3937 3964/3964/3964 
f 3937/3937/3937 3967/3967/3967 3964/3964/3964 
f 4095/4095/4095 4097/4097/4097 4094/4094/4094 
f 4094/4094/4094 3967/3967/3967 4095/4095/4095 
f 4097/4097/4097 4095/4095/4095 4101/4101/4101 
f 3967/3967/3967 3937/3937/3937 4066/4066/4066 
f 4066/4066/4066 4095/4095/4095 3967/3967/3967 
f 3936/3936/3936 4066/4066/4066 3937/3937/3937 
f 4066/4066/4066 3936/3936/3936 4063/4063/4063 
f 4095/4095/4095 4066/4066/4066 4068/4068/4068 
f 4068/4068/4068 4101/4101/4101 4095/4095/4095 
f 4063/4063/4063 4068/4068/4068 4066/4066/4066 
f 4101/4101/4101 4068/4068/4068 4100/4100/4100 
f 4068/4068/4068 4063/4063/4063 4067/4067/4067 
f 4067/4067/4067 4100/4100/4100 4068/4068/4068 
f 4100/4100/4100 4067/4067/4067 4069/4069/4069 
f 4061/4061/4061 4067/4067/4067 4063/4063/4063 
f 4065/4065/4065 4069/4069/4069 4067/4067/4067 
f 4067/4067/4067 4061/4061/4061 4065/4065/4065 
f 4069/4069/4069 4065/4065/4065 4070/4070/4070 
f 4072/4072/4072 4070/4070/4070 4065/4065/4065 
f 4070/4070/4070 4072/4072/4072 4077/4077/4077 
f 4065/4065/4065 4071/4071/4071 4072/4072/4072 
f 4071/4071/4071 4065/4065/4065 4064/4064/4064 
f 4061/4061/4061 4064/4064/4064 4065/4065/4065 
f 4064/4064/4064 4055/4055/4055 4071/4071/4071 
f 4064/4064/4064 4061/4061/4061 4062/4062/4062 
f 4061/4061/4061 4041/4041/4041 4062/4062/4062 
f 4041/4041/4041 4043/4043/4043 4062/4062/4062 
f 4062/4062/4062 4054/4054/4054 4064/4064/4064 
f 4055/4055/4055 4064/4064/4064 4054/4054/4054 
f 4054/4054/4054 4062/4062/4062 4043/4043/4043 
f 4054/4054/4054 4053/4053/4053 4055/4055/4055 
f 4043/4043/4043 4052/4052/4052 4054/4054/4054 
f 4053/4053/4053 4054/4054/4054 4052/4052/4052 
f 3723/3723/3723 3724/3724/3724 3725/3725/3725 
f 3724/3724/3724 3723/3723/3723 3734/3734/3734 
f 3723/3723/3723 3733/3733/3733 3734/3734/3734 
f 3758/3758/3758 3725/3725/3725 3724/3724/3724 
f 3725/3725/3725 3758/3758/3758 3788/3788/3788 
f 3786/3786/3786 3725/3725/3725 3788/3788/3788 
f 3786/3786/3786 3788/3788/3788 3796/3796/3796 
f 3725/3725/3725 3786/3786/3786 3735/3735/3735 
f 3735/3735/3735 3723/3723/3723 3725/3725/3725 
f 3785/3785/3785 3786/3786/3786 3787/3787/3787 
f 3786/3786/3786 3785/3785/3785 3792/3792/3792 
f 3792/3792/3792 3735/3735/3735 3786/3786/3786 
f 3785/3785/3785 3784/3784/3784 3792/3792/3792 
f 3723/3723/3723 3735/3735/3735 3736/3736/3736 
f 3783/3783/3783 3792/3792/3792 3784/3784/3784 
f 3782/3782/3782 3783/3783/3783 3784/3784/3784 
f 3735/3735/3735 3792/3792/3792 3791/3791/3791 
f 3791/3791/3791 3736/3736/3736 3735/3735/3735 
f 3797/3797/3797 3791/3791/3791 3792/3792/3792 
f 3792/3792/3792 3783/3783/3783 3797/3797/3797 
f 3736/3736/3736 3791/3791/3791 3827/3827/3827 
f 3888/3888/3888 3723/3723/3723 3736/3736/3736 
f 3827/3827/3827 3888/3888/3888 3736/3736/3736 
f 3821/3821/3821 3827/3827/3827 3791/3791/3791 
f 3791/3791/3791 3797/3797/3797 3821/3821/3821 
f 3827/3827/3827 3821/3821/3821 3902/3902/3902 
f 3902/3902/3902 3888/3888/3888 3827/3827/3827 
f 3797/3797/3797 3822/3822/3822 3821/3821/3821 
f 3822/3822/3822 3797/3797/3797 3823/3823/3823 
f 3783/3783/3783 3823/3823/3823 3797/3797/3797 
f 3905/3905/3905 3821/3821/3821 3822/3822/3822 
f 3821/3821/3821 3905/3905/3905 3902/3902/3902 
f 3905/3905/3905 3901/3901/3901 3902/3902/3902 
f 3888/3888/3888 3902/3902/3902 3901/3901/3901 
f 3901/3901/3901 3905/3905/3905 3904/3904/3904 
f 3903/3903/3903 3901/3901/3901 3904/3904/3904 
f 3901/3901/3901 3903/3903/3903 3900/3900/3900 
f 3900/3900/3900 3888/3888/3888 3901/3901/3901 
f 3912/3912/3912 3900/3900/3900 3903/3903/3903 
f 3888/3888/3888 3900/3900/3900 3898/3898/3898 
f 3900/3900/3900 3912/3912/3912 3906/3906/3906 
f 3906/3906/3906 3898/3898/3898 3900/3900/3900 
f 3898/3898/3898 3890/3890/3890 3888/3888/3888 
f 3723/3723/3723 3888/3888/3888 3890/3890/3890 
f 3889/3889/3889 3723/3723/3723 3890/3890/3890 
f 3896/3896/3896 3889/3889/3889 3890/3890/3890 
f 3890/3890/3890 3898/3898/3898 3896/3896/3896 
f 3889/3889/3889 3896/3896/3896 3897/3897/3897 
f 3898/3898/3898 3906/3906/3906 3899/3899/3899 
f 3899/3899/3899 3896/3896/3896 3898/3898/3898 
f 3800/3800/3800 3801/3801/3801 3802/3802/3802 
f 3825/3825/3825 3802/3802/3802 3801/3801/3801 
f 3801/3801/3801 3800/3800/3800 3805/3805/3805 
f 3783/3783/3783 3825/3825/3825 3801/3801/3801 
f 3825/3825/3825 3783/3783/3783 3826/3826/3826 
f 3804/3804/3804 3801/3801/3801 3805/3805/3805 
f 3801/3801/3801 3804/3804/3804 3783/3783/3783 
f 3803/3803/3803 3804/3804/3804 3805/3805/3805 
f 3804/3804/3804 3803/3803/3803 3807/3807/3807 
f 3804/3804/3804 3824/3824/3824 3783/3783/3783 
f 3807/3807/3807 3824/3824/3824 3804/3804/3804 
f 3823/3823/3823 3783/3783/3783 3824/3824/3824 
f 3817/3817/3817 3824/3824/3824 3807/3807/3807 
f 4000/4000/4000 3824/3824/3824 3817/3817/3817 
f 3817/3817/3817 3983/3983/3983 4000/4000/4000 
f 3983/3983/3983 3817/3817/3817 3984/3984/3984 
f 3807/3807/3807 3813/3813/3813 3817/3817/3817 
f 3813/3813/3813 3807/3807/3807 3814/3814/3814 
f 3813/3813/3813 3814/3814/3814 3816/3816/3816 
f 3875/3875/3875 3876/3876/3876 3877/3877/3877 
f 3876/3876/3876 3875/3875/3875 3878/3878/3878 
f 3878/3878/3878 4050/4050/4050 3876/3876/3876 
f 3875/3875/3875 3881/3881/3881 3878/3878/3878 
f 3881/3881/3881 3875/3875/3875 3882/3882/3882 
f 3909/3909/3909 3881/3881/3881 3882/3882/3882 
f 3881/3881/3881 3909/3909/3909 3911/3911/3911 
f 3910/3910/3910 3911/3911/3911 3909/3909/3909 
f 4057/4057/4057 3878/3878/3878 3881/3881/3881 
f 3911/3911/3911 4057/4057/4057 3881/3881/3881 
f 4050/4050/4050 3878/3878/3878 4056/4056/4056 
f 3878/3878/3878 4057/4057/4057 4056/4056/4056 
f 4051/4051/4051 4050/4050/4050 4056/4056/4056 
f 4050/4050/4050 4051/4051/4051 4047/4047/4047 
f 4048/4048/4048 4047/4047/4047 4051/4051/4051 
f 4047/4047/4047 4048/4048/4048 4049/4049/4049 
f 4051/4051/4051 4060/4060/4060 4048/4048/4048 
f 4056/4056/4056 4059/4059/4059 4051/4051/4051 
f 4060/4060/4060 4051/4051/4051 4059/4059/4059 
f 4059/4059/4059 4056/4056/4056 4057/4057/4057 
f 4059/4059/4059 4073/4073/4073 4060/4060/4060 
f 4058/4058/4058 4059/4059/4059 4057/4057/4057 
f 4057/4057/4057 3911/3911/3911 4058/4058/4058 
f 4073/4073/4073 4059/4059/4059 4074/4074/4074 
f 4059/4059/4059 4058/4058/4058 4074/4074/4074 
f 4074/4074/4074 4075/4075/4075 4073/4073/4073 
f 4075/4075/4075 4074/4074/4074 4076/4076/4076 
f 4074/4074/4074 4093/4093/4093 4076/4076/4076 
f 4093/4093/4093 4074/4074/4074 4092/4092/4092 
f 4058/4058/4058 4092/4092/4092 4074/4074/4074 
f 4092/4092/4092 4102/4102/4102 4093/4093/4093 
f 4090/4090/4090 4058/4058/4058 3911/3911/3911 
f 3911/3911/3911 3910/3910/3910 4090/4090/4090 
f 4092/4092/4092 4058/4058/4058 4091/4091/4091 
f 4058/4058/4058 4090/4090/4090 4091/4091/4091 
f 4102/4102/4102 4092/4092/4092 4088/4088/4088 
f 4091/4091/4091 4088/4088/4088 4092/4092/4092 
f 4088/4088/4088 4103/4103/4103 4102/4102/4102 
f 4090/4090/4090 4087/4087/4087 4091/4091/4091 
f 4088/4088/4088 4091/4091/4091 4087/4087/4087 
f 3910/3910/3910 4082/4082/4082 4090/4090/4090 
f 4087/4087/4087 4090/4090/4090 4082/4082/4082 
f 4082/4082/4082 3910/3910/3910 4079/4079/4079 
f 4103/4103/4103 4088/4088/4088 4086/4086/4086 
f 4087/4087/4087 4086/4086/4086 4088/4088/4088 
f 4086/4086/4086 3969/3969/3969 4103/4103/4103 
f 4086/4086/4086 4087/4087/4087 4081/4081/4081 
f 4082/4082/4082 4081/4081/4081 4087/4087/4087 
f 4081/4081/4081 3969/3969/3969 4086/4086/4086 
f 4079/4079/4079 4078/4078/4078 4082/4082/4082 
f 4081/4081/4081 4082/4082/4082 4078/4078/4078 
f 4078/4078/4078 4079/4079/4079 4080/4080/4080 
f 4089/4089/4089 4078/4078/4078 4080/4080/4080 
f 4083/4083/4083 4081/4081/4081 4078/4078/4078 
f 4078/4078/4078 4089/4089/4089 4083/4083/4083 
f 4089/4089/4089 3942/3942/3942 4083/4083/4083 
f 3942/3942/3942 4089/4089/4089 3972/3972/3972 
f 4081/4081/4081 4083/4083/4083 4085/4085/4085 
f 3942/3942/3942 4085/4085/4085 4083/4083/4083 
f 4084/4084/4084 4081/4081/4081 4085/4085/4085 
f 3969/3969/3969 4081/4081/4081 4084/4084/4084 
f 4085/4085/4085 3942/3942/3942 3941/3941/3941 
f 3941/3941/3941 4084/4084/4084 4085/4085/4085 
f 3972/3972/3972 3940/3940/3940 3942/3942/3942 
f 3940/3940/3940 3941/3941/3941 3942/3942/3942 
f 3940/3940/3940 3972/3972/3972 3996/3996/3996 
f 4084/4084/4084 3941/3941/3941 3945/3945/3945 
f 3945/3945/3945 3969/3969/3969 4084/4084/4084 
f 3941/3941/3941 3940/3940/3940 3944/3944/3944 
f 3944/3944/3944 3945/3945/3945 3941/3941/3941 
f 3996/3996/3996 3995/3995/3995 3940/3940/3940 
f 3995/3995/3995 3944/3944/3944 3940/3940/3940 
f 3995/3995/3995 3996/3996/3996 3994/3994/3994 
f 3776/3776/3776 3777/3777/3777 3778/3778/3778 
f 3777/3777/3777 3776/3776/3776 3781/3781/3781 
f 4002/4002/4002 4003/4003/4003 4004/4004/4004 
f 4003/4003/4003 4002/4002/4002 4005/4005/4005 
f 3934/3934/3934 3933/3933/3933 3935/3935/3935 
f 4041/4041/4041 4061/4061/4061 4046/4046/4046 
f 3933/3933/3933 3934/3934/3934 3931/3931/3931 
f 3931/3931/3931 3932/3932/3932 3933/3933/3933 
f 3934/3934/3934 4046/4046/4046 3936/3936/3936 
f 3936/3936/3936 3931/3931/3931 3934/3934/3934 
f 4046/4046/4046 4063/4063/4063 3936/3936/3936 
f 4063/4063/4063 4046/4046/4046 4061/4061/4061 
f 3932/3932/3932 3931/3931/3931 3918/3918/3918 
f 3918/3918/3918 3916/3916/3916 3932/3932/3932 
f 3916/3916/3916 3918/3918/3918 3919/3919/3919 
f 3917/3917/3917 3916/3916/3916 3919/3919/3919 
f 3916/3916/3916 3917/3917/3917 3913/3913/3913 
f 3937/3937/3937 3918/3918/3918 3931/3931/3931 
f 3931/3931/3931 3936/3936/3936 3937/3937/3937 
f 3918/3918/3918 3937/3937/3937 3938/3938/3938 
f 3937/3937/3937 3948/3948/3948 3938/3938/3938 
f 3914/3914/3914 3913/3913/3913 3917/3917/3917 
f 3913/3913/3913 3914/3914/3914 3915/3915/3915 
f 3917/3917/3917 3921/3921/3921 3914/3914/3914 
f 3921/3921/3921 3917/3917/3917 3943/3943/3943 
f 3920/3920/3920 3915/3915/3915 3914/3914/3914 
f 3915/3915/3915 3920/3920/3920 3922/3922/3922 
f 3920/3920/3920 3923/3923/3923 3922/3922/3922 
f 3914/3914/3914 3939/3939/3939 3920/3920/3920 
f 3939/3939/3939 3914/3914/3914 3921/3921/3921 
f 3923/3923/3923 3920/3920/3920 3926/3926/3926 
f 3939/3939/3939 3926/3926/3926 3920/3920/3920 
f 3924/3924/3924 3923/3923/3923 3926/3926/3926 
f 3923/3923/3923 3924/3924/3924 3925/3925/3925 
f 3926/3926/3926 3939/3939/3939 3930/3930/3930 
f 3930/3930/3930 3924/3924/3924 3926/3926/3926 
f 3939/3939/3939 3947/3947/3947 3930/3930/3930 
f 3950/3950/3950 3930/3930/3930 3947/3947/3947 
f 3947/3947/3947 3939/3939/3939 3968/3968/3968 
f 3930/3930/3930 3950/3950/3950 3928/3928/3928 
f 3924/3924/3924 3930/3930/3930 3928/3928/3928 
f 3953/3953/3953 3950/3950/3950 3955/3955/3955 
f 3954/3954/3954 3953/3953/3953 3955/3955/3955 
f 3929/3929/3929 3928/3928/3928 3953/3953/3953 
f 3928/3928/3928 3929/3929/3929 3924/3924/3924 
f 3953/3953/3953 4024/4024/4024 3929/3929/3929 
f 3929/3929/3929 4006/4006/4006 3924/3924/3924 
f 4006/4006/4006 3929/3929/3929 4013/4013/4013 
f 4012/4012/4012 4006/4006/4006 4013/4013/4013 
f 3927/3927/3927 3924/3924/3924 4006/4006/4006 
f 3927/3927/3927 3925/3925/3925 3924/3924/3924 
f 3927/3927/3927 4006/4006/4006 4008/4008/4008 
f 4007/4007/4007 3927/3927/3927 4008/4008/4008 
f 3925/3925/3925 3927/3927/3927 3975/3975/3975 
f 4014/4014/4014 3927/3927/3927 4015/4015/4015 
f 3927/3927/3927 4014/4014/4014 3980/3980/3980 
f 3976/3976/3976 3975/3975/3975 3927/3927/3927 
f 3980/3980/3980 3976/3976/3976 3927/3927/3927 
f 3975/3975/3975 3976/3976/3976 3977/3977/3977 
f 3979/3979/3979 3976/3976/3976 3980/3980/3980 
f 3980/3980/3980 4016/4016/4016 3979/3979/3979 
f 3988/3988/3988 3976/3976/3976 3979/3979/3979 
f 3976/3976/3976 3988/3988/3988 3978/3978/3978 
f 3978/3978/3978 3977/3977/3977 3976/3976/3976 
f 3977/3977/3977 3978/3978/3978 3981/3981/3981 
f 3818/3818/3818 3819/3819/3819 3820/3820/3820 
f 4033/4033/4033 4034/4034/4034 4035/4035/4035 
f 3719/3719/3719 3720/3720/3720 3718/3718/3718 
f 3887/3887/3887 3883/3883/3883 3727/3727/3727 
f 3726/3726/3726 3727/3727/3727 3883/3883/3883 
f 3883/3883/3883 3887/3887/3887 3885/3885/3885 
f 3883/3883/3883 3729/3729/3729 3726/3726/3726 
f 3885/3885/3885 3884/3884/3884 3883/3883/3883 
f 3729/3729/3729 3883/3883/3883 3884/3884/3884 
f 3884/3884/3884 3885/3885/3885 3886/3886/3886 
f 3713/3713/3713 3726/3726/3726 3729/3729/3729 
f 3886/3886/3886 3838/3838/3838 3884/3884/3884 
f 3838/3838/3838 3886/3886/3886 3891/3891/3891 
f 3884/3884/3884 3843/3843/3843 3729/3729/3729 
f 3843/3843/3843 3884/3884/3884 3838/3838/3838 
f 3729/3729/3729 3730/3730/3730 3713/3713/3713 
f 3730/3730/3730 3729/3729/3729 3843/3843/3843 
f 3891/3891/3891 3839/3839/3839 3838/3838/3838 
f 3839/3839/3839 3891/3891/3891 3840/3840/3840 
f 3838/3838/3838 3829/3829/3829 3843/3843/3843 
f 3829/3829/3829 3838/3838/3838 3839/3839/3839 
f 3843/3843/3843 3837/3837/3837 3730/3730/3730 
f 3837/3837/3837 3843/3843/3843 3829/3829/3829 
f 3840/3840/3840 3841/3841/3841 3839/3839/3839 
f 3841/3841/3841 3840/3840/3840 3853/3853/3853 
f 3842/3842/3842 3839/3839/3839 3841/3841/3841 
f 3839/3839/3839 3842/3842/3842 3833/3833/3833 
f 3833/3833/3833 3829/3829/3829 3839/3839/3839 
f 3844/3844/3844 3833/3833/3833 3842/3842/3842 
f 3833/3833/3833 3844/3844/3844 3831/3831/3831 
f 3848/3848/3848 3831/3831/3831 3844/3844/3844 
f 3831/3831/3831 3848/3848/3848 3836/3836/3836 
f 3831/3831/3831 3830/3830/3830 3833/3833/3833 
f 3829/3829/3829 3833/3833/3833 3830/3830/3830 
f 3836/3836/3836 3832/3832/3832 3831/3831/3831 
f 3830/3830/3830 3831/3831/3831 3832/3832/3832 
f 3832/3832/3832 3836/3836/3836 3835/3835/3835 
f 3828/3828/3828 3829/3829/3829 3830/3830/3830 
f 3832/3832/3832 3828/3828/3828 3830/3830/3830 
f 3829/3829/3829 3828/3828/3828 3837/3837/3837 
f 3835/3835/3835 3834/3834/3834 3832/3832/3832 
f 3828/3828/3828 3832/3832/3832 3834/3834/3834 
f 3834/3834/3834 3835/3835/3835 3858/3858/3858 
f 3860/3860/3860 3834/3834/3834 3858/3858/3858 
f 3834/3834/3834 3860/3860/3860 3859/3859/3859 
f 3859/3859/3859 3828/3828/3828 3834/3834/3834 
f 3861/3861/3861 3859/3859/3859 3860/3860/3860 
f 3859/3859/3859 3861/3861/3861 3862/3862/3862 
f 3828/3828/3828 3859/3859/3859 3863/3863/3863 
f 3862/3862/3862 3863/3863/3863 3859/3859/3859 
f 3863/3863/3863 3837/3837/3837 3828/3828/3828 
f 3863/3863/3863 3862/3862/3862 3869/3869/3869 
f 3869/3869/3869 3753/3753/3753 3863/3863/3863 
f 3837/3837/3837 3863/3863/3863 3753/3753/3753 
f 3753/3753/3753 3869/3869/3869 3757/3757/3757 
f 3754/3754/3754 3753/3753/3753 3757/3757/3757 
f 3752/3752/3752 3837/3837/3837 3753/3753/3753 
f 3753/3753/3753 3754/3754/3754 3752/3752/3752 
f 3837/3837/3837 3752/3752/3752 3730/3730/3730 
f 3755/3755/3755 3752/3752/3752 3754/3754/3754 
f 3751/3751/3751 3730/3730/3730 3752/3752/3752 
f 3752/3752/3752 3755/3755/3755 3751/3751/3751 
f 3730/3730/3730 3751/3751/3751 3713/3713/3713 
f 3756/3756/3756 3751/3751/3751 3755/3755/3755 
f 3740/3740/3740 3713/3713/3713 3751/3751/3751 
f 3751/3751/3751 3756/3756/3756 3740/3740/3740 
f 3713/3713/3713 3740/3740/3740 3714/3714/3714 
f 3741/3741/3741 3740/3740/3740 3756/3756/3756 
f 3740/3740/3740 3741/3741/3741 3742/3742/3742 
f 3741/3741/3741 3739/3739/3739 3742/3742/3742 
f 3739/3739/3739 3741/3741/3741 3737/3737/3737 
f 3737/3737/3737 3738/3738/3738 3739/3739/3739 
f 3716/3716/3716 3739/3739/3739 3738/3738/3738 
f 3738/3738/3738 3737/3737/3737 3743/3743/3743 
f 3738/3738/3738 3719/3719/3719 3716/3716/3716 
f 3743/3743/3743 3744/3744/3744 3738/3738/3738 
f 3719/3719/3719 3738/3738/3738 3744/3744/3744 
f 3744/3744/3744 3743/3743/3743 3750/3750/3750 
f 3745/3745/3745 3744/3744/3744 3750/3750/3750 
f 3746/3746/3746 3719/3719/3719 3744/3744/3744 
f 3744/3744/3744 3745/3745/3745 3746/3746/3746 
f 3719/3719/3719 3746/3746/3746 3721/3721/3721 
f 3720/3720/3720 3719/3719/3719 3721/3721/3721 
f 3721/3721/3721 3722/3722/3722 3720/3720/3720 
f 3722/3722/3722 3721/3721/3721 3748/3748/3748 
f 3747/3747/3747 3721/3721/3721 3746/3746/3746 
f 3745/3745/3745 3747/3747/3747 3746/3746/3746 
f 3721/3721/3721 3747/3747/3747 3748/3748/3748 
f 3747/3747/3747 3745/3745/3745 3749/3749/3749 
f 3722/3722/3722 3760/3760/3760 3765/3765/3765 
f 3765/3765/3765 3760/3760/3760 3766/3766/3766 
f 3748/3748/3748 3761/3761/3761 3760/3760/3760 
f 3761/3761/3761 3748/3748/3748 3747/3747/3747 
f 3759/3759/3759 3760/3760/3760 3761/3761/3761 
f 3749/3749/3749 3770/3770/3770 3747/3747/3747 
f 3767/3767/3767 3761/3761/3761 3747/3747/3747 
f 3767/3767/3767 3747/3747/3747 3770/3770/3770 
f 3761/3761/3761 3767/3767/3767 3768/3768/3768 
f 3767/3767/3767 3772/3772/3772 3768/3768/3768 
f 3769/3769/3769 3767/3767/3767 3770/3770/3770 
f 3769/3769/3769 3770/3770/3770 3771/3771/3771 
f 3770/3770/3770 3749/3749/3749 3806/3806/3806 
f 3770/3770/3770 3779/3779/3779 3780/3780/3780 
f 3779/3779/3779 3770/3770/3770 3799/3799/3799 
f 3806/3806/3806 3798/3798/3798 3770/3770/3770 
f 3770/3770/3770 3798/3798/3798 3799/3799/3799 
f 3798/3798/3798 3806/3806/3806 3973/3973/3973 
f 3799/3799/3799 3798/3798/3798 3809/3809/3809 
f 3808/3808/3808 3799/3799/3799 3809/3809/3809 
f 3798/3798/3798 3815/3815/3815 3809/3809/3809 
f 3815/3815/3815 3798/3798/3798 3974/3974/3974 
f 3973/3973/3973 3974/3974/3974 3798/3798/3798 
f 3974/3974/3974 3973/3973/3973 3982/3982/3982 
f 3793/3793/3793 3794/3794/3794 3795/3795/3795 
f 4028/4028/4028 4029/4029/4029 4030/4030/4030 
f 3762/3762/3762 3763/3763/3763 3764/3764/3764 
f 3762/3762/3762 3789/3789/3789 3790/3790/3790 
f 3956/3956/3956 3957/3957/3957 3958/3958/3958 
f 4025/4025/4025 3957/3957/3957 4026/4026/4026 
f 3773/3773/3773 3774/3774/3774 3775/3775/3775 
f 4009/4009/4009 4010/4010/4010 4011/4011/4011 
f 3810/3810/3810 3811/3811/3811 3812/3812/3812 
f 4019/4019/4019 4020/4020/4020 4021/4021/4021 

g LegR1

v 0.440756 -4.0581 2.59427 
v 0.35731 -4.02283 2.49519 
v 0.38203 -4.01714 2.48167 
v 0.414773 -4.06027 2.61129 
v 0.33329 -4.00771 2.52344 
v 0.39311 -4.04742 2.63391 
v 0.39311 -4.04742 2.63391 
v 0.333506 -3.97207 2.54393 
v 0.33329 -4.00771 2.52344 
v 0.391568 -4.02298 2.65921 
v 0.460038 -4.03511 2.58682 
v 0.403735 -3.98659 2.48542 
v 0.497228 -4.09696 2.7152 
v 0.471277 -4.09868 2.73387 
v 0.513833 -4.07914 2.69237 
v 0.511224 -4.00046 2.7252 
v 0.460038 -4.03511 2.58682 
v 0.453971 -3.98989 2.61458 
v 0.454249 -4.08678 2.74869 
v 0.454249 -4.08678 2.74869 
v 0.449426 -4.06657 2.77874 
v 0.404082 -3.98411 2.65293 
v 0.45262 -4.01415 2.76543 
v 0.517952 -4.155 2.94024 
v 0.525195 -4.1724 2.83768 
v 0.52746 -4.19378 2.91599 
v 0.513833 -4.07914 2.69237 
v 0.552994 -4.03105 3.00528 
v 0.336789 -3.98199 2.40402 
v 0.27547 -3.96456 2.36598 
v 0.309674 -3.99034 2.41476 
v 0.250582 -3.95205 2.40115 
v 0.28057 -3.97049 2.44184 
v 0.314367 -3.95369 2.34902 
v 0.28057 -3.97049 2.44184 
v 0.275768 -3.92731 2.46835 
v 0.360627 -3.94489 2.40861 
v 0.403735 -3.98659 2.48542 
v 0.351276 -3.91135 2.42984 
v 0.398205 -3.95573 2.50907 
v 0.352907 -3.94582 2.54533 
v 0.377475 -3.93787 2.53032 
v 0.430953 -3.97336 2.638 
v 0.48504 -3.99233 2.75095 
v 0.52746 -4.19378 2.91599 
v 0.572136 -4.20512 2.85799 
v 0.54284 -4.23123 2.96473 
v 0.534584 -4.18897 2.99511 
v 0.57106 -4.16584 3.0342 
v 0.531798 -4.08665 2.71352 
v 0.552653 -4.1216 3.01466 
v 0.54284 -4.23123 2.96473 
v 0.562874 -4.26158 2.97961 
v 0.608544 -4.25765 2.97502 
v 0.63413 -4.20902 2.86051 
v 0.603494 -4.10323 2.73609 
v 0.558609 -4.33303 3.08393 
v 0.531764 -4.30276 3.08336 
v 0.595862 -4.32756 3.08351 
v 0.531764 -4.30276 3.08336 
v 0.531947 -4.2616 3.11121 
v 0.623678 -4.14663 3.04217 
v 0.568402 -4.07912 3.07726 
v 0.552653 -4.1216 3.01466 
v 0.625352 -4.30208 3.09644 
v 0.56193 -4.23797 3.13702 
v 0.628968 -4.16614 3.02785 
v 0.623678 -4.14663 3.04217 
v 0.62051 -4.11567 3.10204 
v 0.548228 -4.04063 2.72647 
v 0.513833 -4.07914 2.69237 
v 0.549222 -4.00071 2.73959 
v 0.548228 -4.04063 2.72647 
v 0.549222 -4.00071 2.73959 
v 0.589837 -4.02056 2.69371 
v 0.548228 -4.04063 2.72647 
v 0.580775 -3.98003 2.73429 
v 0.635111 -4.05493 2.65873 
v 0.589837 -4.02056 2.69371 
v 0.603497 -3.93564 2.56168 
v 0.599449 -3.93519 2.5873 
v 0.603497 -3.93564 2.56168 
v 0.610616 -3.94011 2.74156 
v 0.606563 -3.97775 2.97839 
v 0.552653 -4.1216 3.01466 
v 0.564633 -4.00944 3.06031 
v 0.552994 -4.03105 3.00528 
v 0.568402 -4.07912 3.07726 
v 0.606563 -3.97775 2.97839 
v 0.600912 -3.96882 3.04247 
v 0.596507 -3.96089 3.10592 
v 0.636896 -3.96429 3.03878 
v 0.584242 -4.03828 3.1403 
v 0.53759 -4.52199 3.32824 
v 0.503274 -4.50831 3.37302 
v 0.501609 -4.47997 3.3238 
v 0.503274 -4.50831 3.37302 
v 0.52833 -4.49429 3.4201 
v 0.512508 -4.4577 3.3946 
v 0.533036 -4.53284 3.39765 
v 0.515615 -4.44092 3.28822 
v 0.510282 -4.4335 3.3598 
v 0.501609 -4.47997 3.3238 
v 0.533036 -4.53284 3.39765 
v 0.580249 -4.52722 3.32972 
v 0.593733 -4.49218 3.42447 
v 0.52833 -4.49429 3.4201 
v 0.546546 -4.46672 3.27158 
v 0.593733 -4.49218 3.42447 
v 0.535267 -4.509 3.42659 
v 0.52833 -4.49429 3.4201 
v 0.53337 -4.4735 3.45689 
v 0.535267 -4.509 3.42659 
v 0.535051 -4.55689 3.50235 
v 0.538176 -4.53026 3.44908 
v 0.539667 -4.57127 3.47427 
v 0.534379 -4.50521 3.48046 
v 0.550812 -4.61331 3.4969 
v 0.536341 -4.44821 3.43496 
v 0.578189 -4.50532 3.48762 
v 0.550812 -4.61331 3.4969 
v 0.539667 -4.57127 3.47427 
v 0.572551 -4.57277 3.47846 
v 0.569202 -4.55893 3.50755 
v 0.538176 -4.53026 3.44908 
v 0.588665 -4.50657 3.43464 
v 0.535267 -4.509 3.42659 
v 0.583212 -4.47183 3.4661 
v 0.550656 -4.40406 3.18732 
v 0.526898 -4.37731 3.2027 
v 0.526898 -4.37731 3.2027 
v 0.514958 -4.40342 3.32238 
v 0.530704 -4.33896 3.22592 
v 0.582124 -4.40127 3.19128 
v 0.543731 -4.38282 3.34372 
v 0.551988 -4.3163 3.24331 
v 0.515615 -4.44092 3.28822 
v 0.541041 -4.40708 3.37599 
v 0.540613 -4.42749 3.40894 
v 0.584823 -4.44585 3.44048 
v 0.587265 -4.40559 3.38532 
v 0.585804 -4.31429 3.24389 
v 0.60908 -4.51081 3.38494 
v 0.577959 -4.53273 3.40207 
v 0.578317 -4.46843 3.27851 
v 0.593733 -4.49218 3.42447 
v 0.583054 -4.4269 3.41239 
v 0.616406 -4.4875 3.34488 
v 0.610947 -4.45934 3.40466 
v 0.610587 -4.44497 3.29988 
v 0.610947 -4.45934 3.40466 
v 0.581925 -4.52977 3.45519 
v 0.572551 -4.57277 3.47846 
v 0.581925 -4.52977 3.45519 
v 0.588665 -4.50657 3.43464 
v 0.617347 -4.43506 3.37498 
v 0.604153 -4.2375 3.13343 
v 0.575116 -3.98848 3.11643 
v 0.616168 -4.08431 3.1636 
v 0.584242 -4.03828 3.1403 
v 0.614057 -4.37524 3.20578 
v 0.627542 -4.26213 3.10953 
v 0.610549 -4.33514 3.23045 
v 0.584826 -4.37854 3.34797 
v 0.61192 -4.40017 3.33116 
v 0.610587 -4.44497 3.29988 
v 0.597526 -3.76969 3.76162 
v 0.229384 -3.93429 2.36933 
v 0.209076 -3.89421 2.2456 
v 0.234933 -3.88144 2.27797 
v 0.20806 -3.89369 2.29063 
v 0.20806 -3.89369 2.29063 
v 0.199369 -3.86616 2.28603 
v 0.209076 -3.89421 2.2456 
v 0.256442 -3.8752 2.31658 
v 0.218738 -3.88751 2.33125 
v 0.224405 -3.8902 2.35311 
v 0.218738 -3.88751 2.33125 
v 0.227341 -3.89146 2.36756 
v 0.276495 -3.91406 2.31959 
v 0.238682 -3.92367 2.33442 
v 0.278812 -3.87231 2.33928 
v 0.315478 -3.9099 2.33366 
v 0.26794 -3.87878 2.3306 
v 0.245977 -3.90769 2.43531 
v 0.229384 -3.93429 2.36933 
v 0.250582 -3.95205 2.40115 
v 0.232347 -3.89514 2.40563 
v 0.232347 -3.89514 2.40563 
v 0.257797 -3.86265 2.41586 
v 0.227341 -3.89146 2.36756 
v 0.296025 -3.89292 2.4702 
v 0.272562 -3.87454 2.44445 
v 0.227341 -3.89146 2.36756 
v 0.26794 -3.87878 2.3306 
v 0.278812 -3.87231 2.33928 
v 0.228896 -3.8577 2.27522 
v 0.234933 -3.88144 2.27797 
v 0.211153 -3.85127 2.33579 
v 0.222918 -3.84831 2.36751 
v 0.248756 -3.83731 2.32068 
v 0.256442 -3.8752 2.31658 
v 0.265343 -3.83562 2.35 
v 0.26794 -3.87878 2.3306 
v 0.278812 -3.87231 2.33928 
v 0.224405 -3.8902 2.35311 
v 0.24098 -3.853 2.39587 
v 0.278458 -3.83932 2.37642 
v 0.291844 -3.84946 2.40191 
v 0.310293 -3.86477 2.42693 
v 0.310967 -3.8657 2.37051 
v 0.3441 -3.93212 2.36388 
v 0.329074 -3.88563 2.45432 
v 0.333216 -3.88265 2.39856 
v 0.315478 -3.9099 2.33366 
v 0.310967 -3.8657 2.37051 
v 0.3441 -3.93212 2.36388 
v 0.360627 -3.94489 2.40861 
v 0.62743 -3.90528 2.59729 
v 0.612063 -3.88958 2.4411 
v 0.600735 -3.66713 3.70735 
v 0.575397 -3.68785 3.71786 
v 0.633608 -3.95316 3.104 
v 0.57803 -3.72969 3.7397 
v 0.564478 -3.54863 4.07354 
v 0.57803 -3.72969 3.7397 
v 0.578425 -3.50748 4.03917 
v 0.564478 -3.54863 4.07354 
v 0.549817 -3.42309 4.13824 
v 0.600327 -3.49022 4.02968 
v 0.630256 -3.77043 3.76207 
v 0.592735 -3.58827 4.10494 
v 0.520725 -2.13996 4.02923 
v 0.635569 -2.28835 4.11306 
v 0.485605 -2.29869 4.1019 
v 0.55902 -3.47812 4.19538 
v 0.583338 -2.49245 4.15227 
v 0.491644 -2.49522 4.15743 
v 0.413873 -2.32242 4.2097 
v 0.366335 -2.17655 4.14562 
v 0.551 -3.39707 4.17546 
v 0.5975 -3.39335 4.12045 
v 0.55902 -3.47812 4.19538 
v 0.622324 -3.59548 4.11163 
v 0.579288 -3.52043 4.23827 
v 0.597808 -3.37443 4.15784 
v 0.556793 -2.67094 4.19912 
v 0.543895 -3.39087 4.26599 
v 0.553426 -3.38802 4.18891 
v 0.545956 -3.41968 4.2507 
v 0.54395 -3.30793 4.27461 
v 0.547038 -3.13718 4.24003 
v 0.5525 -3.29903 4.21362 
v 0.536332 -3.13905 4.28145 
v 0.513157 -2.77083 4.24193 
v 0.501689 -2.67817 4.20656 
v 0.558759 -2.77076 4.22954 
v 0.5504 -3.44732 4.23594 
v 0.555337 -3.37011 4.1991 
v 0.479124 -2.68494 4.24865 
v 0.508571 -2.78002 4.2746 
v 0.536332 -3.13905 4.28145 
v 0.522983 -2.77936 4.31044 
v 0.508571 -2.78002 4.2746 
v 0.555884 -3.13967 4.32462 
v 0.543079 -2.7733 4.34205 
v 0.485962 -2.71413 4.30684 
v 0.524155 -2.7238 4.35208 
v 0.568149 -3.45766 4.32247 
v 0.543895 -3.39087 4.26599 
v 0.545956 -3.41968 4.2507 
v 0.567808 -3.41513 4.3358 
v 0.54395 -3.30793 4.27461 
v 0.566691 -3.31373 4.33415 
v 0.573915 -2.77195 4.32429 
v 0.442351 -2.52902 4.23298 
v 0.479124 -2.68494 4.24865 
v 0.445469 -2.56032 4.32368 
v 0.442351 -2.52902 4.23298 
v 0.407415 -2.36387 4.32722 
v 0.413873 -2.32242 4.2097 
v 0.339439 -2.25925 4.32157 
v 0.366335 -2.17655 4.14562 
v 0.484796 -2.57889 4.39167 
v 0.453305 -2.37758 4.41855 
v 0.385925 -2.27705 4.46357 
v 0.553018 -2.22178 4.47024 
v 0.557582 -2.58168 4.39279 
v 0.571358 -2.72238 4.35434 
v 0.553075 -2.35635 4.42774 
v 0.5504 -3.44732 4.23594 
v 0.569269 -3.49594 4.30179 
v 0.597971 -3.36922 4.17059 
v 0.600641 -3.36257 4.18823 
v 0.582556 -3.13336 4.22061 
v 0.594169 -3.29613 4.1961 
v 0.622274 -3.52823 4.24663 
v 0.64504 -3.28813 4.20891 
v 0.621425 -3.41106 4.35315 
v 0.600973 -3.31101 4.35047 
v 0.623335 -3.46015 4.34156 
v 0.624142 -3.49989 4.30888 
v 0.638689 -3.30422 4.32844 
v 0.581664 -3.13674 4.34015 
v 0.58833 -2.76948 4.24809 
v 0.586514 -2.68145 4.24299 
v 0.60064 -2.70942 4.30425 
v 0.619156 -3.13037 4.23414 
v 0.638773 -3.13011 4.28061 
v 0.589816 -2.77049 4.29349 
v 0.640561 -2.52241 4.23359 
v 0.611242 -3.13485 4.32137 
v 0.615105 -2.56567 4.32188 
v 0.647537 -2.32335 4.36303 
v 0.614057 -4.37524 3.20578 
v 0.650773 -3.94538 2.39698 
v 0.679037 -3.98683 2.54039 
v 0.644006 -3.99486 2.53084 
v 0.668938 -4.04546 2.67057 
v 0.882685 -3.96259 2.58571 
v 0.945193 -3.96905 2.48623 
v 0.886638 -3.99288 2.55131 
v 0.687042 -3.93684 2.40814 
v 0.702361 -3.96342 2.54691 
v 0.886638 -3.99288 2.55131 
v 0.969816 -3.99676 2.49676 
v 0.911555 -4.02509 2.56483 
v 0.992396 -3.99821 2.51974 
v 0.934316 -4.02985 2.58869 
v 1.01291 -3.97682 2.54899 
v 1.0024 -3.94003 2.4242 
v 0.945193 -3.96905 2.48623 
v 0.954733 -4.0083 2.61524 
v 0.857507 -4.05525 2.64835 
v 0.822655 -4.02301 2.62705 
v 0.698502 -4.00359 2.67199 
v 0.822655 -4.02301 2.62705 
v 0.827515 -3.9764 2.65776 
v 0.692825 -3.97556 2.72474 
v 0.702361 -3.96342 2.54691 
v 0.691351 -3.93826 2.58017 
v 0.856658 -4.06101 2.68975 
v 1.01291 -3.97682 2.54899 
v 0.960818 -3.9761 2.62503 
v 0.954733 -4.0083 2.61524 
v 0.916634 -3.9318 2.59446 
v 0.944564 -3.93409 2.51753 
v 0.620598 -3.91575 2.40462 
v 0.661573 -3.87189 2.2725 
v 0.620598 -3.91575 2.40462 
v 0.693281 -3.87449 2.27614 
v 0.625508 -3.84627 2.27958 
v 0.639205 -3.86333 2.4574 
v 0.70559 -3.90874 2.42323 
v 1.00111 -3.89696 2.44625 
v 0.70559 -3.90874 2.42323 
v 0.697728 -3.8871 2.43613 
v 0.717832 -3.84357 2.29389 
v 0.663594 -3.90404 2.59449 
v 0.669484 -3.86314 2.45854 
v 0.84802 -3.95799 2.68251 
v 0.947572 -3.9327 2.61447 
v 0.970348 -3.90564 2.53238 
v 0.999075 -3.91101 2.55276 
v 1.0024 -3.94003 2.4242 
v 1.02804 -3.96737 2.42931 
v 1.03072 -3.92803 2.38058 
v 1.06215 -3.95269 2.38132 
v 1.04959 -3.97367 2.45094 
v 1.0923 -3.96085 2.40418 
v 1.05716 -3.91008 2.36284 
v 1.09239 -3.91385 2.36141 
v 1.07037 -3.95722 2.48152 
v 1.13012 -3.9308 2.41926 
v 1.10664 -3.95107 2.45084 
v 1.12831 -3.91827 2.3805 
v 1.13012 -3.9308 2.41926 
v 1.10039 -3.90852 2.46871 
v 1.10664 -3.95107 2.45084 
v 1.01563 -3.94974 2.56022 
v 1.06925 -3.92193 2.4977 
v 1.07037 -3.95722 2.48152 
v 1.02562 -3.87886 2.40637 
v 1.03072 -3.92803 2.38058 
v 1.07983 -3.87409 2.36686 
v 1.05716 -3.91008 2.36284 
v 1.13482 -3.88729 2.40213 
v 1.05116 -3.86994 2.38489 
v 1.05116 -3.86994 2.38489 
v 1.13797 -3.88784 2.38628 
v 1.187 -3.88906 2.28918 
v 1.16426 -3.88955 2.33489 
v 1.15026 -3.88295 2.32277 
v 1.14701 -3.88435 2.371 
v 1.0953 -3.87349 2.35933 
v 1.187 -3.88906 2.28918 
v 1.17652 -3.8638 2.33923 
v 1.16426 -3.88955 2.33489 
v 1.11909 -3.87279 2.34717 
v 1.04829 -3.88764 2.49771 
v 1.018 -3.87575 2.47562 
v 1.07251 -3.87459 2.47868 
v 1.12188 -3.89556 2.44001 
v 1.12188 -3.89556 2.44001 
v 1.13482 -3.88729 2.40213 
v 1.0977 -3.86012 2.45482 
v 0.657489 -3.93762 2.73466 
v 0.649464 -4.21709 2.98897 
v 0.649464 -4.21709 2.98897 
v 0.657137 -4.17591 2.98569 
v 0.673721 -4.1009 2.74031 
v 0.672857 -4.13028 3.0138 
v 0.749 -4.17971 2.89997 
v 0.69146 -4.17883 2.84242 
v 0.704612 -4.13824 2.93478 
v 0.662695 -4.09759 3.08486 
v 0.672857 -4.13028 3.0138 
v 0.669635 -4.04918 3.06902 
v 0.616406 -4.4875 3.34488 
v 0.60908 -4.51081 3.38494 
v 0.625352 -4.30208 3.09644 
v 0.652511 -4.06534 3.15424 
v 0.64137 -3.97432 2.97414 
v 0.64137 -3.97432 2.97414 
v 0.679982 -4.01461 2.9878 
v 0.684145 -4.06789 3.00297 
v 0.671741 -4.00101 3.05332 
v 0.712489 -3.98484 2.75873 
v 0.663571 -3.988 3.11991 
v 0.655186 -4.03108 3.1361 
v 0.645635 -3.74565 3.7489 
v 0.659712 -3.69974 3.72563 
v 0.749 -4.17971 2.89997 
v 0.76332 -4.04665 2.70627 
v 0.728825 -4.09367 2.73288 
v 0.793229 -4.07642 2.72788 
v 0.697389 -4.03052 2.75009 
v 0.779166 -4.09146 2.79681 
v 0.79058 -4.06638 2.81197 
v 0.864802 -4.03868 2.7119 
v 0.684145 -4.06789 3.00297 
v 0.798807 -4.02763 2.82261 
v 0.679982 -4.01461 2.9878 
v 0.864802 -4.03868 2.7119 
v 0.79058 -4.06638 2.81197 
v 0.876945 -4.00724 2.72089 
v 0.76332 -4.04665 2.70627 
v 0.765518 -3.97819 2.72317 
v 0.698502 -4.00359 2.67199 
v 0.78113 -3.96747 2.7731 
v 0.868795 -3.96856 2.71151 
v 0.697389 -4.03052 2.75009 
v 0.795639 -3.99247 2.8123 
v 0.717832 -3.84357 2.29389 
v 0.633743 -3.72885 2.06186 
v 0.67136 -3.77353 2.07586 
v 0.62882 -3.75205 2.10185 
v 0.631754 -3.77944 2.15433 
v 0.621738 -3.71018 2.13053 
v 0.62882 -3.75205 2.10185 
v 0.667728 -3.80341 2.14682 
v 0.631754 -3.77944 2.15433 
v 0.626869 -3.7361 2.17814 
v 0.633743 -3.72885 2.06186 
v 0.628344 -3.69323 2.09663 
v 0.645205 -3.69079 2.05935 
v 0.665176 -3.71993 2.03585 
v 0.699406 -3.80496 2.15105 
v 0.711213 -3.71961 2.03753 
v 0.652611 -3.7081 2.19134 
v 0.625508 -3.84627 2.27958 
v 0.6177 -3.81524 2.30765 
v 0.645138 -3.79797 2.32016 
v 0.693944 -3.7107 2.19303 
v 0.681398 -3.7954 2.32233 
v 0.628344 -3.69323 2.09663 
v 0.658145 -3.68403 2.01922 
v 0.669632 -3.65387 1.9675 
v 0.668847 -3.68514 1.97329 
v 0.70405 -3.69056 2.04489 
v 0.650597 -3.68792 2.04254 
v 0.645205 -3.69079 2.05935 
v 0.653819 -3.64013 2.06147 
v 0.650597 -3.68792 2.04254 
v 0.659873 -3.64178 2.02108 
v 0.703127 -3.68601 2.02243 
v 0.658145 -3.68403 2.01922 
v 0.668847 -3.68514 1.97329 
v 0.689409 -3.68866 1.92959 
v 0.702428 -3.65222 1.97351 
v 0.703651 -3.64233 2.02658 
v 0.653061 -3.65351 2.0943 
v 0.654681 -3.66871 2.12315 
v 0.650293 -3.68375 2.15384 
v 0.697094 -3.66557 2.12946 
v 0.696603 -3.68688 2.15911 
v 0.701509 -3.65308 2.09591 
v 0.703717 -3.64205 2.06722 
v 0.710486 -3.7776 2.08239 
v 0.727839 -3.78328 2.16326 
v 0.722701 -3.73754 2.18289 
v 0.727839 -3.78328 2.16326 
v 0.708584 -3.81719 2.3082 
v 0.742287 -3.75993 2.11862 
v 0.73942 -3.72865 2.07395 
v 0.729975 -3.71362 2.14178 
v 0.742287 -3.75993 2.11862 
v 1.15623 -3.85656 2.32085 
v 1.11909 -3.87279 2.34717 
v 1.13111 -3.83866 2.35633 
v 1.10866 -3.83305 2.38181 
v 1.0953 -3.87349 2.35933 
v 1.15026 -3.88295 2.32277 
v 1.14701 -3.88435 2.371 
v 1.15668 -3.85243 2.37903 
v 0.689409 -3.68866 1.92959 
v 0.701701 -3.68559 1.97809 
v 0.710577 -3.68914 2.06208 
v 0.645205 -3.69079 2.05935 
v 0.70405 -3.69056 2.04489 
v 0.710577 -3.68914 2.06208 
v 0.701701 -3.68559 1.97809 
v 0.703127 -3.68601 2.02243 
v 0.70405 -3.69056 2.04489 
v 0.710577 -3.68914 2.06208 
v 0.727808 -3.69152 2.10577 
v 0.73942 -3.72865 2.07395 
v 0.727808 -3.69152 2.10577 
v 0.63461 -3.66722 3.70672 
v 0.642855 -3.49276 4.03132 
v 0.656874 -3.53698 4.06509 
v 0.643921 -3.57522 4.0969 
v 0.653422 -3.50885 4.22664 
v 0.66669 -3.47183 4.27926 
v 0.668194 -3.4363 4.3024 
v 0.659036 -3.40854 4.13045 
v 0.654679 -3.38763 4.17624 
v 0.653423 -3.37963 4.18649 
v 0.649545 -3.36143 4.20557 
v 0.705647 -2.10623 4.14671 
v 0.698059 -2.29142 4.24723 
v 0.663457 -3.39819 4.3232 
v 0.686273 -2.16477 4.40451 
v 0.65967 -3.29539 4.27786 
v 1.07983 -3.87409 2.36686 
v 1.06855 -3.85055 2.42713 
v 1.08419 -3.83519 2.40852 
v 1.13803 -3.84696 2.40978 
v 1.13797 -3.88784 2.38628 
v 1.11839 -3.85038 2.43409 
v 1.04304 -3.86052 2.44801 
v 0.670263 -3.47687 4.1938 
v 0.673483 -3.43863 4.23654 
v 0.676338 -3.40977 4.25437 
v 0.740018 -2.11145 4.26872 
v 0.675666 -3.38271 4.27276 

vn 0.251969 -0.866142 -0.433071 
vn -0.283465 -0.937008 -0.204724 
vn 0.370079 -0.76378 -0.519685 
vn -0.314961 -0.937008 -0.149606 
vn -0.755906 -0.622047 0.19685 
vn -0.755906 -0.637795 0.165354 
vn -0.755906 -0.637795 0.165354 
vn -0.84252 0.0472441 0.543307 
vn -0.755906 -0.622047 0.19685 
vn -0.905512 -0.0472441 0.425197 
vn 0.834646 -0.188976 -0.519685 
vn 0.866142 -0.0551181 -0.503937 
vn 0.0787402 -0.88189 -0.456693 
vn -0.425197 -0.874016 -0.228346 
vn 0.622047 -0.354331 -0.700787 
vn 0.472441 0.787402 -0.401575 
vn 0.834646 -0.188976 -0.519685 
vn 0.755906 0.614173 -0.23622 
vn -0.771654 -0.629921 0.0787402 
vn -0.771654 -0.629921 0.0787402 
vn -0.937008 -0.125984 0.330709 
vn -0.551181 0.685039 0.472441 
vn -0.724409 0.551181 0.409449 
vn -0.944882 -0.149606 0.291339 
vn -0.433071 -0.818898 -0.377953 
vn -0.826772 -0.559055 -0.0866142 
vn 0.622047 -0.354331 -0.700787 
vn -0.889764 0.393701 0.212598 
vn 0.385827 -0.740157 -0.543307 
vn -0.299213 -0.858268 -0.425197 
vn -0.259843 -0.929134 -0.259843 
vn -0.755906 -0.637795 0.141732 
vn -0.732283 -0.645669 0.220472 
vn 0.299213 -0.629921 -0.716535 
vn -0.732283 -0.645669 0.220472 
vn -0.771654 -0.00787402 0.629921 
vn 0.897638 -0.00787402 -0.440945 
vn 0.866142 -0.0551181 -0.503937 
vn 0.834646 0.535433 -0.110236 
vn 0.795276 0.574803 -0.181102 
vn -0.385827 0.708661 0.590551 
vn 0.370079 0.897638 0.228346 
vn 0.149606 0.976378 0.165354 
vn -0.133858 0.984252 0.11811 
vn -0.826772 -0.559055 -0.0866142 
vn -0.212598 -0.850394 -0.480315 
vn -0.866142 -0.456693 -0.212598 
vn -0.968504 0.0551181 0.244094 
vn -0.496063 0.456693 0.740157 
vn 0.299213 -0.503937 -0.811024 
vn -0.84252 -0.0944882 0.535433 
vn -0.866142 -0.456693 -0.212598 
vn -0.338583 -0.80315 -0.480315 
vn 0.346457 -0.874016 -0.354331 
vn 0.141732 -0.866142 -0.488189 
vn -0.0708661 -0.700787 -0.716535 
vn -0.338583 -0.771654 -0.535433 
vn -0.913386 -0.322835 -0.251969 
vn 0.417323 -0.779528 -0.472441 
vn -0.913386 -0.322835 -0.251969 
vn -0.944882 0.299213 0.15748 
vn 0.110236 -0.606299 0.787402 
vn -0.874016 -0.338583 0.354331 
vn -0.84252 -0.0944882 0.535433 
vn 0.913386 -0.385827 -0.125984 
vn -0.409449 0.76378 0.503937 
vn 0.582677 0.141732 0.80315 
vn 0.110236 -0.606299 0.787402 
vn -0.0944882 -0.850394 0.519685 
vn 0.00787402 0.15748 -0.984252 
vn 0.622047 -0.354331 -0.700787 
vn -0.267717 0.811024 -0.519685 
vn 0.00787402 0.15748 -0.984252 
vn -0.267717 0.811024 -0.519685 
vn -0.826772 -0.212598 -0.519685 
vn 0.00787402 0.15748 -0.984252 
vn -0.818898 0.551181 -0.141732 
vn -0.244094 -0.795276 -0.559055 
vn -0.826772 -0.212598 -0.527559 
vn -0.929134 -0.314961 -0.204724 
vn -0.952756 0.307087 -0.023622 
vn -0.929134 -0.307087 -0.204724 
vn -0.433071 0.889764 0.141732 
vn -0.377953 0.929134 0.023622 
vn -0.84252 -0.0944882 0.535433 
vn -0.937008 0.346457 0.0551181 
vn -0.889764 0.393701 0.212598 
vn -0.874016 -0.338583 0.354331 
vn -0.377953 0.929134 0.023622 
vn -0.488189 0.858268 -0.149606 
vn -0.511811 0.818898 -0.267717 
vn 0.330709 0.937008 -0.11811 
vn -0.929134 -0.283465 0.228346 
vn -0.330709 -0.826772 -0.456693 
vn -0.913386 -0.401575 0.0866142 
vn -0.913386 -0.275591 -0.307087 
vn -0.913386 -0.401575 0.0866142 
vn -0.88189 -0.275591 0.385827 
vn -0.913386 0.204724 0.362205 
vn -0.448819 -0.80315 0.393701 
vn -0.92126 -0.181102 -0.330709 
vn -0.913386 0.362205 0.19685 
vn -0.913386 -0.275591 -0.307087 
vn -0.448819 -0.80315 0.393701 
vn 0.346457 -0.834646 -0.425197 
vn 0.88189 -0.307087 0.362205 
vn -0.88189 -0.275591 0.385827 
vn -0.330709 -0.677165 -0.661417 
vn 0.88189 -0.307087 0.362205 
vn -0.574803 -0.519685 -0.637795 
vn -0.88189 -0.275591 0.385827 
vn -0.748031 0.385827 0.543307 
vn -0.574803 -0.519685 -0.637795 
vn -0.755906 0.023622 0.653543 
vn -0.645669 -0.488189 -0.582677 
vn -0.645669 -0.440945 -0.622047 
vn -0.755906 0.291339 0.582677 
vn -0.0866142 -0.984252 0.149606 
vn -0.598425 0.527559 0.598425 
vn 0.574803 0.291339 0.76378 
vn -0.0866142 -0.984252 0.149606 
vn -0.645669 -0.440945 -0.622047 
vn 0.76378 -0.496063 -0.417323 
vn 0.535433 -0.0393701 0.84252 
vn -0.645669 -0.488189 -0.582677 
vn 0.787402 -0.440945 -0.433071 
vn -0.574803 -0.519685 -0.637795 
vn 0.582677 0.440945 0.685039 
vn -0.354331 -0.748031 -0.559055 
vn -0.937008 -0.244094 -0.244094 
vn -0.937008 -0.244094 -0.244094 
vn -0.913386 0.385827 0.141732 
vn -0.929134 0.330709 0.149606 
vn 0.425197 -0.755906 -0.503937 
vn -0.448819 0.755906 0.480315 
vn -0.448819 0.755906 0.480315 
vn -0.92126 -0.181102 -0.330709 
vn -0.456693 0.732283 0.503937 
vn -0.472441 0.685039 0.551181 
vn 0.480315 0.566929 0.669291 
vn 0.346457 0.755906 0.559055 
vn 0.377953 0.755906 0.535433 
vn 0.858268 -0.488189 0.149606 
vn 0.322835 -0.834646 0.440945 
vn 0.409449 -0.669291 -0.614173 
vn 0.88189 -0.307087 0.362205 
vn 0.354331 0.692913 0.629921 
vn 0.92126 -0.346457 -0.19685 
vn 0.905512 0.102362 0.417323 
vn 0.929134 -0.259843 -0.275591 
vn 0.905512 0.102362 0.417323 
vn 0.787402 -0.472441 -0.385827 
vn 0.76378 -0.496063 -0.417323 
vn 0.787402 -0.480315 -0.385827 
vn 0.787402 -0.440945 -0.433071 
vn 0.929134 0.275591 0.251969 
vn 0.456693 0.692913 0.559055 
vn -0.952756 0.291339 -0.0314961 
vn -0.275591 -0.834646 0.472441 
vn -0.929134 -0.283465 0.228346 
vn 0.929134 -0.338583 -0.173228 
vn 0.944882 0.165354 0.291339 
vn 0.929134 0.283465 0.244094 
vn 0.322835 0.795276 0.519685 
vn 0.92126 0.346457 0.188976 
vn 0.929134 -0.259843 -0.275591 
vn -0.496063 -0.771654 0.385827 
vn -0.88189 -0.472441 -0.0551181 
vn -0.204724 -0.425197 -0.88189 
vn 0.795276 -0.472441 -0.385827 
vn -0.456693 -0.88189 0.125984 
vn -0.456693 -0.88189 0.125984 
vn -0.905512 0.393701 -0.149606 
vn -0.204724 -0.425197 -0.88189 
vn 0.76378 -0.464567 -0.440945 
vn -0.519685 -0.84252 0.141732 
vn -0.511811 -0.834646 0.181102 
vn -0.519685 -0.84252 0.141732 
vn -0.992126 -0.110236 0.0314961 
vn -0.0393701 -0.015748 -1 
vn -0.692913 -0.228346 -0.685039 
vn 0.472441 0.433071 -0.76378 
vn 0.606299 0.165354 -0.779528 
vn 0.700787 -0.582677 -0.409449 
vn -0.826772 0.00787402 0.566929 
vn -0.88189 -0.472441 -0.0551181 
vn -0.755906 -0.637795 0.149606 
vn -0.92126 0.0866142 0.370079 
vn -0.92126 0.0866142 0.370079 
vn -0.472441 0.708661 0.527559 
vn -0.992126 -0.110236 0.0314961 
vn -0.291339 0.653543 0.700787 
vn -0.377953 0.661417 0.645669 
vn -0.992126 -0.110236 0.0314961 
vn 0.700787 -0.582677 -0.409449 
vn 0.472441 0.433071 -0.76378 
vn 0.275591 0.708661 -0.645669 
vn 0.795276 -0.472441 -0.385827 
vn -0.850394 0.511811 0.141732 
vn -0.755906 0.559055 0.338583 
vn 0.322835 0.866142 -0.385827 
vn 0.76378 -0.464567 -0.440945 
vn 0.346457 0.905512 -0.23622 
vn 0.700787 -0.590551 -0.409449 
vn 0.472441 0.433071 -0.76378 
vn -0.511811 -0.834646 0.181102 
vn -0.622047 0.637795 0.456693 
vn 0.259843 0.968504 -0.0314961 
vn 0.267717 0.944882 0.19685 
vn 0.385827 0.866142 0.314961 
vn 0.645669 0.661417 -0.377953 
vn 0.84252 -0.0551181 -0.543307 
vn 0.448819 0.834646 0.330709 
vn 0.795276 0.582677 -0.141732 
vn 0.606299 0.165354 -0.779528 
vn 0.637795 0.661417 -0.385827 
vn 0.84252 -0.0551181 -0.543307 
vn 0.897638 -0.00787402 -0.440945 
vn -0.425197 0.88189 0.19685 
vn -0.96063 0.267717 0.0472441 
vn -0.393701 0.818898 -0.425197 
vn -0.929134 0.330709 -0.181102 
vn 0.370079 0.889764 -0.251969 
vn -0.968504 -0.220472 0.0944882 
vn -0.976378 -0.212598 0.0472441 
vn -0.968504 -0.220472 0.0944882 
vn -0.889764 0.330709 -0.307087 
vn -0.976378 -0.212598 0.0472441 
vn -0.889764 0.307087 -0.322835 
vn -0.291339 0.755906 -0.590551 
vn 0.559055 -0.740157 0.377953 
vn -0.606299 -0.716535 0.338583 
vn 0.19685 -0.417323 -0.889764 
vn 0.582677 -0.251969 -0.771654 
vn -0.307087 -0.299213 -0.905512 
vn -0.968504 -0.244094 0.023622 
vn 0.433071 -0.275591 -0.858268 
vn -0.448819 -0.244094 -0.858268 
vn -0.84252 -0.322835 -0.433071 
vn -0.220472 -0.732283 -0.645669 
vn -0.88189 0.385827 -0.259843 
vn -0.181102 0.795276 -0.582677 
vn -0.968504 -0.244094 0.023622 
vn 0.307087 -0.858268 0.417323 
vn -0.637795 -0.716535 0.267717 
vn -0.110236 0.874016 -0.472441 
vn 0.330709 -0.283465 -0.897638 
vn -0.992126 -0.0314961 0.110236 
vn -0.858268 0.409449 -0.314961 
vn -1 -0.0629921 0.0551181 
vn -0.992126 -0.015748 0.102362 
vn -0.779528 0 -0.622047 
vn -0.787402 0.0629921 -0.614173 
vn -0.992126 -0.0551181 0.0944882 
vn -0.685039 -0.23622 -0.685039 
vn -0.511811 -0.307087 -0.80315 
vn 0.173228 -0.11811 -0.976378 
vn -0.984252 -0.181102 0.0393701 
vn -0.818898 0.275591 -0.496063 
vn -0.92126 -0.291339 -0.251969 
vn -0.976378 -0.212598 -0.00787402 
vn -0.992126 -0.0551181 0.0944882 
vn -0.850394 -0.228346 0.472441 
vn -0.976378 -0.212598 -0.00787402 
vn -0.787402 -0.0393701 0.614173 
vn -0.212598 -0.251969 0.944882 
vn -0.905512 -0.338583 0.267717 
vn -0.425197 -0.377953 0.826772 
vn -0.700787 -0.338583 0.629921 
vn -0.992126 -0.0314961 0.110236 
vn -1 -0.0629921 0.0551181 
vn -0.692913 -0.133858 0.708661 
vn -0.992126 -0.015748 0.102362 
vn -0.724409 -0.023622 0.685039 
vn 0.692913 -0.11811 0.716535 
vn -0.92126 -0.204724 -0.330709 
vn -0.92126 -0.291339 -0.251969 
vn -0.952756 -0.228346 0.212598 
vn -0.92126 -0.204724 -0.322835 
vn -0.92126 -0.370079 0.0866142 
vn -0.84252 -0.322835 -0.433071 
vn -0.385827 -0.897638 -0.228346 
vn -0.220472 -0.732283 -0.645669 
vn -0.511811 -0.259843 0.818898 
vn -0.480315 -0.370079 0.795276 
vn 0.015748 -0.968504 0.244094 
vn 0.519685 -0.582677 0.622047 
vn 0.385827 -0.19685 0.905512 
vn 0.511811 -0.267717 0.818898 
vn 0.346457 -0.251969 0.905512 
vn -0.984252 -0.181102 0.0393701 
vn -0.629921 -0.622047 0.456693 
vn -0.0944882 0.84252 -0.527559 
vn -0.0393701 0.543307 -0.84252 
vn -0.0393701 0.0944882 -0.992126 
vn -0.0629921 0.133858 -0.992126 
vn 0.251969 -0.88189 0.393701 
vn 0.692913 0.165354 -0.700787 
vn 0.173228 -0.11811 0.976378 
vn 0.0551181 0.0551181 1 
vn 0.220472 -0.417323 0.88189 
vn 0.275591 -0.740157 0.614173 
vn 0.732283 0.141732 0.669291 
vn -0.0393701 0.0393701 1 
vn 0.850394 0 -0.527559 
vn 0.897638 -0.188976 -0.401575 
vn 0.96063 -0.149606 0.220472 
vn 0.740157 0.149606 -0.653543 
vn 0.984252 0.133858 0.141732 
vn 0.984252 -0.023622 0.149606 
vn 0.944882 -0.259843 -0.220472 
vn 0.708661 0.0944882 0.700787 
vn 0.905512 -0.181102 0.377953 
vn 0.811024 -0.251969 0.535433 
vn 0.929134 -0.338583 -0.173228 
vn -0.283465 -0.866142 -0.401575 
vn 0.582677 -0.76378 -0.283465 
vn -0.307087 -0.874016 -0.385827 
vn 0.606299 -0.708661 -0.370079 
vn -0.692913 0.606299 -0.385827 
vn -0.708661 -0.149606 -0.685039 
vn -0.724409 -0.125984 -0.677165 
vn 0.566929 -0.76378 -0.314961 
vn 0.976378 -0.19685 -0.0472441 
vn -0.724409 -0.125984 -0.677165 
vn -0.165354 -0.84252 -0.511811 
vn -0.15748 -0.866142 -0.472441 
vn 0.370079 -0.929134 -0.0629921 
vn 0.417323 -0.913386 -0.015748 
vn 0.716535 -0.574803 0.385827 
vn -0.748031 -0.204724 -0.629921 
vn -0.708661 -0.149606 -0.685039 
vn 0.716535 -0.574803 0.401575 
vn -0.11811 -0.913386 -0.393701 
vn -0.716535 -0.23622 -0.661417 
vn 0.976378 -0.188976 -0.102362 
vn -0.708661 -0.23622 -0.661417 
vn -0.645669 0.637795 -0.417323 
vn 0.897638 0.440945 0.0314961 
vn 0.976378 -0.19685 -0.0472441 
vn 0.897638 0.417323 0.149606 
vn 0.440945 -0.897638 0.0787402 
vn 0.724409 -0.574803 0.385827 
vn 0.76378 0 0.645669 
vn 0.716535 -0.574803 0.401575 
vn -0.377953 0.929134 0.00787402 
vn -0.724409 0.574803 -0.377953 
vn -0.874016 -0.417323 -0.23622 
vn -0.275591 -0.834646 -0.472441 
vn -0.874016 -0.417323 -0.23622 
vn 0.480315 -0.787402 -0.385827 
vn -0.858268 -0.425197 -0.283465 
vn -0.409449 0.858268 0.314961 
vn 0.984252 -0.173228 -0.015748 
vn -0.779528 0.527559 -0.330709 
vn 0.984252 -0.173228 -0.015748 
vn 0.874016 0.417323 0.244094 
vn 0.976378 -0.212598 -0.023622 
vn 0.425197 0.874016 0.251969 
vn 0.401575 0.84252 0.362205 
vn -0.204724 0.976378 0.0393701 
vn 0.330709 0.76378 0.551181 
vn -0.401575 0.913386 0.0787402 
vn 0.314961 0.748031 0.590551 
vn -0.748031 -0.204724 -0.629921 
vn -0.23622 -0.84252 -0.480315 
vn -0.645669 -0.204724 -0.740157 
vn -0.0944882 -0.732283 -0.677165 
vn 0.251969 -0.968504 -0.0708661 
vn 0.362205 -0.874016 -0.314961 
vn -0.377953 -0.015748 -0.929134 
vn 0.228346 -0.125984 -0.968504 
vn 0.645669 -0.622047 0.440945 
vn 0.897638 -0.417323 0.133858 
vn 0.700787 -0.606299 0.370079 
vn 0.795276 -0.228346 -0.559055 
vn 0.897638 -0.417323 0.133858 
vn 0.708661 0.0314961 0.700787 
vn 0.700787 -0.606299 0.370079 
vn 0.748031 0.0472441 0.661417 
vn 0.692913 0.0393701 0.724409 
vn 0.645669 -0.622047 0.440945 
vn -0.724409 0.566929 -0.401575 
vn -0.645669 -0.204724 -0.740157 
vn -0.322835 0.385827 -0.866142 
vn -0.377953 -0.015748 -0.929134 
vn 0.968504 -0.19685 0.133858 
vn -0.543307 0.606299 -0.582677 
vn -0.543307 0.606299 -0.574803 
vn 0.409449 -0.897638 0.15748 
vn 0.511811 -0.314961 -0.795276 
vn 0.299213 -0.929134 0.220472 
vn -0.645669 -0.519685 -0.551181 
vn 0.425197 -0.874016 0.220472 
vn -0.598425 -0.370079 -0.708661 
vn 0.511811 -0.314961 -0.795276 
vn 0.92126 0.338583 0.188976 
vn 0.299213 -0.929134 0.220472 
vn -0.606299 -0.385827 -0.692913 
vn 0.291339 0.692913 0.661417 
vn -0.393701 0.905512 0.165354 
vn 0.314961 0.645669 0.692913 
vn 0.858268 0.0472441 0.503937 
vn 0.858268 0.0472441 0.503937 
vn 0.968504 -0.19685 0.133858 
vn 0.385827 0.661417 0.645669 
vn 0.362205 0.913386 0.181102 
vn 0.866142 -0.425197 0.251969 
vn 0.866142 -0.425197 0.251969 
vn 0.811024 -0.165354 0.559055 
vn 0.173228 -0.692913 -0.700787 
vn 0.795276 -0.409449 0.440945 
vn 0.818898 -0.535433 0.188976 
vn 0.338583 -0.818898 -0.464567 
vn 0.811024 -0.110236 0.574803 
vn 0.818898 -0.464567 0.346457 
vn 0.795276 -0.409449 0.440945 
vn 0.984252 -0.0314961 0.181102 
vn 0.92126 -0.346457 -0.19685 
vn 0.858268 -0.488189 0.149606 
vn 0.913386 -0.385827 -0.125984 
vn 0.771654 -0.543307 0.330709 
vn 0.275591 0.952756 0.0866142 
vn 0.275591 0.952756 0.0866142 
vn 0.826772 0.472441 0.307087 
vn 0.937008 -0.0314961 0.354331 
vn 0.929134 0.370079 0.0629921 
vn 0.267717 0.897638 -0.346457 
vn 0.968504 0.23622 0 
vn 0.984252 -0.11811 0.149606 
vn 0.944882 -0.299213 0.15748 
vn 0.992126 0.11811 -0.0551181 
vn 0.818898 -0.535433 0.188976 
vn -0.488189 -0.267717 -0.834646 
vn -0.0708661 -0.511811 -0.858268 
vn 0.0787402 -0.913386 -0.401575 
vn 0.409449 -0.0472441 -0.913386 
vn 0.692913 -0.724409 -0.0551181 
vn 0.850394 -0.370079 0.377953 
vn 0.740157 -0.511811 0.433071 
vn 0.937008 -0.0314961 0.354331 
vn 0.818898 0.023622 0.574803 
vn 0.826772 0.472441 0.307087 
vn 0.740157 -0.511811 0.433071 
vn 0.850394 -0.370079 0.377953 
vn 0.787402 -0.0472441 0.622047 
vn -0.488189 -0.267717 -0.834646 
vn -0.511811 0.716535 -0.480315 
vn 0.976378 -0.188976 -0.102362 
vn 0.0472441 0.992126 0.110236 
vn 0.472441 0.692913 0.543307 
vn 0.409449 -0.0472441 -0.913386 
vn 0.645669 0.559055 0.519685 
vn 0.976378 -0.212598 -0.023622 
vn -0.811024 -0.220472 -0.543307 
vn -0.251969 -0.771654 -0.590551 
vn -0.858268 -0.425197 -0.291339 
vn -0.850394 -0.464567 -0.244094 
vn -0.96063 0.259843 0.102362 
vn -0.858268 -0.425197 -0.291339 
vn -0.307087 -0.850394 -0.425197 
vn -0.850394 -0.464567 -0.244094 
vn -0.952756 0.259843 0.173228 
vn -0.811024 -0.220472 -0.535433 
vn -0.929134 0.346457 -0.125984 
vn -0.874016 0.149606 -0.456693 
vn -0.291339 -0.023622 -0.952756 
vn 0.362205 -0.858268 -0.362205 
vn 0.448819 0.0472441 -0.889764 
vn -0.393701 0.76378 0.503937 
vn -0.858268 -0.425197 -0.283465 
vn -0.952756 0.291339 0.125984 
vn -0.401575 0.80315 0.440945 
vn 0.370079 0.755906 0.543307 
vn 0.370079 0.787402 0.496063 
vn -0.929134 0.346457 -0.125984 
vn -0.740157 -0.637795 -0.220472 
vn -0.590551 0.637795 -0.496063 
vn -0.716535 -0.669291 -0.212598 
vn 0.653543 -0.748031 -0.110236 
vn -0.732283 -0.653543 -0.181102 
vn -0.874016 0.149606 -0.456693 
vn -0.629921 0.779528 0.0393701 
vn -0.732283 -0.653543 -0.181102 
vn -0.637795 0.748031 -0.204724 
vn 0.708661 -0.700787 -0.0944882 
vn -0.740157 -0.637795 -0.220472 
vn -0.716535 -0.669291 -0.212598 
vn 0.102362 -0.370079 -0.92126 
vn 0.692913 0.629921 -0.354331 
vn 0.692913 0.708661 -0.0944882 
vn -0.582677 0.795276 0.181102 
vn -0.464567 0.826772 0.307087 
vn -0.448819 0.771654 0.448819 
vn 0.377953 0.84252 0.377953 
vn 0.385827 0.771654 0.503937 
vn 0.527559 0.826772 0.212598 
vn 0.653543 0.748031 0.102362 
vn 0.370079 -0.76378 -0.527559 
vn 0.937008 -0.354331 -0.015748 
vn 0.874016 0.346457 0.346457 
vn 0.937008 -0.354331 -0.015748 
vn 0.874016 0.377953 0.299213 
vn 0.952756 -0.299213 -0.0787402 
vn 0.929134 -0.015748 -0.377953 
vn 0.874016 0.377953 0.299213 
vn 0.952756 -0.299213 -0.0787402 
vn -0.0944882 0.755906 -0.645669 
vn -0.606299 -0.385827 -0.692913 
vn -0.0866142 0.889764 -0.448819 
vn -0.141732 0.952756 -0.275591 
vn -0.598425 -0.370079 -0.708661 
vn -0.653543 -0.519685 -0.551181 
vn 0.425197 -0.874016 0.220472 
vn 0.84252 0.409449 0.354331 
vn 0.102362 -0.370079 -0.92126 
vn 0.700787 -0.708661 -0.0708661 
vn 0.874016 0.299213 -0.393701 
vn -0.874016 0.149606 -0.456693 
vn 0.653543 -0.748031 -0.110236 
vn 0.874016 0.299213 -0.393701 
vn 0.700787 -0.708661 -0.0708661 
vn 0.708661 -0.700787 -0.0944882 
vn 0.653543 -0.748031 -0.110236 
vn 0.866142 0.299213 -0.385827 
vn 0.88189 0.472441 0.0393701 
vn 0.929134 -0.015748 -0.377953 
vn 0.88189 0.472441 0.0393701 
vn 0.488189 0.779528 -0.401575 
vn 0.653543 0.598425 -0.464567 
vn 1 -0.0393701 -0.0472441 
vn 0.874016 -0.448819 0.19685 
vn 0.834646 -0.519685 0.204724 
vn 0.866142 -0.417323 0.291339 
vn 0.889764 -0.212598 0.409449 
vn 0.732283 0.551181 -0.409449 
vn 0.771654 0.535433 -0.338583 
vn 0.708661 0.559055 -0.425197 
vn 0.755906 0.377953 -0.543307 
vn 0.811024 -0.220472 -0.543307 
vn 0.96063 -0.259843 -0.0787402 
vn 0.811024 0 0.582677 
vn 0.818898 -0.362205 0.448819 
vn 0.984252 0.165354 0.0866142 
vn -0.322835 0.385827 -0.866142 
vn -0.299213 0.944882 0.110236 
vn -0.251969 0.968504 -0.0393701 
vn 0.732283 0.511811 0.448819 
vn 0.409449 -0.897638 0.15748 
vn 0.566929 0.614173 0.551181 
vn -0.354331 0.92126 0.149606 
vn 0.992126 -0.11811 -0.015748 
vn 1 -0.0472441 -0.0393701 
vn 1 0.0708661 -0.0472441 
vn 0.976378 -0.228346 -0.023622 
vn 0.992126 0.141732 0.0551181 

vt 0.055603 0.866699 
vt 0.043396 0.878494 
vt 0.046402 0.880798 
vt 0.052505 0.864105 
vt 0.039703 0.875 
vt 0.049393 0.861206 
vt 0.712296 0.720795 
vt 0.723908 0.733002 
vt 0.726807 0.7285 
vt 0.708603 0.723495 
vt 0.058594 0.869202 
vt 0.050507 0.883102 
vt 0.064606 0.851395 
vt 0.0616 0.848694 
vt 0.066101 0.854797 
vt 0.689102 0.731094 
vt 0.7034 0.743301 
vt 0.704605 0.736801 
vt 0.059006 0.846695 
vt 0.698196 0.710907 
vt 0.694 0.712799 
vt 0.707398 0.728607 
vt 0.692902 0.720306 
vt 0.677795 0.692505 
vt 0.072998 0.835098 
vt 0.682404 0.688995 
vt 0.689407 0.742004 
vt 0.664902 0.701706 
vt 0.039703 0.8909 
vt 0.031403 0.895294 
vt 0.036301 0.888794 
vt 0.0271 0.891602 
vt 0.031494 0.885605 
vt 0.035995 0.898193 
vt 0.738998 0.732803 
vt 0.736404 0.738693 
vt 0.044495 0.893997 
vt 0.716599 0.749405 
vt 0.729202 0.752106 
vt 0.718399 0.744705 
vt 0.721802 0.736801 
vt 0.720306 0.740601 
vt 0.705795 0.732498 
vt 0.690308 0.725906 
vt 0.074402 0.825195 
vt 0.0802 0.832397 
vt 0.678299 0.682404 
vt 0.672104 0.685394 
vt 0.663803 0.686096 
vt 0.069305 0.853805 
vt 0.667099 0.692001 
vt 0.077896 0.818497 
vt 0.081696 0.815399 
vt 0.087204 0.816803 
vt 0.087906 0.833298 
vt 0.079498 0.8535 
vt 0.081696 0.799194 
vt 0.077103 0.801193 
vt 0.086395 0.799896 
vt 0.671204 0.667007 
vt 0.665207 0.669006 
vt 0.305206 0.952805 
vt 0.308502 0.942398 
vt 0.299896 0.945007 
vt 0.091507 0.800507 
vt 0.659302 0.6698 
vt 0.655304 0.688705 
vt 0.657394 0.690704 
vt 0.3125 0.949402 
vt 0.070206 0.8591 
vt 0.689407 0.742004 
vt 0.6828 0.732498 
vt 0.6857 0.736206 
vt 0.6828 0.732498 
vt 0.683395 0.740402 
vt 0.6857 0.736206 
vt 0.677795 0.735992 
vt 0.080994 0.866394 
vt 0.073303 0.863907 
vt 0.069 0.882996 
vt 0.679092 0.756195 
vt 0.680496 0.759293 
vt 0.671707 0.738296 
vt 0.662003 0.709106 
vt 0.3284 0.993805 
vt 0.329895 0.979202 
vt 0.324402 0.983902 
vt 0.334 0.986694 
vt 0.319 0.976898 
vt 0.326096 0.973694 
vt 0.333298 0.970398 
vt 0.323807 0.970306 
vt 0.339401 0.980194 
vt 0.080994 0.759796 
vt 0.075806 0.755203 
vt 0.074997 0.762695 
vt 0.662705 0.622208 
vt 0.655899 0.6194 
vt 0.656494 0.625397 
vt 0.660904 0.616501 
vt 0.075699 0.770004 
vt 0.657806 0.630707 
vt 0.665299 0.629303 
vt 0.080307 0.751007 
vt 0.085693 0.759598 
vt 0.0896 0.746704 
vt 0.081299 0.744995 
vt 0.081406 0.769806 
vt 0.0896 0.746704 
vt 0.082703 0.743103 
vt 0.081299 0.744995 
vt 0.650406 0.619095 
vt 0.655899 0.616592 
vt 0.647507 0.608093 
vt 0.653793 0.612305 
vt 0.650406 0.605896 
vt 0.6492 0.614593 
vt 0.644699 0.601303 
vt 0.650894 0.623199 
vt 0.643601 0.615295 
vt 0.089096 0.728104 
vt 0.086197 0.733597 
vt 0.090302 0.734405 
vt 0.643494 0.608307 
vt 0.084198 0.739502 
vt 0.089493 0.744507 
vt 0.082703 0.743103 
vt 0.643906 0.619995 
vt 0.081696 0.783203 
vt 0.076706 0.7836 
vt 0.666107 0.650299 
vt 0.658402 0.636795 
vt 0.660507 0.651703 
vt 0.0858 0.783203 
vt 0.653198 0.637405 
vt 0.656097 0.652893 
vt 0.664795 0.636505 
vt 0.652405 0.632095 
vt 0.651199 0.627304 
vt 0.644699 0.624298 
vt 0.6465 0.632797 
vt 0.651596 0.654007 
vt 0.090805 0.753296 
vt 0.086105 0.751205 
vt 0.085907 0.769196 
vt 0.638596 0.622406 
vt 0.645706 0.628296 
vt 0.0923 0.760193 
vt 0.0952 0.747406 
vt 0.091995 0.768906 
vt 0.639999 0.628006 
vt 0.089798 0.740494 
vt 0.639999 0.607101 
vt 0.638504 0.614395 
vt 0.638107 0.6194 
vt 0.641098 0.632904 
vt 0.654007 0.6716 
vt 0.335495 0.974594 
vt 0.319794 0.946106 
vt 0.316803 0.939499 
vt 0.091293 0.783798 
vt 0.648895 0.673202 
vt 0.647202 0.6548 
vt 0.648193 0.638504 
vt 0.643402 0.639801 
vt 0.636795 0.641495 
vt 0.391602 0.910202 
vt 0.024307 0.897201 
vt 0.013199 0.916 
vt 0.018204 0.913696 
vt 0.015396 0.910797 
vt 0.761398 0.752502 
vt 0.759003 0.754898 
vt 0.764008 0.758606 
vt 0.022797 0.9104 
vt 0.018997 0.906692 
vt 0.020706 0.904297 
vt 0.756393 0.748505 
vt 0.0215 0.902695 
vt 0.030808 0.904099 
vt 0.026703 0.901001 
vt 0.026794 0.908707 
vt 0.034897 0.906097 
vt 0.024796 0.909103 
vt 0.742096 0.741196 
vt 0.750595 0.737503 
vt 0.745606 0.735107 
vt 0.746307 0.743103 
vt 0.017395 0.899597 
vt 0.742905 0.747604 
vt 0.751205 0.745102 
vt 0.734406 0.743393 
vt 0.739197 0.745499 
vt 0.0215 0.902695 
vt 0.024796 0.909103 
vt 0.026794 0.908707 
vt 0.757599 0.758499 
vt 0.758194 0.761307 
vt 0.753296 0.752106 
vt 0.749497 0.750503 
vt 0.751099 0.756897 
vt 0.751801 0.761795 
vt 0.746903 0.756195 
vt 0.746857 0.7621 
vt 0.7435 0.7603 
vt 0.753296 0.746399 
vt 0.746002 0.748795 
vt 0.743607 0.754105 
vt 0.740494 0.751999 
vt 0.736603 0.75 
vt 0.738907 0.757004 
vt 0.040604 0.899399 
vt 0.732193 0.747604 
vt 0.734497 0.754593 
vt 0.735504 0.763794 
vt 0.028793 0.914001 
vt 0.730103 0.761002 
vt 0.726105 0.756195 
vt 0.674194 0.757507 
vt 0.684494 0.775207 
vt 0.402802 0.930603 
vt 0.404694 0.934097 
vt 0.330704 0.965897 
vt 0.407196 0.939102 
vt 0.426895 0.881195 
vt 0.388794 0.904907 
vt 0.444901 0.916397 
vt 0.447907 0.922195 
vt 0.460693 0.912796 
vt 0.443405 0.912796 
vt 0.393295 0.913406 
vt 0.431503 0.886597 
vt 0.615799 0.906692 
vt 0.599899 0.888 
vt 0.594696 0.905106 
vt 0.463898 0.921204 
vt 0.574402 0.887207 
vt 0.571396 0.897598 
vt 0.584396 0.916901 
vt 0.601807 0.925201 
vt 0.466095 0.910995 
vt 0.458801 0.906998 
vt 0.440308 0.869904 
vt 0.433594 0.890396 
vt 0.445404 0.875702 
vt 0.463898 0.9048 
vt 0.5522 0.884003 
vt 0.474503 0.916397 
vt 0.468308 0.910004 
vt 0.472 0.917603 
vt 0.482193 0.911697 
vt 0.497406 0.897903 
vt 0.479202 0.905106 
vt 0.498993 0.902603 
vt 0.539597 0.887299 
vt 0.550598 0.890198 
vt 0.539398 0.882202 
vt 0.469605 0.919693 
vt 0.470993 0.9086 
vt 0.547394 0.894806 
vt 0.537994 0.890305 
vt 0.492294 0.861999 
vt 0.534805 0.860001 
vt 0.533005 0.856399 
vt 0.492706 0.867798 
vt 0.536896 0.863602 
vt 0.5392 0.852707 
vt 0.542099 0.859299 
vt 0.456207 0.870605 
vt 0.460007 0.860794 
vt 0.453293 0.861496 
vt 0.460693 0.869598 
vt 0.471893 0.860397 
vt 0.472305 0.867996 
vt 0.537705 0.867905 
vt 0.562805 0.904999 
vt 0.536194 0.845596 
vt 0.552399 0.839706 
vt 0.5466 0.829803 
vt 0.568604 0.822205 
vt 0.560104 0.809601 
vt 0.576706 0.809601 
vt 0.564194 0.790604 
vt 0.556702 0.8479 
vt 0.576401 0.832901 
vt 0.587402 0.822006 
vt 0.599304 0.837097 
vt 0.559494 0.855896 
vt 0.544006 0.864197 
vt 0.583893 0.843903 
vt 0.447296 0.864899 
vt 0.452301 0.872696 
vt 0.466202 0.904007 
vt 0.469101 0.902603 
vt 0.496704 0.893097 
vt 0.4776 0.900101 
vt 0.447998 0.880707 
vt 0.477097 0.893997 
vt 0.462799 0.875503 
vt 0.473496 0.873001 
vt 0.458496 0.876297 
vt 0.4543 0.877899 
vt 0.474594 0.878601 
vt 0.493897 0.871506 
vt 0.539093 0.878006 
vt 0.550293 0.877808 
vt 0.546402 0.870697 
vt 0.496399 0.888397 
vt 0.495697 0.882202 
vt 0.538406 0.872498 
vt 0.570694 0.875503 
vt 0.494797 0.876007 
vt 0.563599 0.865799 
vt 0.591995 0.856094 
vt 0.641205 0.655594 
vt 0.077301 0.902893 
vt 0.083405 0.884903 
vt 0.078705 0.884796 
vt 0.085205 0.866394 
vt 0.632202 0.761505 
vt 0.628204 0.775696 
vt 0.634705 0.7668 
vt 0.082108 0.902695 
vt 0.087601 0.885803 
vt 0.113403 0.885605 
vt 0.123703 0.893295 
vt 0.117905 0.882797 
vt 0.127197 0.891006 
vt 0.121399 0.880402 
vt 0.131607 0.888107 
vt 0.124802 0.905807 
vt 0.1194 0.895599 
vt 0.125702 0.877808 
vt 0.113205 0.870499 
vt 0.107498 0.873703 
vt 0.089905 0.8703 
vt 0.643295 0.757797 
vt 0.639099 0.751907 
vt 0.659393 0.742798 
vt 0.660996 0.765594 
vt 0.664505 0.761505 
vt 0.114197 0.865295 
vt 0.6091 0.759994 
vt 0.618805 0.753204 
vt 0.615799 0.750198 
vt 0.626404 0.760406 
vt 0.624405 0.770996 
vt 0.072006 0.903198 
vt 0.076599 0.921295 
vt 0.690201 0.776794 
vt 0.080505 0.921097 
vt 0.694397 0.794006 
vt 0.679092 0.776001 
vt 0.086807 0.902893 
vt 0.617096 0.781296 
vt 0.667404 0.781494 
vt 0.670395 0.780197 
vt 0.085999 0.921295 
vt 0.669907 0.759201 
vt 0.675293 0.777206 
vt 0.635498 0.748505 
vt 0.622498 0.757904 
vt 0.619507 0.769302 
vt 0.615707 0.766602 
vt 0.621994 0.784897 
vt 0.129303 0.903702 
vt 0.128006 0.912399 
vt 0.132507 0.910507 
vt 0.132797 0.901199 
vt 0.136597 0.908203 
vt 0.131699 0.916397 
vt 0.136002 0.915802 
vt 0.137207 0.898407 
vt 0.142899 0.910004 
vt 0.140793 0.9039 
vt 0.140503 0.9142 
vt 0.593094 0.776794 
vt 0.600998 0.775604 
vt 0.596298 0.772095 
vt 0.611893 0.762604 
vt 0.604904 0.771393 
vt 0.600906 0.768295 
vt 0.6138 0.786697 
vt 0.619293 0.791107 
vt 0.136093 0.920898 
vt 0.615997 0.794403 
vt 0.143906 0.916794 
vt 0.132004 0.922699 
vt 0.611206 0.790405 
vt 0.143997 0.918793 
vt 0.149597 0.931503 
vt 0.147095 0.925507 
vt 0.145004 0.927094 
vt 0.145004 0.920898 
vt 0.138107 0.921906 
vt 0.590103 0.801895 
vt 0.593201 0.795502 
vt 0.589798 0.794693 
vt 0.141007 0.923798 
vt 0.609207 0.774506 
vt 0.613205 0.777801 
vt 0.606201 0.777801 
vt 0.147797 0.912796 
vt 0.597702 0.779602 
vt 0.594406 0.784103 
vt 0.603394 0.781403 
vt 0.665695 0.740997 
vt 0.094803 0.817505 
vt 0.645294 0.689102 
vt 0.648804 0.692902 
vt 0.089294 0.854996 
vt 0.653503 0.697098 
vt 0.103394 0.832199 
vt 0.094803 0.837997 
vt 0.643997 0.702805 
vt 0.313904 0.955002 
vt 0.305695 0.959503 
vt 0.317505 0.9599 
vt 0.633499 0.634003 
vt 0.632706 0.627899 
vt 0.643494 0.671905 
vt 0.322098 0.950699 
vt 0.317093 0.974396 
vt 0.660996 0.710205 
vt 0.313995 0.969498 
vt 0.310593 0.964798 
vt 0.320694 0.964905 
vt 0.655106 0.738403 
vt 0.327499 0.960297 
vt 0.324295 0.9552 
vt 0.395096 0.916702 
vt 0.398193 0.922394 
vt 0.635193 0.703293 
vt 0.102203 0.861893 
vt 0.097198 0.856094 
vt 0.106705 0.858505 
vt 0.094193 0.863296 
vt 0.107193 0.849503 
vt 0.110794 0.848694 
vt 0.117401 0.8629 
vt 0.655304 0.703506 
vt 0.639298 0.726395 
vt 0.656998 0.708099 
vt 0.626404 0.736603 
vt 0.635498 0.722794 
vt 0.629395 0.740005 
vt 0.652802 0.750107 
vt 0.647003 0.743301 
vt 0.656693 0.749802 
vt 0.644608 0.736999 
vt 0.632706 0.744293 
vt 0.654999 0.741104 
vt 0.642105 0.730804 
vt 0.671494 0.799301 
vt 0.070999 0.955002 
vt 0.076202 0.949203 
vt 0.069702 0.948303 
vt 0.700897 0.810806 
vt 0.697403 0.819397 
vt 0.703705 0.817993 
vt 0.075897 0.939499 
vt 0.070297 0.940094 
vt 0.694794 0.812897 
vt 0.705399 0.823807 
vt 0.698898 0.824097 
vt 0.072205 0.960693 
vt 0.075607 0.957199 
vt 0.080307 0.939194 
vt 0.081299 0.957596 
vt 0.689896 0.814804 
vt 0.070801 0.921707 
vt 0.688904 0.794296 
vt 0.684601 0.795196 
vt 0.684708 0.816101 
vt 0.679993 0.796493 
vt 0.066803 0.960098 
vt 0.702698 0.835495 
vt 0.699799 0.842499 
vt 0.703507 0.842499 
vt 0.078995 0.964401 
vt 0.072403 0.962906 
vt 0.701004 0.829102 
vt 0.695496 0.832107 
vt 0.701996 0.831604 
vt 0.697403 0.836304 
vt 0.078003 0.967194 
vt 0.072403 0.966095 
vt 0.072006 0.972107 
vt 0.701096 0.849304 
vt 0.696304 0.843903 
vt 0.692398 0.838592 
vt 0.694397 0.828201 
vt 0.6931 0.824493 
vt 0.691895 0.820206 
vt 0.687607 0.825897 
vt 0.686096 0.821396 
vt 0.6884 0.830307 
vt 0.689301 0.834305 
vt 0.080994 0.948395 
vt 0.085297 0.939407 
vt 0.679596 0.817001 
vt 0.673203 0.817596 
vt 0.6754 0.798294 
vt 0.086807 0.946198 
vt 0.086197 0.956802 
vt 0.680695 0.823105 
vt 0.673996 0.824295 
vt 0.595795 0.797806 
vt 0.602203 0.797806 
vt 0.599701 0.793793 
vt 0.602493 0.790894 
vt 0.606003 0.795807 
vt 0.597107 0.800903 
vt 0.591904 0.7892 
vt 0.5961 0.790695 
vt 0.073105 0.978104 
vt 0.076202 0.972702 
vt 0.080505 0.962601 
vt 0.072205 0.960693 
vt 0.078995 0.964401 
vt 0.080505 0.962601 
vt 0.694107 0.847198 
vt 0.688904 0.842895 
vt 0.684601 0.838592 
vt 0.683197 0.834106 
vt 0.682297 0.828293 
vt 0.6763 0.830994 
vt 0.0849 0.9664 
vt 0.400696 0.9272 
vt 0.440796 0.9077 
vt 0.437805 0.900803 
vt 0.435303 0.894607 
vt 0.449799 0.885696 
vt 0.456406 0.883606 
vt 0.460495 0.882797 
vt 0.455505 0.901093 
vt 0.461395 0.898102 
vt 0.463806 0.897507 
vt 0.467606 0.895904 
vt 0.621597 0.881393 
vt 0.598801 0.870407 
vt 0.464294 0.881103 
vt 0.611298 0.850403 
vt 0.4758 0.885498 
vt 0.6082 0.794098 
vt 0.6073 0.785095 
vt 0.605194 0.787704 
vt 0.598602 0.787201 
vt 0.592804 0.786194 
vt 0.600906 0.784302 
vt 0.610199 0.781906 
vt 0.451706 0.891403 
vt 0.458099 0.889297 
vt 0.462006 0.888702 
vt 0.6203 0.865707 
vt 0.4655 0.8871 

usemtl Tail1Mtl

f 4426/4426/4426 4427/4427/4427 4420/4420/4420 
f 4420/4420/4420 4419/4419/4419 4426/4426/4426 
f 4427/4427/4427 4426/4426/4426 4457/4457/4457 
f 4426/4426/4426 4461/4461/4461 4457/4457/4457 
f 4514/4514/4514 4537/4537/4537 4538/4538/4538 
f 4419/4419/4419 4454/4454/4454 4426/4426/4426 
f 4461/4461/4461 4426/4426/4426 4454/4454/4454 
f 4451/4451/4451 4452/4452/4452 4419/4419/4419 
f 4454/4454/4454 4419/4419/4419 4452/4452/4452 
f 4452/4452/4452 4451/4451/4451 4574/4574/4574 
f 4565/4565/4565 4452/4452/4452 4574/4574/4574 
f 4452/4452/4452 4565/4565/4565 4564/4564/4564 
f 4564/4564/4564 4454/4454/4454 4452/4452/4452 
f 4560/4560/4560 4564/4564/4564 4565/4565/4565 
f 4571/4571/4571 4461/4461/4461 4454/4454/4454 
f 4454/4454/4454 4564/4564/4564 4571/4571/4571 
f 4461/4461/4461 4571/4571/4571 4603/4603/4603 
f 4564/4564/4564 4560/4560/4560 4559/4559/4559 
f 4559/4559/4559 4571/4571/4571 4564/4564/4564 
f 4558/4558/4558 4559/4559/4559 4560/4560/4560 
f 4602/4602/4602 4603/4603/4603 4571/4571/4571 
f 4571/4571/4571 4559/4559/4559 4602/4602/4602 
f 4603/4603/4603 4602/4602/4602 4607/4607/4607 
f 4602/4602/4602 4608/4608/4608 4607/4607/4607 
f 4559/4559/4559 4558/4558/4558 4570/4570/4570 
f 4559/4559/4559 4572/4572/4572 4602/4602/4602 
f 4608/4608/4608 4602/4602/4602 4572/4572/4572 
f 4572/4572/4572 4559/4559/4559 4570/4570/4570 
f 4621/4621/4621 4608/4608/4608 4572/4572/4572 
f 4608/4608/4608 4621/4621/4621 4631/4631/4631 
f 4572/4572/4572 4569/4569/4569 4621/4621/4621 
f 4569/4569/4569 4572/4572/4572 4570/4570/4570 
f 4558/4558/4558 4569/4569/4569 4570/4570/4570 
f 4569/4569/4569 4558/4558/4558 4579/4579/4579 
f 4583/4583/4583 4569/4569/4569 4584/4584/4584 
f 4584/4584/4584 4589/4589/4589 4583/4583/4583 
f 4589/4589/4589 4584/4584/4584 4590/4590/4590 
f 4591/4591/4591 4589/4589/4589 4590/4590/4590 
f 4589/4589/4589 4591/4591/4591 4620/4620/4620 
f 4619/4619/4619 4620/4620/4620 4591/4591/4591 
f 4104/4104/4104 4105/4105/4105 4106/4106/4106 
f 4106/4106/4106 4114/4114/4114 4104/4104/4104 
f 4114/4114/4114 4106/4106/4106 4115/4115/4115 
f 4118/4118/4118 4104/4104/4104 4114/4114/4114 
f 4106/4106/4106 4140/4140/4140 4115/4115/4115 
f 4140/4140/4140 4106/4106/4106 4132/4132/4132 
f 4105/4105/4105 4132/4132/4132 4106/4106/4106 
f 4137/4137/4137 4140/4140/4140 4132/4132/4132 
f 4140/4140/4140 4137/4137/4137 4315/4315/4315 
f 4137/4137/4137 4286/4286/4286 4315/4315/4315 
f 4132/4132/4132 4133/4133/4133 4137/4137/4137 
f 4286/4286/4286 4137/4137/4137 4283/4283/4283 
f 4133/4133/4133 4283/4283/4283 4137/4137/4137 
f 4285/4285/4285 4286/4286/4286 4283/4283/4283 
f 4286/4286/4286 4285/4285/4285 4319/4319/4319 
f 4283/4283/4283 4282/4282/4282 4285/4285/4285 
f 4282/4282/4282 4283/4283/4283 4284/4284/4284 
f 4283/4283/4283 4133/4133/4133 4284/4284/4284 
f 4271/4271/4271 4282/4282/4282 4284/4284/4284 
f 4133/4133/4133 4271/4271/4271 4284/4284/4284 
f 4282/4282/4282 4271/4271/4271 4292/4292/4292 
f 4271/4271/4271 4133/4133/4133 4135/4135/4135 
f 4287/4287/4287 4282/4282/4282 4280/4280/4280 
f 4280/4280/4280 4278/4278/4278 4287/4287/4287 
f 4278/4278/4278 4280/4280/4280 4279/4279/4279 
f 4274/4274/4274 4278/4278/4278 4279/4279/4279 
f 4278/4278/4278 4274/4274/4274 4273/4273/4273 
f 4272/4272/4272 4273/4273/4273 4274/4274/4274 
f 4134/4134/4134 4135/4135/4135 4133/4133/4133 
f 4135/4135/4135 4134/4134/4134 4136/4136/4136 
f 4133/4133/4133 4132/4132/4132 4134/4134/4134 
f 4134/4134/4134 4108/4108/4108 4136/4136/4136 
f 4132/4132/4132 4105/4105/4105 4134/4134/4134 
f 4108/4108/4108 4134/4134/4134 4105/4105/4105 
f 4107/4107/4107 4108/4108/4108 4105/4105/4105 
f 4108/4108/4108 4107/4107/4107 4109/4109/4109 
f 4105/4105/4105 4104/4104/4104 4107/4107/4107 
f 4117/4117/4117 4109/4109/4109 4107/4107/4107 
f 4109/4109/4109 4117/4117/4117 4122/4122/4122 
f 4116/4116/4116 4107/4107/4107 4104/4104/4104 
f 4107/4107/4107 4116/4116/4116 4117/4117/4117 
f 4104/4104/4104 4118/4118/4118 4116/4116/4116 
f 4128/4128/4128 4122/4122/4122 4117/4117/4117 
f 4116/4116/4116 4128/4128/4128 4117/4117/4117 
f 4122/4122/4122 4128/4128/4128 4148/4148/4148 
f 4153/4153/4153 4116/4116/4116 4118/4118/4118 
f 4116/4116/4116 4153/4153/4153 4128/4128/4128 
f 4173/4173/4173 4153/4153/4153 4118/4118/4118 
f 4159/4159/4159 4128/4128/4128 4153/4153/4153 
f 4153/4153/4153 4173/4173/4173 4159/4159/4159 
f 4128/4128/4128 4149/4149/4149 4148/4148/4148 
f 4128/4128/4128 4159/4159/4159 4149/4149/4149 
f 4149/4149/4149 4155/4155/4155 4148/4148/4148 
f 4173/4173/4173 4181/4181/4181 4159/4159/4159 
f 4181/4181/4181 4173/4173/4173 4182/4182/4182 
f 4183/4183/4183 4181/4181/4181 4182/4182/4182 
f 4181/4181/4181 4183/4183/4183 4421/4421/4421 
f 4451/4451/4451 4421/4421/4421 4183/4183/4183 
f 4422/4422/4422 4159/4159/4159 4181/4181/4181 
f 4421/4421/4421 4422/4422/4422 4181/4181/4181 
f 4159/4159/4159 4422/4422/4422 4514/4514/4514 
f 4514/4514/4514 4149/4149/4149 4159/4159/4159 
f 4422/4422/4422 4421/4421/4421 4420/4420/4420 
f 4439/4439/4439 4514/4514/4514 4422/4422/4422 
f 4420/4420/4420 4439/4439/4439 4422/4422/4422 
f 4514/4514/4514 4439/4439/4439 4540/4540/4540 
f 4439/4439/4439 4420/4420/4420 4427/4427/4427 
f 4537/4537/4537 4514/4514/4514 4540/4540/4540 
f 4419/4419/4419 4420/4420/4420 4421/4421/4421 
f 4421/4421/4421 4451/4451/4451 4419/4419/4419 
f 4157/4157/4157 4149/4149/4149 4158/4158/4158 
f 4149/4149/4149 4514/4514/4514 4158/4158/4158 
f 4158/4158/4158 4516/4516/4516 4157/4157/4157 
f 4511/4511/4511 4157/4157/4157 4516/4516/4516 
f 4514/4514/4514 4517/4517/4517 4158/4158/4158 
f 4516/4516/4516 4158/4158/4158 4517/4517/4517 
f 4517/4517/4517 4514/4514/4514 4538/4538/4538 
f 4537/4537/4537 4517/4517/4517 4538/4538/4538 
f 4541/4541/4541 4516/4516/4516 4517/4517/4517 
f 4517/4517/4517 4537/4537/4537 4539/4539/4539 
f 4517/4517/4517 4539/4539/4539 4541/4541/4541 
f 4438/4438/4438 4539/4539/4539 4537/4537/4537 
f 4516/4516/4516 4541/4541/4541 4542/4542/4542 
f 4539/4539/4539 4438/4438/4438 4437/4437/4437 
f 4437/4437/4437 4541/4541/4541 4539/4539/4539 
f 4428/4428/4428 4437/4437/4437 4438/4438/4438 
f 4445/4445/4445 4542/4542/4542 4541/4541/4541 
f 4541/4541/4541 4437/4437/4437 4445/4445/4445 
f 4542/4542/4542 4445/4445/4445 4543/4543/4543 
f 4437/4437/4437 4428/4428/4428 4430/4430/4430 
f 4430/4430/4430 4445/4445/4445 4437/4437/4437 
f 4432/4432/4432 4543/4543/4543 4445/4445/4445 
f 4445/4445/4445 4430/4430/4430 4432/4432/4432 
f 4543/4543/4543 4432/4432/4432 4436/4436/4436 
f 4432/4432/4432 4433/4433/4433 4436/4436/4436 
f 4430/4430/4430 4431/4431/4431 4432/4432/4432 
f 4433/4433/4433 4432/4432/4432 4431/4431/4431 
f 4428/4428/4428 4429/4429/4429 4430/4430/4430 
f 4431/4431/4431 4430/4430/4430 4429/4429/4429 
f 4429/4429/4429 4428/4428/4428 4435/4435/4435 
f 4434/4434/4434 4429/4429/4429 4435/4435/4435 
f 4429/4429/4429 4434/4434/4434 4469/4469/4469 
f 4469/4469/4469 4431/4431/4431 4429/4429/4429 
f 4470/4470/4470 4469/4469/4469 4434/4434/4434 
f 4472/4472/4472 4433/4433/4433 4431/4431/4431 
f 4431/4431/4431 4469/4469/4469 4472/4472/4472 
f 4433/4433/4433 4472/4472/4472 4476/4476/4476 
f 4469/4469/4469 4470/4470/4470 4471/4471/4471 
f 4471/4471/4471 4472/4472/4472 4469/4469/4469 
f 4474/4474/4474 4471/4471/4471 4470/4470/4470 
f 4473/4473/4473 4476/4476/4476 4472/4472/4472 
f 4472/4472/4472 4471/4471/4471 4473/4473/4473 
f 4476/4476/4476 4473/4473/4473 4478/4478/4478 
f 4473/4473/4473 4477/4477/4477 4478/4478/4478 
f 4471/4471/4471 4474/4474/4474 4475/4475/4475 
f 4471/4471/4471 4479/4479/4479 4473/4473/4473 
f 4477/4477/4477 4473/4473/4473 4479/4479/4479 
f 4479/4479/4479 4471/4471/4471 4475/4475/4475 
f 4490/4490/4490 4477/4477/4477 4479/4479/4479 
f 4477/4477/4477 4490/4490/4490 4506/4506/4506 
f 4488/4488/4488 4479/4479/4479 4475/4475/4475 
f 4474/4474/4474 4488/4488/4488 4475/4475/4475 
f 4479/4479/4479 4488/4488/4488 4490/4490/4490 
f 4488/4488/4488 4474/4474/4474 4491/4491/4491 
f 4488/4488/4488 4493/4493/4493 4490/4490/4490 
f 4493/4493/4493 4488/4488/4488 4498/4498/4498 
f 4498/4498/4498 4497/4497/4497 4493/4493/4493 
f 4497/4497/4497 4498/4498/4498 4502/4502/4502 
f 4496/4496/4496 4497/4497/4497 4502/4502/4502 
f 4497/4497/4497 4496/4496/4496 4495/4495/4495 
f 4494/4494/4494 4495/4495/4495 4496/4496/4496 
f 4155/4155/4155 4149/4149/4149 4156/4156/4156 
f 4160/4160/4160 4155/4155/4155 4156/4156/4156 
f 4155/4155/4155 4160/4160/4160 4161/4161/4161 
f 4149/4149/4149 4157/4157/4157 4156/4156/4156 
f 4156/4156/4156 4162/4162/4162 4160/4160/4160 
f 4162/4162/4162 4156/4156/4156 4157/4157/4157 
f 4232/4232/4232 4161/4161/4161 4160/4160/4160 
f 4161/4161/4161 4232/4232/4232 4233/4233/4233 
f 4232/4232/4232 4204/4204/4204 4233/4233/4233 
f 4160/4160/4160 4237/4237/4237 4232/4232/4232 
f 4237/4237/4237 4160/4160/4160 4162/4162/4162 
f 4204/4204/4204 4232/4232/4232 4211/4211/4211 
f 4237/4237/4237 4211/4211/4211 4232/4232/4232 
f 4197/4197/4197 4204/4204/4204 4211/4211/4211 
f 4204/4204/4204 4197/4197/4197 4199/4199/4199 
f 4197/4197/4197 4198/4198/4198 4199/4199/4199 
f 4198/4198/4198 4197/4197/4197 4207/4207/4207 
f 4162/4162/4162 4264/4264/4264 4237/4237/4237 
f 4264/4264/4264 4162/4162/4162 4168/4168/4168 
f 4157/4157/4157 4168/4168/4168 4162/4162/4162 
f 4168/4168/4168 4157/4157/4157 4511/4511/4511 
f 4264/4264/4264 4248/4248/4248 4237/4237/4237 
f 4211/4211/4211 4237/4237/4237 4248/4248/4248 
f 4248/4248/4248 4264/4264/4264 4253/4253/4253 
f 4251/4251/4251 4248/4248/4248 4253/4253/4253 
f 4208/4208/4208 4211/4211/4211 4248/4248/4248 
f 4248/4248/4248 4251/4251/4251 4208/4208/4208 
f 4211/4211/4211 4208/4208/4208 4197/4197/4197 
f 4208/4208/4208 4207/4207/4207 4197/4197/4197 
f 4246/4246/4246 4208/4208/4208 4251/4251/4251 
f 4207/4207/4207 4208/4208/4208 4247/4247/4247 
f 4208/4208/4208 4246/4246/4246 4247/4247/4247 
f 4209/4209/4209 4207/4207/4207 4247/4247/4247 
f 4246/4246/4246 4209/4209/4209 4247/4247/4247 
f 4207/4207/4207 4209/4209/4209 4210/4210/4210 
f 4209/4209/4209 4246/4246/4246 4252/4252/4252 
f 4230/4230/4230 4209/4209/4209 4229/4229/4229 
f 4229/4229/4229 4228/4228/4228 4230/4230/4230 
f 4228/4228/4228 4229/4229/4229 4255/4255/4255 
f 4226/4226/4226 4228/4228/4228 4255/4255/4255 
f 4228/4228/4228 4226/4226/4226 4225/4225/4225 
f 4224/4224/4224 4225/4225/4225 4226/4226/4226 
f 4174/4174/4174 4175/4175/4175 4176/4176/4176 
f 4499/4499/4499 4500/4500/4500 4501/4501/4501 
f 4500/4500/4500 4617/4617/4617 4501/4501/4501 
f 4499/4499/4499 4611/4611/4611 4500/4500/4500 
f 4616/4616/4616 4611/4611/4611 4499/4499/4499 
f 4612/4612/4612 4611/4611/4611 4616/4616/4616 
f 4613/4613/4613 4500/4500/4500 4611/4611/4611 
f 4611/4611/4611 4612/4612/4612 4613/4613/4613 
f 4617/4617/4617 4500/4500/4500 4618/4618/4618 
f 4500/4500/4500 4613/4613/4613 4618/4618/4618 
f 4612/4612/4612 4614/4614/4614 4613/4613/4613 
f 4614/4614/4614 4618/4618/4618 4613/4613/4613 
f 4614/4614/4614 4612/4612/4612 4615/4615/4615 
f 4651/4651/4651 4617/4617/4617 4618/4618/4618 
f 4618/4618/4618 4614/4614/4614 4651/4651/4651 
f 4617/4617/4617 4651/4651/4651 4652/4652/4652 
f 4648/4648/4648 4614/4614/4614 4615/4615/4615 
f 4651/4651/4651 4508/4508/4508 4652/4652/4652 
f 4508/4508/4508 4651/4651/4651 4653/4653/4653 
f 4614/4614/4614 4653/4653/4653 4651/4651/4651 
f 4509/4509/4509 4508/4508/4508 4653/4653/4653 
f 4614/4614/4614 4648/4648/4648 4650/4650/4650 
f 4653/4653/4653 4614/4614/4614 4650/4650/4650 
f 4650/4650/4650 4509/4509/4509 4653/4653/4653 
f 4648/4648/4648 4649/4649/4649 4650/4650/4650 
f 4509/4509/4509 4650/4650/4650 4649/4649/4649 
f 4215/4215/4215 4201/4201/4201 4216/4216/4216 
f 4218/4218/4218 4215/4215/4215 4216/4216/4216 
f 4201/4201/4201 4215/4215/4215 4222/4222/4222 
f 4242/4242/4242 4201/4201/4201 4222/4222/4222 
f 4215/4215/4215 4218/4218/4218 4220/4220/4220 
f 4243/4243/4243 4242/4242/4242 4222/4222/4222 
f 4242/4242/4242 4243/4243/4243 4250/4250/4250 
f 4249/4249/4249 4250/4250/4250 4243/4243/4243 
f 4222/4222/4222 4231/4231/4231 4243/4243/4243 
f 4231/4231/4231 4249/4249/4249 4243/4243/4243 
f 4231/4231/4231 4222/4222/4222 4215/4215/4215 
f 4220/4220/4220 4231/4231/4231 4215/4215/4215 
f 4249/4249/4249 4231/4231/4231 4258/4258/4258 
f 4231/4231/4231 4257/4257/4257 4258/4258/4258 
f 4231/4231/4231 4220/4220/4220 4223/4223/4223 
f 4257/4257/4257 4231/4231/4231 4223/4223/4223 
f 4218/4218/4218 4217/4217/4217 4220/4220/4220 
f 4217/4217/4217 4223/4223/4223 4220/4220/4220 
f 4217/4217/4217 4218/4218/4218 4219/4219/4219 
f 4221/4221/4221 4217/4217/4217 4219/4219/4219 
f 4223/4223/4223 4217/4217/4217 4227/4227/4227 
f 4221/4221/4221 4227/4227/4227 4217/4217/4217 
f 4227/4227/4227 4257/4257/4257 4223/4223/4223 
f 4256/4256/4256 4227/4227/4227 4221/4221/4221 
f 4257/4257/4257 4227/4227/4227 4256/4256/4256 
f 4165/4165/4165 4166/4166/4166 4167/4167/4167 
f 4166/4166/4166 4165/4165/4165 4172/4172/4172 
f 4165/4165/4165 4519/4519/4519 4172/4172/4172 
f 4519/4519/4519 4165/4165/4165 4520/4520/4520 
f 4262/4262/4262 4166/4166/4166 4172/4172/4172 
f 4166/4166/4166 4262/4262/4262 4263/4263/4263 
f 4525/4525/4525 4172/4172/4172 4519/4519/4519 
f 4172/4172/4172 4525/4525/4525 4262/4262/4262 
f 4520/4520/4520 4521/4521/4521 4519/4519/4519 
f 4521/4521/4521 4525/4525/4525 4519/4519/4519 
f 4521/4521/4521 4520/4520/4520 4529/4529/4529 
f 4270/4270/4270 4263/4263/4263 4262/4262/4262 
f 4525/4525/4525 4270/4270/4270 4262/4262/4262 
f 4263/4263/4263 4270/4270/4270 4329/4329/4329 
f 4270/4270/4270 4328/4328/4328 4329/4329/4329 
f 4528/4528/4528 4521/4521/4521 4529/4529/4529 
f 4328/4328/4328 4270/4270/4270 4335/4335/4335 
f 4335/4335/4335 4346/4346/4346 4328/4328/4328 
f 4270/4270/4270 4525/4525/4525 4334/4334/4334 
f 4334/4334/4334 4335/4335/4335 4270/4270/4270 
f 4521/4521/4521 4528/4528/4528 4530/4530/4530 
f 4526/4526/4526 4530/4530/4530 4528/4528/4528 
f 4525/4525/4525 4521/4521/4521 4533/4533/4533 
f 4525/4525/4525 4534/4534/4534 4334/4334/4334 
f 4534/4534/4534 4525/4525/4525 4533/4533/4533 
f 4335/4335/4335 4334/4334/4334 4347/4347/4347 
f 4534/4534/4534 4347/4347/4347 4334/4334/4334 
f 4346/4346/4346 4335/4335/4335 4348/4348/4348 
f 4347/4347/4347 4348/4348/4348 4335/4335/4335 
f 4348/4348/4348 4394/4394/4394 4346/4346/4346 
f 4521/4521/4521 4532/4532/4532 4533/4533/4533 
f 4532/4532/4532 4521/4521/4521 4530/4530/4530 
f 4533/4533/4533 4535/4535/4535 4534/4534/4534 
f 4535/4535/4535 4533/4533/4533 4532/4532/4532 
f 4634/4634/4634 4534/4534/4534 4535/4535/4535 
f 4532/4532/4532 4632/4632/4632 4535/4535/4535 
f 4632/4632/4632 4634/4634/4634 4535/4535/4535 
f 4530/4530/4530 4326/4326/4326 4532/4532/4532 
f 4632/4632/4632 4532/4532/4532 4326/4326/4326 
f 4326/4326/4326 4530/4530/4530 4195/4195/4195 
f 4530/4530/4530 4526/4526/4526 4195/4195/4195 
f 4326/4326/4326 4324/4324/4324 4632/4632/4632 
f 4526/4526/4526 4193/4193/4193 4195/4195/4195 
f 4193/4193/4193 4526/4526/4526 4192/4192/4192 
f 4195/4195/4195 4194/4194/4194 4326/4326/4326 
f 4194/4194/4194 4195/4195/4195 4193/4193/4193 
f 4324/4324/4324 4326/4326/4326 4194/4194/4194 
f 4192/4192/4192 4189/4189/4189 4193/4193/4193 
f 4189/4189/4189 4194/4194/4194 4193/4193/4193 
f 4189/4189/4189 4192/4192/4192 4190/4190/4190 
f 4188/4188/4188 4189/4189/4189 4190/4190/4190 
f 4189/4189/4189 4188/4188/4188 4191/4191/4191 
f 4196/4196/4196 4189/4189/4189 4191/4191/4191 
f 4194/4194/4194 4189/4189/4189 4261/4261/4261 
f 4189/4189/4189 4196/4196/4196 4261/4261/4261 
f 4261/4261/4261 4324/4324/4324 4194/4194/4194 
f 4196/4196/4196 4325/4325/4325 4261/4261/4261 
f 4324/4324/4324 4261/4261/4261 4325/4325/4325 
f 4325/4325/4325 4196/4196/4196 4327/4327/4327 
f 4327/4327/4327 4330/4330/4330 4325/4325/4325 
f 4330/4330/4330 4324/4324/4324 4325/4325/4325 
f 4330/4330/4330 4327/4327/4327 4331/4331/4331 
f 4324/4324/4324 4330/4330/4330 4333/4333/4333 
f 4331/4331/4331 4332/4332/4332 4330/4330/4330 
f 4332/4332/4332 4333/4333/4333 4330/4330/4330 
f 4333/4333/4333 4632/4632/4632 4324/4324/4324 
f 4332/4332/4332 4331/4331/4331 4339/4339/4339 
f 4361/4361/4361 4332/4332/4332 4339/4339/4339 
f 4632/4632/4632 4333/4333/4333 4633/4633/4633 
f 4634/4634/4634 4632/4632/4632 4633/4633/4633 
f 4333/4333/4333 4332/4332/4332 4345/4345/4345 
f 4345/4345/4345 4633/4633/4633 4333/4333/4333 
f 4332/4332/4332 4361/4361/4361 4344/4344/4344 
f 4344/4344/4344 4345/4345/4345 4332/4332/4332 
f 4361/4361/4361 4352/4352/4352 4344/4344/4344 
f 4352/4352/4352 4361/4361/4361 4353/4353/4353 
f 4345/4345/4345 4344/4344/4344 4349/4349/4349 
f 4352/4352/4352 4349/4349/4349 4344/4344/4344 
f 4351/4351/4351 4352/4352/4352 4353/4353/4353 
f 4349/4349/4349 4639/4639/4639 4345/4345/4345 
f 4633/4633/4633 4345/4345/4345 4639/4639/4639 
f 4639/4639/4639 4634/4634/4634 4633/4633/4633 
f 4639/4639/4639 4349/4349/4349 4640/4640/4640 
f 4634/4634/4634 4639/4639/4639 4655/4655/4655 
f 4640/4640/4640 4655/4655/4655 4639/4639/4639 
f 4655/4655/4655 4635/4635/4635 4634/4634/4634 
f 4534/4534/4534 4634/4634/4634 4635/4635/4635 
f 4347/4347/4347 4534/4534/4534 4635/4635/4635 
f 4635/4635/4635 4655/4655/4655 4636/4636/4636 
f 4636/4636/4636 4347/4347/4347 4635/4635/4635 
f 4655/4655/4655 4640/4640/4640 4656/4656/4656 
f 4656/4656/4656 4636/4636/4636 4655/4655/4655 
f 4396/4396/4396 4640/4640/4640 4349/4349/4349 
f 4349/4349/4349 4352/4352/4352 4396/4396/4396 
f 4110/4110/4110 4111/4111/4111 4112/4112/4112 
f 4111/4111/4111 4138/4138/4138 4112/4112/4112 
f 4111/4111/4111 4110/4110/4110 4113/4113/4113 
f 4123/4123/4123 4113/4113/4113 4110/4110/4110 
f 4138/4138/4138 4111/4111/4111 4139/4139/4139 
f 4113/4113/4113 4144/4144/4144 4111/4111/4111 
f 4144/4144/4144 4139/4139/4139 4111/4111/4111 
f 4288/4288/4288 4138/4138/4138 4139/4139/4139 
f 4138/4138/4138 4288/4288/4288 4290/4290/4290 
f 4288/4288/4288 4289/4289/4289 4290/4290/4290 
f 4289/4289/4289 4288/4288/4288 4291/4291/4291 
f 4295/4295/4295 4288/4288/4288 4139/4139/4139 
f 4139/4139/4139 4144/4144/4144 4295/4295/4295 
f 4288/4288/4288 4293/4293/4293 4291/4291/4291 
f 4293/4293/4293 4294/4294/4294 4291/4291/4291 
f 4288/4288/4288 4295/4295/4295 4296/4296/4296 
f 4293/4293/4293 4288/4288/4288 4296/4296/4296 
f 4144/4144/4144 4316/4316/4316 4295/4295/4295 
f 4316/4316/4316 4296/4296/4296 4295/4295/4295 
f 4296/4296/4296 4312/4312/4312 4293/4293/4293 
f 4294/4294/4294 4293/4293/4293 4310/4310/4310 
f 4312/4312/4312 4310/4310/4310 4293/4293/4293 
f 4303/4303/4303 4294/4294/4294 4310/4310/4310 
f 4294/4294/4294 4303/4303/4303 4309/4309/4309 
f 4303/4303/4303 4281/4281/4281 4309/4309/4309 
f 4311/4311/4311 4303/4303/4303 4310/4310/4310 
f 4310/4310/4310 4312/4312/4312 4311/4311/4311 
f 4281/4281/4281 4303/4303/4303 4302/4302/4302 
f 4312/4312/4312 4308/4308/4308 4311/4311/4311 
f 4276/4276/4276 4281/4281/4281 4302/4302/4302 
f 4281/4281/4281 4276/4276/4276 4275/4275/4275 
f 4275/4275/4275 4276/4276/4276 4277/4277/4277 
f 4277/4277/4277 4276/4276/4276 4300/4300/4300 
f 4302/4302/4302 4300/4300/4300 4276/4276/4276 
f 4277/4277/4277 4300/4300/4300 4301/4301/4301 
f 4300/4300/4300 4305/4305/4305 4301/4301/4301 
f 4300/4300/4300 4302/4302/4302 4304/4304/4304 
f 4305/4305/4305 4300/4300/4300 4304/4304/4304 
f 4303/4303/4303 4304/4304/4304 4302/4302/4302 
f 4306/4306/4306 4305/4305/4305 4304/4304/4304 
f 4304/4304/4304 4303/4303/4303 4306/4306/4306 
f 4303/4303/4303 4311/4311/4311 4306/4306/4306 
f 4308/4308/4308 4306/4306/4306 4311/4311/4311 
f 4305/4305/4305 4306/4306/4306 4307/4307/4307 
f 4306/4306/4306 4308/4308/4308 4307/4307/4307 
f 4212/4212/4212 4213/4213/4213 4214/4214/4214 
f 4654/4654/4654 4503/4503/4503 4505/4505/4505 
f 4509/4509/4509 4654/4654/4654 4505/4505/4505 
f 4508/4508/4508 4509/4509/4509 4507/4507/4507 
f 4503/4503/4503 4654/4654/4654 4504/4504/4504 
f 4466/4466/4466 4503/4503/4503 4504/4504/4504 
f 4654/4654/4654 4509/4509/4509 4649/4649/4649 
f 4466/4466/4466 4423/4423/4423 4449/4449/4449 
f 4486/4486/4486 4504/4504/4504 4654/4654/4654 
f 4649/4649/4649 4486/4486/4486 4654/4654/4654 
f 4458/4458/4458 4466/4466/4466 4504/4504/4504 
f 4504/4504/4504 4486/4486/4486 4458/4458/4458 
f 4466/4466/4466 4458/4458/4458 4450/4450/4450 
f 4423/4423/4423 4466/4466/4466 4450/4450/4450 
f 4458/4458/4458 4424/4424/4424 4450/4450/4450 
f 4424/4424/4424 4423/4423/4423 4450/4450/4450 
f 4424/4424/4424 4458/4458/4458 4468/4468/4468 
f 4486/4486/4486 4468/4468/4468 4458/4458/4458 
f 4423/4423/4423 4424/4424/4424 4425/4425/4425 
f 4468/4468/4468 4486/4486/4486 4487/4487/4487 
f 4486/4486/4486 4489/4489/4489 4487/4487/4487 
f 4489/4489/4489 4486/4486/4486 4492/4492/4492 
f 4486/4486/4486 4649/4649/4649 4492/4492/4492 
f 4440/4440/4440 4423/4423/4423 4425/4425/4425 
f 4649/4649/4649 4648/4648/4648 4492/4492/4492 
f 4423/4423/4423 4440/4440/4440 4441/4441/4441 
f 4441/4441/4441 4449/4449/4449 4423/4423/4423 
f 4550/4550/4550 4441/4441/4441 4440/4440/4440 
f 4449/4449/4449 4441/4441/4441 4464/4464/4464 
f 4551/4551/4551 4464/4464/4464 4441/4441/4441 
f 4441/4441/4441 4550/4550/4550 4551/4551/4551 
f 4464/4464/4464 4551/4551/4551 4553/4553/4553 
f 4550/4550/4550 4531/4531/4531 4551/4551/4551 
f 4531/4531/4531 4553/4553/4553 4551/4551/4551 
f 4531/4531/4531 4550/4550/4550 4555/4555/4555 
f 4553/4553/4553 4531/4531/4531 4527/4527/4527 
f 4552/4552/4552 4531/4531/4531 4555/4555/4555 
f 4531/4531/4531 4510/4510/4510 4527/4527/4527 
f 4531/4531/4531 4552/4552/4552 4442/4442/4442 
f 4510/4510/4510 4531/4531/4531 4442/4442/4442 
f 4443/4443/4443 4442/4442/4442 4552/4552/4552 
f 4510/4510/4510 4187/4187/4187 4527/4527/4527 
f 4442/4442/4442 4443/4443/4443 4444/4444/4444 
f 4444/4444/4444 4510/4510/4510 4442/4442/4442 
f 4459/4459/4459 4444/4444/4444 4443/4443/4443 
f 4187/4187/4187 4510/4510/4510 4186/4186/4186 
f 4444/4444/4444 4459/4459/4459 4460/4460/4460 
f 4186/4186/4186 4177/4177/4177 4187/4187/4187 
f 4510/4510/4510 4444/4444/4444 4462/4462/4462 
f 4462/4462/4462 4186/4186/4186 4510/4510/4510 
f 4460/4460/4460 4462/4462/4462 4444/4444/4444 
f 4557/4557/4557 4460/4460/4460 4459/4459/4459 
f 4186/4186/4186 4462/4462/4462 4322/4322/4322 
f 4460/4460/4460 4557/4557/4557 4606/4606/4606 
f 4177/4177/4177 4186/4186/4186 4180/4180/4180 
f 4322/4322/4322 4180/4180/4180 4186/4186/4186 
f 4178/4178/4178 4177/4177/4177 4180/4180/4180 
f 4177/4177/4177 4178/4178/4178 4179/4179/4179 
f 4184/4184/4184 4178/4178/4178 4180/4180/4180 
f 4180/4180/4180 4322/4322/4322 4184/4184/4184 
f 4178/4178/4178 4184/4184/4184 4185/4185/4185 
f 4557/4557/4557 4604/4604/4604 4606/4606/4606 
f 4604/4604/4604 4557/4557/4557 4605/4605/4605 
f 4578/4578/4578 4460/4460/4460 4606/4606/4606 
f 4604/4604/4604 4578/4578/4578 4606/4606/4606 
f 4323/4323/4323 4185/4185/4185 4184/4184/4184 
f 4185/4185/4185 4323/4323/4323 4453/4453/4453 
f 4323/4323/4323 4455/4455/4455 4453/4453/4453 
f 4184/4184/4184 4456/4456/4456 4323/4323/4323 
f 4456/4456/4456 4184/4184/4184 4322/4322/4322 
f 4455/4455/4455 4323/4323/4323 4575/4575/4575 
f 4576/4576/4576 4323/4323/4323 4456/4456/4456 
f 4323/4323/4323 4576/4576/4576 4575/4575/4575 
f 4566/4566/4566 4455/4455/4455 4575/4575/4575 
f 4576/4576/4576 4566/4566/4566 4575/4575/4575 
f 4455/4455/4455 4566/4566/4566 4561/4561/4561 
f 4456/4456/4456 4578/4578/4578 4576/4576/4576 
f 4322/4322/4322 4463/4463/4463 4456/4456/4456 
f 4578/4578/4578 4456/4456/4456 4463/4463/4463 
f 4463/4463/4463 4322/4322/4322 4462/4462/4462 
f 4462/4462/4462 4460/4460/4460 4463/4463/4463 
f 4460/4460/4460 4578/4578/4578 4463/4463/4463 
f 4562/4562/4562 4561/4561/4561 4566/4566/4566 
f 4561/4561/4561 4562/4562/4562 4563/4563/4563 
f 4562/4562/4562 4567/4567/4567 4563/4563/4563 
f 4567/4567/4567 4562/4562/4562 4568/4568/4568 
f 4573/4573/4573 4562/4562/4562 4566/4566/4566 
f 4566/4566/4566 4576/4576/4576 4573/4573/4573 
f 4577/4577/4577 4576/4576/4576 4578/4578/4578 
f 4576/4576/4576 4577/4577/4577 4573/4573/4573 
f 4578/4578/4578 4604/4604/4604 4577/4577/4577 
f 4562/4562/4562 4596/4596/4596 4568/4568/4568 
f 4562/4562/4562 4573/4573/4573 4597/4597/4597 
f 4577/4577/4577 4597/4597/4597 4573/4573/4573 
f 4596/4596/4596 4562/4562/4562 4597/4597/4597 
f 4596/4596/4596 4585/4585/4585 4568/4568/4568 
f 4597/4597/4597 4577/4577/4577 4599/4599/4599 
f 4604/4604/4604 4599/4599/4599 4577/4577/4577 
f 4597/4597/4597 4598/4598/4598 4596/4596/4596 
f 4598/4598/4598 4597/4597/4597 4599/4599/4599 
f 4585/4585/4585 4596/4596/4596 4595/4595/4595 
f 4598/4598/4598 4595/4595/4595 4596/4596/4596 
f 4586/4586/4586 4585/4585/4585 4595/4595/4595 
f 4585/4585/4585 4586/4586/4586 4587/4587/4587 
f 4595/4595/4595 4598/4598/4598 4600/4600/4600 
f 4600/4600/4600 4586/4586/4586 4595/4595/4595 
f 4599/4599/4599 4629/4629/4629 4598/4598/4598 
f 4598/4598/4598 4628/4628/4628 4600/4600/4600 
f 4628/4628/4628 4598/4598/4598 4629/4629/4629 
f 4629/4629/4629 4599/4599/4599 4609/4609/4609 
f 4599/4599/4599 4604/4604/4604 4609/4609/4609 
f 4609/4609/4609 4630/4630/4630 4629/4629/4629 
f 4605/4605/4605 4609/4609/4609 4604/4604/4604 
f 4630/4630/4630 4609/4609/4609 4610/4610/4610 
f 4609/4609/4609 4605/4605/4605 4610/4610/4610 
f 4628/4628/4628 4601/4601/4601 4600/4600/4600 
f 4601/4601/4601 4628/4628/4628 4627/4627/4627 
f 4586/4586/4586 4600/4600/4600 4601/4601/4601 
f 4626/4626/4626 4601/4601/4601 4627/4627/4627 
f 4586/4586/4586 4580/4580/4580 4587/4587/4587 
f 4601/4601/4601 4626/4626/4626 4594/4594/4594 
f 4594/4594/4594 4586/4586/4586 4601/4601/4601 
f 4626/4626/4626 4593/4593/4593 4594/4594/4594 
f 4593/4593/4593 4626/4626/4626 4625/4625/4625 
f 4586/4586/4586 4594/4594/4594 4588/4588/4588 
f 4593/4593/4593 4588/4588/4588 4594/4594/4594 
f 4580/4580/4580 4586/4586/4586 4588/4588/4588 
f 4592/4592/4592 4593/4593/4593 4625/4625/4625 
f 4581/4581/4581 4580/4580/4580 4588/4588/4588 
f 4588/4588/4588 4593/4593/4593 4581/4581/4581 
f 4592/4592/4592 4581/4581/4581 4593/4593/4593 
f 4580/4580/4580 4581/4581/4581 4582/4582/4582 
f 4582/4582/4582 4581/4581/4581 4592/4592/4592 
f 4622/4622/4622 4623/4623/4623 4624/4624/4624 
f 4297/4297/4297 4298/4298/4298 4299/4299/4299 
f 4127/4127/4127 4123/4123/4123 4129/4129/4129 
f 4150/4150/4150 4127/4127/4127 4129/4129/4129 
f 4127/4127/4127 4152/4152/4152 4154/4154/4154 
f 4127/4127/4127 4150/4150/4150 4151/4151/4151 
f 4152/4152/4152 4127/4127/4127 4151/4151/4151 
f 4163/4163/4163 4151/4151/4151 4150/4150/4150 
f 4152/4152/4152 4171/4171/4171 4154/4154/4154 
f 4151/4151/4151 4163/4163/4163 4164/4164/4164 
f 4164/4164/4164 4152/4152/4152 4151/4151/4151 
f 4234/4234/4234 4164/4164/4164 4163/4163/4163 
f 4171/4171/4171 4152/4152/4152 4170/4170/4170 
f 4170/4170/4170 4515/4515/4515 4171/4171/4171 
f 4152/4152/4152 4164/4164/4164 4169/4169/4169 
f 4169/4169/4169 4170/4170/4170 4152/4152/4152 
f 4164/4164/4164 4234/4234/4234 4236/4236/4236 
f 4236/4236/4236 4169/4169/4169 4164/4164/4164 
f 4234/4234/4234 4235/4235/4235 4236/4236/4236 
f 4235/4235/4235 4234/4234/4234 4240/4240/4240 
f 4169/4169/4169 4236/4236/4236 4239/4239/4239 
f 4238/4238/4238 4236/4236/4236 4235/4235/4235 
f 4236/4236/4236 4238/4238/4238 4239/4239/4239 
f 4240/4240/4240 4205/4205/4205 4235/4235/4235 
f 4205/4205/4205 4240/4240/4240 4206/4206/4206 
f 4200/4200/4200 4205/4205/4205 4206/4206/4206 
f 4241/4241/4241 4235/4235/4235 4205/4205/4205 
f 4235/4235/4235 4241/4241/4241 4238/4238/4238 
f 4205/4205/4205 4200/4200/4200 4202/4202/4202 
f 4202/4202/4202 4241/4241/4241 4205/4205/4205 
f 4200/4200/4200 4201/4201/4201 4202/4202/4202 
f 4201/4201/4201 4200/4200/4200 4203/4203/4203 
f 4241/4241/4241 4202/4202/4202 4242/4242/4242 
f 4201/4201/4201 4242/4242/4242 4202/4202/4202 
f 4244/4244/4244 4238/4238/4238 4241/4241/4241 
f 4242/4242/4242 4244/4244/4244 4241/4241/4241 
f 4238/4238/4238 4244/4244/4244 4267/4267/4267 
f 4245/4245/4245 4238/4238/4238 4267/4267/4267 
f 4238/4238/4238 4245/4245/4245 4239/4239/4239 
f 4259/4259/4259 4267/4267/4267 4244/4244/4244 
f 4244/4244/4244 4242/4242/4242 4250/4250/4250 
f 4250/4250/4250 4259/4259/4259 4244/4244/4244 
f 4259/4259/4259 4250/4250/4250 4254/4254/4254 
f 4250/4250/4250 4249/4249/4249 4254/4254/4254 
f 4523/4523/4523 4259/4259/4259 4254/4254/4254 
f 4259/4259/4259 4523/4523/4523 4522/4522/4522 
f 4269/4269/4269 4259/4259/4259 4522/4522/4522 
f 4267/4267/4267 4259/4259/4259 4268/4268/4268 
f 4259/4259/4259 4269/4269/4269 4268/4268/4268 
f 4268/4268/4268 4245/4245/4245 4267/4267/4267 
f 4269/4269/4269 4266/4266/4266 4268/4268/4268 
f 4245/4245/4245 4268/4268/4268 4266/4266/4266 
f 4266/4266/4266 4269/4269/4269 4418/4418/4418 
f 4524/4524/4524 4266/4266/4266 4418/4418/4418 
f 4266/4266/4266 4524/4524/4524 4265/4265/4265 
f 4265/4265/4265 4245/4245/4245 4266/4266/4266 
f 4512/4512/4512 4265/4265/4265 4524/4524/4524 
f 4245/4245/4245 4265/4265/4265 4260/4260/4260 
f 4265/4265/4265 4512/4512/4512 4513/4513/4513 
f 4260/4260/4260 4239/4239/4239 4245/4245/4245 
f 4513/4513/4513 4260/4260/4260 4265/4265/4265 
f 4239/4239/4239 4260/4260/4260 4169/4169/4169 
f 4170/4170/4170 4169/4169/4169 4260/4260/4260 
f 4260/4260/4260 4513/4513/4513 4170/4170/4170 
f 4536/4536/4536 4513/4513/4513 4512/4512/4512 
f 4515/4515/4515 4170/4170/4170 4513/4513/4513 
f 4515/4515/4515 4513/4513/4513 4518/4518/4518 
f 4513/4513/4513 4536/4536/4536 4518/4518/4518 
f 4518/4518/4518 4544/4544/4544 4515/4515/4515 
f 4536/4536/4536 4545/4545/4545 4518/4518/4518 
f 4544/4544/4544 4518/4518/4518 4545/4545/4545 
f 4545/4545/4545 4536/4536/4536 4548/4548/4548 
f 4545/4545/4545 4546/4546/4546 4544/4544/4544 
f 4547/4547/4547 4545/4545/4545 4548/4548/4548 
f 4546/4546/4546 4545/4545/4545 4556/4556/4556 
f 4545/4545/4545 4547/4547/4547 4549/4549/4549 
f 4549/4549/4549 4556/4556/4556 4545/4545/4545 
f 4448/4448/4448 4549/4549/4549 4547/4547/4547 
f 4556/4556/4556 4527/4527/4527 4546/4546/4546 
f 4549/4549/4549 4448/4448/4448 4447/4447/4447 
f 4446/4446/4446 4447/4447/4447 4448/4448/4448 
f 4556/4556/4556 4549/4549/4549 4554/4554/4554 
f 4447/4447/4447 4554/4554/4554 4549/4549/4549 
f 4447/4447/4447 4446/4446/4446 4483/4483/4483 
f 4554/4554/4554 4553/4553/4553 4556/4556/4556 
f 4527/4527/4527 4556/4556/4556 4553/4553/4553 
f 4554/4554/4554 4447/4447/4447 4465/4465/4465 
f 4446/4446/4446 4484/4484/4484 4483/4483/4483 
f 4467/4467/4467 4447/4447/4447 4483/4483/4483 
f 4447/4447/4447 4467/4467/4467 4465/4465/4465 
f 4484/4484/4484 4467/4467/4467 4483/4483/4483 
f 4484/4484/4484 4446/4446/4446 4485/4485/4485 
f 4465/4465/4465 4464/4464/4464 4554/4554/4554 
f 4553/4553/4553 4554/4554/4554 4464/4464/4464 
f 4467/4467/4467 4449/4449/4449 4465/4465/4465 
f 4464/4464/4464 4465/4465/4465 4449/4449/4449 
f 4485/4485/4485 4481/4481/4481 4484/4484/4484 
f 4481/4481/4481 4485/4485/4485 4482/4482/4482 
f 4480/4480/4480 4481/4481/4481 4482/4482/4482 
f 4481/4481/4481 4480/4480/4480 4507/4507/4507 
f 4505/4505/4505 4484/4484/4484 4481/4481/4481 
f 4507/4507/4507 4505/4505/4505 4481/4481/4481 
f 4484/4484/4484 4505/4505/4505 4503/4503/4503 
f 4467/4467/4467 4484/4484/4484 4503/4503/4503 
f 4505/4505/4505 4507/4507/4507 4509/4509/4509 
f 4503/4503/4503 4466/4466/4466 4467/4467/4467 
f 4449/4449/4449 4467/4467/4467 4466/4466/4466 
f 4308/4308/4308 4312/4312/4312 4314/4314/4314 
f 4313/4313/4313 4314/4314/4314 4312/4312/4312 
f 4312/4312/4312 4296/4296/4296 4313/4313/4313 
f 4296/4296/4296 4316/4316/4316 4313/4313/4313 
f 4314/4314/4314 4313/4313/4313 4317/4317/4317 
f 4317/4317/4317 4318/4318/4318 4314/4314/4314 
f 4318/4318/4318 4317/4317/4317 4320/4320/4320 
f 4317/4317/4317 4321/4321/4321 4320/4320/4320 
f 4313/4313/4313 4142/4142/4142 4317/4317/4317 
f 4321/4321/4321 4317/4317/4317 4142/4142/4142 
f 4142/4142/4142 4313/4313/4313 4316/4316/4316 
f 4142/4142/4142 4141/4141/4141 4321/4321/4321 
f 4316/4316/4316 4143/4143/4143 4142/4142/4142 
f 4141/4141/4141 4142/4142/4142 4143/4143/4143 
f 4143/4143/4143 4316/4316/4316 4145/4145/4145 
f 4316/4316/4316 4144/4144/4144 4145/4145/4145 
f 4121/4121/4121 4141/4141/4141 4143/4143/4143 
f 4141/4141/4141 4121/4121/4121 4120/4120/4120 
f 4146/4146/4146 4143/4143/4143 4145/4145/4145 
f 4143/4143/4143 4146/4146/4146 4121/4121/4121 
f 4125/4125/4125 4145/4145/4145 4144/4144/4144 
f 4145/4145/4145 4125/4125/4125 4146/4146/4146 
f 4144/4144/4144 4113/4113/4113 4125/4125/4125 
f 4119/4119/4119 4120/4120/4120 4121/4121/4121 
f 4120/4120/4120 4119/4119/4119 4130/4130/4130 
f 4177/4177/4177 4130/4130/4130 4119/4119/4119 
f 4121/4121/4121 4147/4147/4147 4119/4119/4119 
f 4147/4147/4147 4121/4121/4121 4146/4146/4146 
f 4147/4147/4147 4177/4177/4177 4119/4119/4119 
f 4124/4124/4124 4125/4125/4125 4113/4113/4113 
f 4126/4126/4126 4146/4146/4146 4125/4125/4125 
f 4146/4146/4146 4126/4126/4126 4147/4147/4147 
f 4125/4125/4125 4124/4124/4124 4126/4126/4126 
f 4113/4113/4113 4123/4123/4123 4124/4124/4124 
f 4124/4124/4124 4131/4131/4131 4126/4126/4126 
f 4131/4131/4131 4124/4124/4124 4154/4154/4154 
f 4187/4187/4187 4126/4126/4126 4131/4131/4131 
f 4126/4126/4126 4187/4187/4187 4147/4147/4147 
f 4177/4177/4177 4147/4147/4147 4187/4187/4187 
f 4123/4123/4123 4127/4127/4127 4124/4124/4124 
f 4154/4154/4154 4124/4124/4124 4127/4127/4127 
f 4641/4641/4641 4656/4656/4656 4640/4640/4640 
f 4640/4640/4640 4396/4396/4396 4641/4641/4641 
f 4347/4347/4347 4636/4636/4636 4400/4400/4400 
f 4348/4348/4348 4347/4347/4347 4400/4400/4400 
f 4636/4636/4636 4656/4656/4656 4637/4637/4637 
f 4637/4637/4637 4400/4400/4400 4636/4636/4636 
f 4656/4656/4656 4641/4641/4641 4657/4657/4657 
f 4657/4657/4657 4637/4637/4637 4656/4656/4656 
f 4400/4400/4400 4395/4395/4395 4348/4348/4348 
f 4394/4394/4394 4348/4348/4348 4395/4395/4395 
f 4400/4400/4400 4637/4637/4637 4405/4405/4405 
f 4395/4395/4395 4400/4400/4400 4405/4405/4405 
f 4637/4637/4637 4657/4657/4657 4638/4638/4638 
f 4638/4638/4638 4405/4405/4405 4637/4637/4637 
f 4372/4372/4372 4394/4394/4394 4395/4395/4395 
f 4394/4394/4394 4372/4372/4372 4374/4374/4374 
f 4404/4404/4404 4395/4395/4395 4405/4405/4405 
f 4405/4405/4405 4638/4638/4638 4404/4404/4404 
f 4395/4395/4395 4404/4404/4404 4372/4372/4372 
f 4372/4372/4372 4373/4373/4373 4374/4374/4374 
f 4638/4638/4638 4402/4402/4402 4404/4404/4404 
f 4402/4402/4402 4372/4372/4372 4404/4404/4404 
f 4373/4373/4373 4372/4372/4372 4375/4375/4375 
f 4372/4372/4372 4402/4402/4402 4375/4375/4375 
f 4375/4375/4375 4376/4376/4376 4373/4373/4373 
f 4376/4376/4376 4375/4375/4375 4377/4377/4377 
f 4402/4402/4402 4377/4377/4377 4375/4375/4375 
f 4377/4377/4377 4365/4365/4365 4376/4376/4376 
f 4402/4402/4402 4638/4638/4638 4645/4645/4645 
f 4377/4377/4377 4402/4402/4402 4403/4403/4403 
f 4645/4645/4645 4403/4403/4403 4402/4402/4402 
f 4403/4403/4403 4368/4368/4368 4377/4377/4377 
f 4365/4365/4365 4377/4377/4377 4368/4368/4368 
f 4403/4403/4403 4645/4645/4645 4406/4406/4406 
f 4366/4366/4366 4365/4365/4365 4368/4368/4368 
f 4365/4365/4365 4366/4366/4366 4367/4367/4367 
f 4368/4368/4368 4403/4403/4403 4407/4407/4407 
f 4406/4406/4406 4407/4407/4407 4403/4403/4403 
f 4368/4368/4368 4369/4369/4369 4366/4366/4366 
f 4369/4369/4369 4368/4368/4368 4407/4407/4407 
f 4370/4370/4370 4367/4367/4367 4366/4366/4366 
f 4367/4367/4367 4370/4370/4370 4380/4380/4380 
f 4371/4371/4371 4366/4366/4366 4369/4369/4369 
f 4366/4366/4366 4371/4371/4371 4370/4370/4370 
f 4415/4415/4415 4369/4369/4369 4407/4407/4407 
f 4407/4407/4407 4406/4406/4406 4415/4415/4415 
f 4369/4369/4369 4415/4415/4415 4378/4378/4378 
f 4378/4378/4378 4371/4371/4371 4369/4369/4369 
f 4406/4406/4406 4412/4412/4412 4415/4415/4415 
f 4415/4415/4415 4413/4413/4413 4378/4378/4378 
f 4413/4413/4413 4415/4415/4415 4412/4412/4412 
f 4413/4413/4413 4392/4392/4392 4378/4378/4378 
f 4371/4371/4371 4378/4378/4378 4392/4392/4392 
f 4392/4392/4392 4413/4413/4413 4410/4410/4410 
f 4391/4391/4391 4371/4371/4371 4392/4392/4392 
f 4412/4412/4412 4408/4408/4408 4413/4413/4413 
f 4408/4408/4408 4410/4410/4410 4413/4413/4413 
f 4412/4412/4412 4406/4406/4406 4647/4647/4647 
f 4645/4645/4645 4647/4647/4647 4406/4406/4406 
f 4408/4408/4408 4412/4412/4412 4411/4411/4411 
f 4647/4647/4647 4645/4645/4645 4659/4659/4659 
f 4638/4638/4638 4659/4659/4659 4645/4645/4645 
f 4659/4659/4659 4638/4638/4638 4657/4657/4657 
f 4401/4401/4401 4412/4412/4412 4647/4647/4647 
f 4659/4659/4659 4401/4401/4401 4647/4647/4647 
f 4412/4412/4412 4401/4401/4401 4411/4411/4411 
f 4657/4657/4657 4642/4642/4642 4659/4659/4659 
f 4401/4401/4401 4659/4659/4659 4642/4642/4642 
f 4642/4642/4642 4657/4657/4657 4641/4641/4641 
f 4401/4401/4401 4398/4398/4398 4411/4411/4411 
f 4398/4398/4398 4408/4408/4408 4411/4411/4411 
f 4642/4642/4642 4399/4399/4399 4401/4401/4401 
f 4398/4398/4398 4401/4401/4401 4399/4399/4399 
f 4641/4641/4641 4397/4397/4397 4642/4642/4642 
f 4399/4399/4399 4642/4642/4642 4397/4397/4397 
f 4397/4397/4397 4641/4641/4641 4396/4396/4396 
f 4356/4356/4356 4398/4398/4398 4399/4399/4399 
f 4397/4397/4397 4356/4356/4356 4399/4399/4399 
f 4396/4396/4396 4362/4362/4362 4397/4397/4397 
f 4356/4356/4356 4397/4397/4397 4362/4362/4362 
f 4362/4362/4362 4396/4396/4396 4352/4352/4352 
f 4352/4352/4352 4351/4351/4351 4362/4362/4362 
f 4351/4351/4351 4356/4356/4356 4362/4362/4362 
f 4356/4356/4356 4351/4351/4351 4354/4354/4354 
f 4354/4354/4354 4355/4355/4355 4356/4356/4356 
f 4398/4398/4398 4356/4356/4356 4355/4355/4355 
f 4355/4355/4355 4354/4354/4354 4357/4357/4357 
f 4355/4355/4355 4360/4360/4360 4398/4398/4398 
f 4408/4408/4408 4398/4398/4398 4360/4360/4360 
f 4357/4357/4357 4358/4358/4358 4355/4355/4355 
f 4360/4360/4360 4355/4355/4355 4358/4358/4358 
f 4358/4358/4358 4357/4357/4357 4364/4364/4364 
f 4363/4363/4363 4358/4358/4358 4364/4364/4364 
f 4358/4358/4358 4363/4363/4363 4359/4359/4359 
f 4359/4359/4359 4360/4360/4360 4358/4358/4358 
f 4379/4379/4379 4359/4359/4359 4363/4363/4363 
f 4360/4360/4360 4409/4409/4409 4408/4408/4408 
f 4410/4410/4410 4408/4408/4408 4409/4409/4409 
f 4360/4360/4360 4359/4359/4359 4350/4350/4350 
f 4409/4409/4409 4360/4360/4360 4350/4350/4350 
f 4359/4359/4359 4379/4379/4379 4341/4341/4341 
f 4341/4341/4341 4350/4350/4350 4359/4359/4359 
f 4342/4342/4342 4341/4341/4341 4379/4379/4379 
f 4340/4340/4340 4409/4409/4409 4350/4350/4350 
f 4350/4350/4350 4341/4341/4341 4340/4340/4340 
f 4341/4341/4341 4342/4342/4342 4338/4338/4338 
f 4338/4338/4338 4340/4340/4340 4341/4341/4341 
f 4343/4343/4343 4338/4338/4338 4342/4342/4342 
f 4338/4338/4338 4343/4343/4343 4336/4336/4336 
f 4336/4336/4336 4337/4337/4337 4338/4338/4338 
f 4340/4340/4340 4338/4338/4338 4337/4337/4337 
f 4337/4337/4337 4336/4336/4336 4643/4643/4643 
f 4658/4658/4658 4337/4337/4337 4643/4643/4643 
f 4337/4337/4337 4658/4658/4658 4644/4644/4644 
f 4644/4644/4644 4340/4340/4340 4337/4337/4337 
f 4646/4646/4646 4644/4644/4644 4658/4658/4658 
f 4409/4409/4409 4340/4340/4340 4414/4414/4414 
f 4340/4340/4340 4644/4644/4644 4414/4414/4414 
f 4414/4414/4414 4410/4410/4410 4409/4409/4409 
f 4644/4644/4644 4646/4646/4646 4417/4417/4417 
f 4417/4417/4417 4414/4414/4414 4644/4644/4644 
f 4390/4390/4390 4417/4417/4417 4646/4646/4646 
f 4410/4410/4410 4414/4414/4414 4416/4416/4416 
f 4414/4414/4414 4417/4417/4417 4416/4416/4416 
f 4416/4416/4416 4392/4392/4392 4410/4410/4410 
f 4392/4392/4392 4416/4416/4416 4391/4391/4391 
f 4393/4393/4393 4416/4416/4416 4417/4417/4417 
f 4417/4417/4417 4390/4390/4390 4393/4393/4393 
f 4416/4416/4416 4393/4393/4393 4391/4391/4391 
f 4390/4390/4390 4388/4388/4388 4393/4393/4393 
f 4388/4388/4388 4391/4391/4391 4393/4393/4393 
f 4388/4388/4388 4390/4390/4390 4389/4389/4389 
f 4391/4391/4391 4388/4388/4388 4387/4387/4387 
f 4371/4371/4371 4391/4391/4391 4387/4387/4387 
f 4387/4387/4387 4370/4370/4370 4371/4371/4371 
f 4370/4370/4370 4387/4387/4387 4381/4381/4381 
f 4388/4388/4388 4381/4381/4381 4387/4387/4387 
f 4381/4381/4381 4380/4380/4380 4370/4370/4370 
f 4380/4380/4380 4381/4381/4381 4382/4382/4382 
f 4381/4381/4381 4388/4388/4388 4383/4383/4383 
f 4383/4383/4383 4382/4382/4382 4381/4381/4381 
f 4389/4389/4389 4383/4383/4383 4388/4388/4388 
f 4382/4382/4382 4383/4383/4383 4384/4384/4384 
f 4383/4383/4383 4389/4389/4389 4385/4385/4385 
f 4385/4385/4385 4384/4384/4384 4383/4383/4383 
f 4384/4384/4384 4385/4385/4385 4386/4386/4386 

g WingR1

v 0.724642 -1.93946 5.17957 
v 0.705214 -1.67625 5.10455 
v 0.730635 -1.89545 5.12775 
v 0.724642 -1.93946 5.17957 
v 0.753378 -1.87723 5.18436 
v 0.754761 -1.76661 5.08459 
v 0.730635 -1.89545 5.12775 
v 0.994493 -1.73319 5.02142 
v 0.753378 -1.87723 5.18436 
v 0.799701 -1.97181 5.13285 
v 0.643585 -1.67537 5.07098 
v 0.669653 -1.93403 5.24732 
v 0.724642 -1.93946 5.17957 
v 0.730635 -1.89545 5.12775 
v 0.753378 -1.87723 5.18436 
v 0.971876 -1.94665 5.29361 
v 1.17814 -1.91125 5.2084 
v 0.703014 -1.88021 5.23306 
v 0.807919 -1.73742 4.97125 
v 0.748829 -1.7803 4.99191 
v 1.21091 -1.51265 4.80201 
v 0.748829 -1.7803 4.99191 
v 0.861225 -1.6537 5.13355 
v 0.769566 -1.87446 5.24085 
v 0.942221 -1.6877 5.11903 
v 0.712 -1.9579 5.28835 
v 0.714221 -1.73633 5.10996 
v 0.987293 -1.8698 5.24338 
v 1.19946 -1.60149 5.07403 
v 0.963786 -1.66579 5.06756 
v 1.1996 -1.60672 5.07101 
v 0.98744 -1.87503 5.24036 
v 0.963933 -1.67102 5.06454 
v 1.41056 -1.8012 5.21765 
v 1.26261 -1.58441 4.95314 
v 1.45597 -1.68757 5.13658 
v 1.14476 -1.84513 5.28328 
v 1.11704 -1.64884 5.11581 
v 1.33183 -1.55367 5.04356 
v 1.1817 -1.82395 5.21932 
v 1.36989 -1.77568 5.23191 
v 1.18185 -1.82918 5.2163 
v 1.33197 -1.55891 5.04053 
v 1.37004 -1.78091 5.22889 
v 1.49894 -1.71 5.19933 
v 1.145 -1.62219 5.04436 
v 1.14515 -1.62743 5.04134 
v 1.24781 -1.71178 5.17808 
v 1.30624 -1.60347 5.04153 
v 1.29285 -1.64617 5.12943 
v 1.16423 -1.72456 5.15746 
v 1.24781 -1.71178 5.17808 
v 1.23124 -1.50115 5.07824 
v 1.20694 -1.73399 5.19281 
v 1.4988 -1.70477 5.20236 
v 0.711853 -1.95267 5.29137 
v 0.942074 -1.68247 5.12204 
v 0.714074 -1.73109 5.11298 
v 0.861223 -1.98601 5.33467 
v 0.871069 -1.78129 5.18103 
v 0.863513 -1.92307 5.30791 
v 0.754761 -1.76661 5.08459 
v 0.871069 -1.78129 5.18103 
v 0.758912 -1.92795 5.28469 
v 0.769566 -1.87446 5.24085 
v 0.740652 -2.06591 5.38508 
v 0.724642 -1.93946 5.17957 
v 0.863513 -1.92307 5.30791 
v 0.769566 -1.87446 5.24085 
v 1.00276 -1.968 5.32001 
v 1.02794 -1.76296 5.15449 
v 0.433173 -1.85371 5.35059 
v 0.964983 -1.63293 5.15339 
v 1.15461 -1.8144 5.2571 
v 1.08348 -1.57523 5.11963 
v 1.14461 -1.83989 5.2863 
v 1.11689 -1.6436 5.11883 
v 0.863513 -1.92307 5.30791 
v 0.406091 -1.61347 5.19162 
v 1.02721 -1.84619 5.27696 
v 1.02794 -1.76296 5.15449 
v 1.09022 -1.82569 5.27111 
v 1.09039 -1.83197 5.26749 
v 1.22206 -1.8311 5.2603 
v 1.33399 -1.98584 5.35741 
v 1.22191 -1.82586 5.26332 
v 1.15461 -1.8144 5.2571 
v 1.16423 -1.72456 5.15746 
v 1.18199 -1.79294 5.23574 
v 1.33399 -1.98584 5.35741 
v 1.41056 -1.8012 5.21765 
v 1.30624 -1.60347 5.04153 
v 1.61721 -1.87254 5.33205 
v 1.41291 -1.73229 5.16361 
v 1.60169 -1.69048 5.18502 
v 1.24781 -1.71178 5.17808 
v 1.20694 -1.73399 5.19281 
v 1.38754 -1.76212 5.23588 
v 1.38739 -1.75689 5.2389 
v 1.73485 -1.63094 5.15844 
v 1.3671 -1.56759 5.06698 
v 0.79553 -1.60781 4.77013 
v 1.43847 -1.54413 4.90881 
v 1.44842 -1.44658 4.9071 
v 1.38097 -1.63567 5.1373 
v 1.43428 -1.60398 5.10914 
v 1.41276 -1.72706 5.16663 
v 1.58037 -1.46395 4.99689 
v 1.39176 -1.52607 4.98892 
v 1.43428 -1.60398 5.10914 
v 1.44842 -1.44658 4.9071 
v 1.46296 -1.56158 5.08299 
v 0.822084 -1.45584 4.53215 
v 1.10005 -1.27693 4.47504 
v 1.4819 -1.38557 4.75459 
v 0.996906 -1.3662 4.98527 
v 0.704541 -1.33495 4.93378 
v 1.40479 -1.43264 5.0405 
v 1.37156 -1.23654 4.89002 
v 1.58051 -1.46919 4.99387 
v 1.3919 -1.5313 4.98591 
v 1.51674 -1.64094 5.13611 
v 1.50092 -1.62031 5.08748 
v 1.58271 -1.6041 5.09481 
v 1.65008 -1.56455 5.06339 
v 1.45597 -1.68757 5.13658 
v 1.50092 -1.62031 5.08748 
v 1.7347 -1.62571 5.16146 
v 1.71527 -1.4253 4.9945 
v 1.64516 -1.27825 4.83051 
v 1.64362 -1.62942 5.1465 
v 1.64516 -1.27825 4.83051 
v 1.80962 -1.21782 4.68537 
v 1.50092 -1.62031 5.08748 
v 1.65008 -1.56455 5.06339 
v 1.5772 -1.36479 5.00386 
v 1.46296 -1.56158 5.08299 
v 1.70216 -1.57813 5.12093 
v 1.43428 -1.60398 5.10914 
v 1.30724 -1.57328 5.11747 
v 1.38097 -1.63567 5.1373 
v 1.46512 -1.5119 5.03327 
v 1.36696 -1.56236 5.07 
v 1.29285 -1.64617 5.12943 
v 1.46527 -1.51713 5.03025 
v 1.57612 -1.65418 5.15713 
v 1.60154 -1.68525 5.18804 
v 1.57612 -1.65418 5.15713 
v 1.51674 -1.64094 5.13611 
v 1.70208 -1.57499 5.12274 
v 1.72191 -1.52684 5.09345 
v 1.64353 -1.62627 5.14831 
v 1.57612 -1.65418 5.15713 
v 1.71542 -1.43053 4.99149 
v 1.81194 -1.54079 5.04945 
v 2.03938 -1.77505 5.27554 
v 2.03827 -1.53711 5.0928 
v 2.03952 -1.78028 5.27252 
v 1.81208 -1.54602 5.04644 
v 2.03842 -1.54234 5.08978 
v 2.20017 -1.46188 5.07914 
v 2.20003 -1.45665 5.08217 
v 1.85167 -1.82576 5.31317 
v 1.67093 -1.5857 5.07931 
v 1.85667 -1.58962 5.12904 
v 2.24983 -1.70954 5.25207 
v 2.04551 -1.47305 5.0329 
v 2.0524 -1.72785 5.22096 
v 2.04565 -1.47828 5.02988 
v 2.24997 -1.71478 5.24905 
v 2.05255 -1.73308 5.21795 
v 2.4584 -1.6345 5.22163 
v 2.21474 -1.41659 4.99408 
v 2.24884 -1.61157 5.13539 
v 1.84581 -1.32182 4.91099 
v 1.67079 -1.58047 5.08233 
v 1.85653 -1.58439 5.13205 
v 1.84595 -1.32705 4.90797 
v 2.23778 -1.46747 5.07374 
v 2.23763 -1.46224 5.07675 
v 2.39838 -1.39513 5.05293 
v 2.39853 -1.40037 5.04991 
v 2.21489 -1.42182 4.99106 
v 2.45855 -1.63973 5.21862 
v 2.24899 -1.6168 5.13237 
v 2.39943 -1.66588 5.18609 
v 2.5985 -1.57608 5.18284 
v 2.36201 -1.54377 5.10077 
v 2.59865 -1.58131 5.17983 
v 2.39957 -1.67112 5.18307 
v 2.36215 -1.549 5.09775 
v 2.65897 -1.69326 5.23895 
v 2.59801 -1.50546 5.07972 
v 2.77752 -1.555 5.17195 
v 3.18251 -1.61376 5.22339 
v 3.09708 -1.5885 5.19964 
v 3.16615 -1.3633 5.07387 
v 2.77738 -1.54977 5.17497 
v 2.59786 -1.50022 5.08274 
v 2.65883 -1.68803 5.24196 
v 3.16601 -1.35807 5.07688 
v 3.09693 -1.58328 5.20265 
v 3.18237 -1.60853 5.22641 
v 2.59175 -1.33458 5.01784 
v 2.61663 -1.55885 5.20706 
v 2.36093 -1.36 4.95388 
v 2.5916 -1.32934 5.02086 
v 2.61648 -1.55361 5.21008 
v 3.01584 -1.42779 5.12512 
v 2.87659 -1.59579 5.22088 
v 2.82463 -1.47015 5.10215 
v 2.87644 -1.59056 5.22389 
v 3.01569 -1.42256 5.12813 
v 2.82448 -1.46492 5.10517 
v 3.24989 -1.59734 5.23449 
v 3.28387 -1.54296 5.20236 
v 3.28402 -1.54819 5.19934 
v 3.25003 -1.60257 5.23147 
v 1.85152 -1.82053 5.31619 
v 1.82627 -1.8011 5.23531 
v 1.82642 -1.80633 5.23229 
v 2.2538 -1.78803 5.26253 
v 1.68534 -1.84214 5.27298 
v 1.68549 -1.84737 5.26996 
v 2.25365 -1.7828 5.26554 
v 2.41632 -1.71375 5.22877 
v 2.02143 -1.52551 5.11301 
v 2.43046 -1.61951 5.24027 
v 2.43061 -1.62475 5.23725 
v 2.02128 -1.52028 5.11603 
v 2.20708 -1.68671 5.27329 
v 2.20723 -1.69194 5.27027 
v 2.41646 -1.71899 5.22575 
v 2.7751 -1.60884 5.24582 
v 2.78311 -1.49844 5.16367 
v 3.04119 -1.68775 5.27703 
v 2.95096 -1.66078 5.25733 
v 3.13527 -1.60266 5.23812 
v 3.10358 -1.67377 5.28003 
v 2.46287 -1.7569 5.25986 
v 2.46273 -1.75166 5.26288 
v 2.95082 -1.65554 5.26035 
v 3.04105 -1.68251 5.28005 
v 3.10344 -1.66854 5.28305 
v 3.13512 -1.59742 5.24114 
v 2.9687 -1.47698 5.16938 
v 2.94368 -1.58696 5.24996 
v 2.94382 -1.59219 5.24694 
v 2.96885 -1.48221 5.16636 
v 2.78297 -1.49321 5.16669 
v 2.77496 -1.60361 5.24884 
v 2.36078 -1.35476 4.9569 
v 1.75855 -1.55682 5.06011 
v 1.75846 -1.55367 5.06192 
v 1.81934 -1.51002 4.98436 
v 1.80668 -1.54696 5.10344 
v 1.89704 -1.50097 5.08135 
v 1.72191 -1.52684 5.09345 
v 1.75702 -1.54596 5.10413 
v 1.81934 -1.51002 4.98436 
v 1.84381 -1.50997 4.99273 
v 1.81934 -1.51002 4.98436 
v 1.92568 -1.47587 4.99082 
v 1.84381 -1.50997 4.99273 
v 1.67029 -1.37704 4.90623 
v 1.67015 -1.3718 4.90925 
v 1.88849 -1.3323 4.98204 
v 1.93963 -1.46651 5.06239 
v 2.01905 -1.27284 4.87321 
v 2.0192 -1.27807 4.8702 
v 1.93963 -1.46651 5.06239 
v 1.89704 -1.50097 5.08135 
v 1.99709 -1.45559 5.05834 
v 1.88849 -1.3323 4.98204 
v 1.93963 -1.46651 5.06239 
v 2.07084 -1.43637 5.04555 
v 1.99709 -1.45559 5.05834 
v 1.92568 -1.47587 4.99082 
v 1.81361 -1.33335 4.87134 
v 1.98381 -1.29817 4.90816 
v 1.99709 -1.45559 5.05834 
v 2.56885 -1.31444 4.93584 
v 2.79341 -1.31792 4.98912 
v 2.569 -1.31967 4.93282 
v 2.79356 -1.32315 4.9861 
v 2.58687 -1.34866 4.99606 
v 1.75702 -1.54596 5.10413 
v 1.80668 -1.54696 5.10344 
v 2.43224 -1.40267 5.04103 
v 2.43239 -1.40791 5.038 
v 2.58672 -1.34343 4.99908 
v 2.7475 -1.27737 4.97464 
v 2.74765 -1.28261 4.97162 
v 2.95845 -1.25727 4.97668 
v 3.02951 -1.52046 5.15337 
v 3.02937 -1.51522 5.1564 
v 3.14333 -1.42974 5.1347 
v 3.14348 -1.43497 5.13168 
v 3.29395 -1.37124 5.08417 
v 2.9583 -1.25204 4.9797 
v 2.99232 -1.39164 5.04678 
v 2.99246 -1.39688 5.04376 
v 3.29665 -1.45128 5.12872 
v 3.42026 -1.28208 5.03735 
v 3.36391 -1.51333 5.17425 
v 3.2938 -1.36601 5.08719 
v 3.42011 -1.27684 5.04038 
v 3.2965 -1.44605 5.13173 
v 3.36376 -1.5081 5.17727 
v 0.717233 -1.97592 5.31258 
v 0.743487 -2.22442 5.31887 
v 0.666595 -2.12896 5.32383 
v 0.699514 -2.21118 5.36395 
v 0.666742 -2.13419 5.32082 
v 0.743634 -2.22965 5.31585 
v 0.699661 -2.21642 5.36093 
v 0.777132 -2.14136 5.24184 
v 0.66128 -2.12409 5.39255 
v 0.793484 -2.35333 5.40932 
v 0.652053 -2.12903 5.32324 
v 0.625554 -2.18757 5.39441 
v 0.625407 -2.18234 5.39743 
v 0.598254 -2.22023 5.44004 
v 0.598401 -2.22547 5.43702 
v 0.651906 -2.1238 5.32625 
v 0.661837 -2.14127 5.30865 
v 0.661689 -2.13604 5.31166 
v 0.73706 -2.09055 5.35018 
v 0.740652 -2.06591 5.38508 
v 0.717233 -1.97592 5.31258 
v 0.73706 -2.09055 5.35018 
v 0.740652 -2.06591 5.38508 
v 0.981422 -2.09408 5.45532 
v 0.751175 -2.1115 5.42106 
v 0.981569 -2.09931 5.45231 
v 0.751322 -2.11673 5.41804 
v 1.27147 -2.02771 5.38584 
v 1.33399 -1.98584 5.35741 
v 1.29766 -2.05599 5.40711 
v 1.21947 -2.04846 5.39507 
v 1.06791 -2.09688 5.43052 
v 1.24061 -2.01338 5.34981 
v 1.02535 -2.02659 5.37432 
v 1.05614 -2.15656 5.46808 
v 1.23871 -2.00996 5.40912 
v 1.23885 -2.0152 5.4061 
v 1.05628 -2.16179 5.46506 
v 1.0255 -2.03182 5.3713 
v 1.35735 -2.12239 5.47433 
v 1.37828 -1.92913 5.34836 
v 0.939076 -2.08528 5.43075 
v 0.861223 -1.98601 5.33467 
v 1.00276 -1.968 5.32001 
v 1.39887 -1.96339 5.3749 
v 1.26019 -2.11324 5.4392 
v 1.22587 -1.98509 5.346 
v 1.22573 -1.97986 5.34902 
v 1.26004 -2.108 5.44222 
v 1.39872 -1.95816 5.37792 
v 1.37813 -1.9239 5.35137 
v 1.3572 -2.11716 5.47735 
v 1.12784 -2.15911 5.47358 
v 1.21947 -2.04846 5.39507 
v 1.13674 -2.02968 5.40931 
v 0.597599 -2.34525 5.61803 
v 0.709493 -2.38238 5.54269 
v 1.04629 -2.32008 5.56723 
v 0.954946 -2.39851 5.58747 
v 0.954799 -2.39328 5.59049 
v 1.04614 -2.31485 5.57024 
v 0.538402 -2.31039 5.63456 
v 0.877523 -2.37374 5.58671 
v 0.87767 -2.37897 5.58369 
v 0.783343 -2.24769 5.51116 
v 0.433064 -2.02203 5.48272 
v 0.444851 -2.17843 5.5875 
v 0.783196 -2.24245 5.51418 
v 1.10995 -2.21444 5.51539 
v 1.1101 -2.21967 5.51238 
v 1.11931 -2.28917 5.54864 
v 1.11945 -2.2944 5.54562 
v 1.29984 -2.23344 5.52129 
v 1.19191 -2.31418 5.54956 
v 1.19176 -2.30894 5.55258 
v 1.29969 -2.2282 5.52432 
v 1.06791 -2.09688 5.43052 
v 1.21947 -2.04846 5.39507 
v 1.12784 -2.15911 5.47358 
v 1.06791 -2.09688 5.43052 
v 1.32065 -2.23848 5.52138 
v 1.13411 -2.0074 5.39715 
v 1.13397 -2.00217 5.40017 
v 0.717233 -1.97592 5.31258 
v 0.934912 -1.90009 5.30301 
v 0.983181 -1.89486 5.30598 
v 0.902397 -1.92323 5.31253 
v 0.996366 -1.8926 5.30512 
v 0.964572 -1.9079 5.31073 
v 0.964719 -1.91313 5.30772 
v 0.983181 -1.89486 5.30598 
v 0.934912 -1.90009 5.30301 
v 0.902397 -1.92323 5.31253 
v 1.05568 -1.85659 5.28188 
v 1.02721 -1.84619 5.27696 
v 1.09039 -1.83197 5.26749 
v 1.18199 -1.79294 5.23574 
v 1.05568 -1.85659 5.28188 
v 1.06791 -2.09688 5.43052 
v 1.13674 -2.02968 5.40931 
v 0.769566 -1.87446 5.24085 
v 0.717233 -1.97592 5.31258 
v 0.758912 -1.92795 5.28469 
v 0.939076 -2.08528 5.43075 
v 1.21947 -2.04846 5.39507 
v 1.24061 -2.01338 5.34981 
v 1.27147 -2.02771 5.38584 
v 1.29725 -2.04134 5.41556 
v 1.27147 -2.02771 5.38584 
v 1.32079 -2.24371 5.51836 
v 1.47199 -2.01531 5.39103 
v 1.44611 -1.88826 5.29531 
v 1.44597 -1.88303 5.29833 
v 1.47184 -2.01007 5.39405 
v 1.61707 -1.86731 5.33507 
v 1.70904 -1.95365 5.361 
v 1.73303 -1.9849 5.38491 
v 1.70919 -1.95887 5.35799 
v 1.73318 -1.99013 5.38189 
v 1.71428 -1.99121 5.39493 
v 1.72908 -1.79508 5.27096 
v 1.50387 -1.86587 5.31738 
v 1.50402 -1.87111 5.31436 
v 1.86014 -1.921 5.32629 
v 1.72894 -1.78985 5.27398 
v 1.71413 -1.98597 5.39795 
v 1.86 -1.91577 5.32931 
v 1.8906 -1.9532 5.36183 
v 1.89075 -1.95843 5.35881 
v 1.94594 -1.98046 5.38759 
v 1.94608 -1.98569 5.38457 
v 2.00164 -1.99178 5.40993 
v 2.0015 -1.98655 5.41295 
v 2.06412 -1.97498 5.42013 
v 2.16204 -1.83348 5.35621 
v 2.10856 -1.94753 5.41099 
v 2.15661 -1.9178 5.36666 
v 2.08707 -1.89319 5.34719 
v 2.08721 -1.89842 5.34417 
v 2.15676 -1.92304 5.36364 
v 2.21862 -1.9053 5.39396 
v 2.21847 -1.90007 5.39697 
v 2.10841 -1.94229 5.41402 
v 2.1619 -1.82825 5.35923 
v 2.28188 -1.88274 5.39905 
v 1.46196 -2.17405 5.49156 
v 1.50154 -2.07459 5.43477 
v 1.50168 -2.07983 5.43175 
v 1.46211 -2.17928 5.48854 
v 1.58343 -2.16672 5.47751 
v 1.52424 -2.14633 5.47315 
v 1.37979 -2.26229 5.51958 
v 1.37964 -2.25706 5.52259 
v 1.52409 -2.1411 5.47617 
v 1.58328 -2.16149 5.48053 
v 1.66834 -2.08241 5.45404 
v 1.66848 -2.08765 5.45102 
v 1.77079 -2.02035 5.41675 
v 1.8122 -2.02967 5.44945 
v 1.81234 -2.0349 5.44643 
v 1.77093 -2.02558 5.41373 
v 1.86685 -2.02374 5.46363 
v 1.8667 -2.01851 5.46664 
v 1.92102 -1.99749 5.45463 
v 2.06397 -1.96974 5.42315 
v 1.97601 -1.8879 5.40277 
v 1.92087 -1.99226 5.45764 
v 1.97587 -1.88266 5.40579 
v 2.06487 -1.85879 5.30824 
v 2.06472 -1.85356 5.31126 
v 2.02842 -1.75198 5.30759 
v 2.02857 -1.75721 5.30457 
v 2.27608 -1.82706 5.29741 
v 2.27593 -1.82183 5.30042 
v 2.39123 -1.75764 5.32782 
v 2.58444 -1.69991 5.32183 
v 2.60008 -1.77765 5.31948 
v 2.75112 -1.74799 5.31654 
v 2.75127 -1.75322 5.31353 
v 2.59993 -1.77242 5.32249 
v 2.81773 -1.74434 5.32314 
v 2.8776 -1.71226 5.31156 
v 2.70376 -1.7427 5.31956 
v 2.87745 -1.70703 5.31458 
v 2.58459 -1.70514 5.31881 
v 2.70362 -1.73746 5.32259 
v 2.81759 -1.73911 5.32616 
v 2.28174 -1.8775 5.40208 
v 2.3262 -1.85408 5.38783 
v 2.32605 -1.84885 5.39085 
v 2.31048 -1.84957 5.31875 
v 2.31063 -1.8548 5.31573 
v 2.39108 -1.7524 5.33084 
v 2.4159 -1.84057 5.37361 
v 2.41604 -1.8458 5.37059 
v 2.48627 -1.82243 5.36736 
v 2.53519 -1.7907 5.35345 
v 2.53504 -1.78547 5.35647 
v 2.48612 -1.8172 5.37038 
v 2.65782 -1.76571 5.32577 
v 2.65767 -1.76047 5.32879 
v 2.20765 -1.20311 4.85346 
v 0.799004 -0.569895 3.76441 
v 0.680219 -0.8485 3.69486 
v 0.649395 -0.662157 3.68239 
v 0.848785 -0.651454 3.68808 
v 0.740786 -1.03883 3.91408 
v 0.680219 -0.8485 3.69486 
v 0.962176 -0.780651 3.83049 
v 0.76184 -1.18597 4.13392 
v 0.79611 -0.573298 3.9734 
v 0.629397 -0.806817 4.32901 
v 0.870212 -0.778438 4.36896 
v 1.0426 -0.995651 4.10554 
v 0.848785 -0.651454 3.68808 
v 0.618116 -0.631889 3.92357 
v 1.109 -0.562206 3.70328 
v 1.09525 -0.492275 3.983 
v 1.21302 -0.705266 4.3701 
v 1.23711 -0.669108 3.84648 
v 1.34028 -0.853638 4.0819 
v 1.76234 -0.992693 4.40163 
v 1.67686 -0.74851 4.12411 
v 1.43797 -1.15683 4.46715 
v 2.05845 -0.822501 4.33148 
v 1.97554 -0.592543 4.07633 
v 1.48404 -0.556461 3.85917 
v 1.79582 -0.42209 3.81076 
v 2.35338 -0.653405 4.26076 
v 2.62523 -0.832765 4.51722 
v 2.77577 -0.462078 4.1577 
v 0.790496 -1.31982 4.3456 
v 2.12223 -1.0662 4.61194 
v 0.943266 -1.04421 4.68086 
v 0.678509 -1.09119 4.69861 
v 2.28045 -0.983982 4.56903 
v 1.62129 -0.840251 4.56595 
v 1.5489 -0.587678 4.29389 
v 1.96362 -0.691965 4.47072 
v 1.28852 -0.968374 4.64848 
v 2.47391 -0.884478 4.51725 
v 2.61856 -0.957894 4.62013 
v 2.62532 -0.834412 4.51766 
v 2.77275 -0.838056 4.54325 
v 2.69309 -0.882776 4.56127 
v 2.55343 -0.985992 4.62452 
v 2.6646 -0.921018 4.59957 
v 2.69309 -0.882776 4.56127 
v 2.51151 -0.803538 4.52392 
v 2.6444 -0.793673 4.53021 
v 2.77275 -0.838056 4.54325 
v 2.4148 -0.810405 4.59402 
v 2.32823 -0.549139 4.38361 
v 2.6444 -0.793673 4.53021 
v 2.77275 -0.838056 4.54325 
v 2.73316 -0.612655 4.38765 
v 2.60427 -0.749544 4.55095 
v 1.88087 -0.435764 4.22088 
v 1.08325 -0.479371 3.77615 
v 1.109 -0.562206 3.70328 
v 1.33727 -0.389637 3.78781 
v 1.36831 -0.463481 3.70444 
v 1.68592 -0.317033 3.66683 
v 1.36831 -0.463481 3.70444 
v 1.68592 -0.317033 3.66683 
v 1.66661 -0.237082 3.74744 
v 2.04373 -0.153852 3.62393 
v 2.04373 -0.153852 3.62393 
v 2.03613 -0.0667433 3.70239 
v 2.14774 -0.27038 3.75603 
v 1.71798 -0.272425 3.94187 
v 2.35318 0.0821319 3.65086 
v 2.38678 0.00168055 3.56214 
v 2.43987 -0.0871904 3.6559 
v 2.38678 0.00168055 3.56214 
v 3.00386 -0.0963281 3.79359 
v 2.73001 0.0631822 3.55933 
v 2.40727 0.0406356 3.769 
v 2.0976 -0.117344 3.88746 
v 2.61348 -0.292386 3.94512 
v 2.67162 0.247924 3.55313 
v 2.68301 0.154707 3.47094 
v 2.68301 0.154707 3.47094 
v 2.72085 0.194271 3.65341 
v 1.37734 -0.411277 3.98939 
v 2.27423 -0.436576 4.02855 
v 2.21274 -0.2822 4.14745 
v 2.77066 -0.383081 4.26485 
v 2.58564 -0.147174 4.04281 
v 2.81811 -0.971695 4.70941 
v 2.9034 -0.698184 4.44019 
v 2.85163 -0.703284 4.44167 
v 2.95844 -0.687372 4.43622 
v 3.0214 -0.640154 4.3913 
v 2.83959 -0.756527 4.48016 
v 2.76369 -0.967324 4.64113 
v 2.78444 -0.432777 4.24523 
v 2.68821 -0.476215 4.23843 
v 2.78459 -0.438007 4.24221 
v 2.76384 -0.972562 4.63811 
v 2.68835 -0.481452 4.23541 
v 3.03912 -0.89909 4.64754 
v 2.92148 -0.434118 4.25181 
v 2.91302 -0.878746 4.59402 
v 2.95744 -0.366316 4.18681 
v 2.8194 -0.388912 4.19025 
v 2.95758 -0.371545 4.1838 
v 2.91317 -0.883976 4.591 
v 2.81955 -0.39415 4.18722 
v 3.04942 -0.532931 4.28662 
v 3.0214 -0.640154 4.3913 
v 2.964 -0.406517 4.22054 
v 3.03897 -0.893861 4.65056 
v 2.92134 -0.428888 4.25483 
v 2.964 -0.406517 4.22054 
v 3.14804 -0.724116 4.52127 
v 2.73316 -0.612655 4.38765 
v 3.27088 -0.479336 4.32545 
v 2.90407 -0.658859 4.48092 
v 3.14878 -0.635533 4.44515 
v 3.21794 -0.620441 4.43444 
v 3.28306 -0.21256 4.06918 
v 3.30958 -0.725849 4.49828 
v 3.44758 -0.684148 4.4835 
v 3.30973 -0.731087 4.49526 
v 3.2832 -0.217789 4.06616 
v 3.44773 -0.689377 4.48049 
v 3.21794 -0.620441 4.43444 
v 3.26319 -0.577224 4.39803 
v 3.14878 -0.635533 4.44515 
v 3.26319 -0.577224 4.39803 
v 3.04942 -0.532931 4.28662 
v 3.06197 -0.842655 4.57258 
v 3.11053 -0.32338 4.15371 
v 2.9373 -0.362813 4.16767 
v 3.11068 -0.328609 4.15069 
v 3.06211 -0.847884 4.56956 
v 2.93745 -0.368043 4.16465 
v 3.27096 -0.482474 4.32364 
v 3.20696 -0.821335 4.59591 
v 3.09416 -0.353162 4.20454 
v 3.2071 -0.826564 4.5929 
v 3.09431 -0.358391 4.20153 
v 2.95844 -0.687372 4.43622 
v 2.89243 -0.916256 4.65321 
v 2.89258 -0.921486 4.65019 
v 3.02514 -0.86951 4.63187 
v 3.09068 -0.856072 4.61902 
v 2.89838 -1.04177 4.77191 
v 2.67676 -0.770641 4.47735 
v 2.79106 -0.750834 4.48487 
v 2.96894 -0.910085 4.67044 
v 3.00726 -0.8732 4.63498 
v 2.85163 -0.703284 4.44167 
v 2.9034 -0.698184 4.44019 
v 2.83959 -0.756527 4.48016 
v 3.05823 -0.852214 4.59382 
v 3.05838 -0.857452 4.5908 
v 3.13422 -0.80408 4.57938 
v 3.13422 -0.80408 4.57938 
v 3.14804 -0.724116 4.52127 
v 3.09068 -0.856072 4.61902 
v 3.42847 -0.744603 4.55593 
v 3.24343 -0.795504 4.56258 
v 3.42862 -0.749833 4.55291 
v 3.24358 -0.800734 4.55956 
v 3.13013 -0.487397 4.26483 
v 2.9968 0.200141 3.47037 
v 2.93782 0.276921 3.40213 
v 3.21892 0.011941 3.7107 
v 2.97637 0.0422799 3.89306 
v 2.97641 0.300762 3.58527 
v 3.19034 0.147808 3.81006 
v 2.91329 0.367273 3.48623 
v 2.93782 0.276921 3.40213 
v 3.20206 0.420168 3.43279 
v 3.25032 0.288443 3.38771 
v 3.24431 0.388393 3.4972 
v 3.19651 0.329755 3.35459 
v 3.35419 -0.155205 3.91516 
v 3.39682 0.0956488 3.60328 
v 3.3389 -0.0767687 4.00584 
v 3.38742 0.205114 3.69611 
v 3.15688 -0.274715 4.04499 
v 3.19651 0.329755 3.35459 
v 3.4997 0.424185 3.39679 
v 3.50393 0.335993 3.32488 
v 3.17789 -0.424683 4.22133 
v 3.16156 -0.246453 4.1196 
v 3.13013 -0.487397 4.26483 
v 3.17761 -0.314828 4.10586 
v 3.17789 -0.424683 4.22133 
v 3.14848 -0.220372 4.12699 
v 3.17789 -0.424683 4.22133 
v 3.17761 -0.314828 4.10586 
v 3.23205 -0.389318 4.18686 
v 3.13166 -0.253679 4.08229 
v 3.13181 -0.258917 4.07927 
v 3.31772 -0.44907 4.24381 
v 3.23205 -0.389318 4.18686 
v 3.41866 -0.473884 4.29902 
v 3.28261 -0.297138 4.16016 
v 3.28275 -0.302376 4.15714 
v 3.42588 -0.44876 4.21952 
v 3.31772 -0.44907 4.24381 
v 3.33174 -0.316305 4.15464 
v 3.44071 -0.326969 4.17844 
v 3.00726 -0.8732 4.63498 
v 1.7919 -1.0862 4.70068 
v 1.79204 -1.09144 4.69766 
v 1.90921 -1.15303 4.7908 
v 1.90921 -1.15303 4.7908 
v 1.98884 -1.44255 4.97 
v 1.66641 -1.12201 4.69858 
v 1.98366 -1.29294 4.91117 
v 1.95794 -1.03711 4.66478 
v 1.81346 -1.32811 4.87436 
v 1.37744 -1.23401 4.88834 
v 1.67119 -1.11047 4.79009 
v 2.1356 -1.2638 4.93581 
v 1.95808 -1.04234 4.66176 
v 2.03209 -1.33293 4.89093 
v 2.14981 -1.20683 4.81839 
v 2.11299 -1.26368 4.8716 
v 2.4024 -1.14728 4.81696 
v 2.19724 -1.20976 4.82092 
v 1.98884 -1.44255 4.97 
v 2.03209 -1.33293 4.89093 
v 2.2075 -1.19788 4.85647 
v 2.02803 -1.27024 4.85464 
v 2.02817 -1.27548 4.85162 
v 2.40225 -1.14205 4.81998 
v 2.19709 -1.20452 4.82394 
v 2.55687 -1.08953 4.77276 
v 2.35295 -1.15151 4.77833 
v 2.11299 -1.26368 4.8716 
v 2.33102 -1.25264 4.93082 
v 2.26133 -1.34813 4.99862 
v 2.39013 -1.2499 4.92895 
v 2.44661 -1.2098 4.89847 
v 2.38869 -1.19443 4.88836 
v 2.34432 -1.18129 4.84406 
v 2.07084 -1.43637 5.04555 
v 2.11667 -1.37857 5.01049 
v 2.1608 -1.38722 5.01552 
v 2.11667 -1.37857 5.01049 
v 2.1608 -1.38722 5.01552 
v 2.07084 -1.43637 5.04555 
v 2.15641 -1.22914 4.87915 
v 2.15656 -1.23437 4.87614 
v 2.1608 -1.38722 5.01552 
v 2.1369 -1.26539 4.93622 
v 2.26133 -1.34813 4.99862 
v 2.33102 -1.25264 4.93082 
v 2.34417 -1.17605 4.84708 
v 2.55673 -1.0843 4.77577 
v 2.3528 -1.14628 4.78135 
v 2.13587 -0.972231 4.64564 
v 1.97376 -1.02505 4.64706 
v 2.16496 -1.16712 4.78172 
v 2.24785 -1.13562 4.76987 
v 2.13573 -0.966993 4.64867 
v 1.97361 -1.01982 4.65008 
v 1.79398 -1.07398 4.6699 
v 1.79413 -1.07921 4.66688 
v 2.07173 -1.00697 4.67129 
v 2.3306 -0.916843 4.6075 
v 2.16819 -0.959202 4.61496 
v 2.04025 -0.979325 4.71136 
v 2.33045 -0.911613 4.61052 
v 2.16804 -0.953972 4.61797 
v 2.24946 -0.939232 4.64962 
v 2.2496 -0.944462 4.64661 
v 2.3566 -1.08568 4.72245 
v 2.41758 -1.07891 4.70883 
v 2.46586 -1.0416 4.6828 
v 2.35213 -0.895981 4.59173 
v 2.31292 -1.10992 4.75991 
v 2.3566 -1.08568 4.72245 
v 2.24785 -1.13562 4.76987 
v 2.1879 -1.00117 4.67901 
v 2.52723 -1.16708 4.86947 
v 2.1879 -1.00117 4.67901 
v 2.35213 -0.895981 4.59173 
v 2.41758 -1.07891 4.70883 
v 2.48316 -0.836412 4.53598 
v 2.32196 -0.878715 4.5434 
v 2.48331 -0.84165 4.53296 
v 2.32211 -0.883953 4.54038 
v 2.46586 -1.0416 4.6828 
v 1.66626 -1.11679 4.7016 
v 1.90617 -1.06982 4.70203 
v 1.90602 -1.06459 4.70505 
v 2.07159 -1.00173 4.67431 
v 2.14981 -1.20683 4.81839 
v 2.16496 -1.16712 4.78172 
v 2.44661 -1.2098 4.89847 
v 2.48358 -1.16624 4.86831 
v 2.39013 -1.2499 4.92895 
v 2.33102 -1.25264 4.93082 
v 2.31292 -1.10992 4.75991 
v 2.48358 -1.16624 4.86831 
v 2.53848 -1.10602 4.81739 
v 2.76007 -1.06241 4.76952 
v 2.55143 -1.10925 4.76312 
v 2.76022 -1.06765 4.76649 
v 2.55158 -1.11448 4.76011 
v 2.69334 -1.06038 4.76759 
v 2.53863 -1.11125 4.81437 
v 2.48358 -1.16624 4.86831 
v 2.69319 -1.05515 4.77061 
v 2.5989 -1.15352 4.85913 
v 2.64427 -1.11002 4.82706 
v 2.52723 -1.16708 4.86947 
v 2.5989 -1.15352 4.85913 
v 2.89823 -1.03653 4.77493 
v 2.78469 -1.22442 4.85078 
v 2.95407 -1.17738 4.8791 
v 3.14141 -1.08442 4.77786 
v 3.33232 -1.04352 4.78884 
v 2.93926 -1.1443 4.80408 
v 3.11059 -1.1189 4.82404 
v 3.14127 -1.07919 4.78088 
v 3.33218 -1.03829 4.79186 
v 2.78454 -1.21919 4.8538 
v 2.95392 -1.17215 4.88212 
v 2.93911 -1.13907 4.80709 
v 3.11044 -1.11367 4.82706 
v 2.75935 -1.06728 4.77792 
v 2.67456 -1.04163 4.77529 
v 2.71894 -1.0767 4.78743 
v 3.11739 -1.15511 4.90891 
v 3.11753 -1.16033 4.90589 
v 3.21741 -1.32921 5.02209 
v 3.21755 -1.33445 5.01907 
v 3.27733 -1.09762 4.84608 
v 3.27719 -1.09238 4.8491 
v 2.51086 -0.983885 4.62123 
v 2.55343 -0.985992 4.62452 
v 2.61856 -0.957894 4.62013 
v 2.51151 -0.803538 4.52392 
v 2.51086 -0.983885 4.62123 
v 2.55343 -0.985992 4.62452 
v 2.46586 -1.0416 4.6828 
v 2.51617 -0.86015 4.54971 
v 2.67456 -1.04163 4.77529 
v 2.67661 -0.765412 4.48037 
v 2.51602 -0.85492 4.55273 
v 2.61856 -0.957894 4.62013 
v 2.5971 -0.814485 4.53496 
v 2.66625 -1.06129 4.7896 
v 2.59695 -0.809247 4.53798 
v 2.61856 -0.957894 4.62013 
v 2.69309 -0.882776 4.56127 
v 2.6646 -0.921018 4.59957 
v 2.79878 -1.03974 4.76354 
v 2.81811 -0.971695 4.70941 
v 2.79091 -0.745605 4.48789 
v 2.92568 -0.944502 4.70622 
v 2.92568 -0.944502 4.70622 
v 2.92568 -0.944502 4.70622 
v 3.00726 -0.8732 4.63498 
v 2.92568 -0.944502 4.70622 
v 2.96894 -0.910085 4.67044 
v 2.66625 -1.06129 4.7896 
v 2.64427 -1.11002 4.82706 
v 2.64427 -1.11002 4.82706 
v 2.44419 -0.883852 4.61148 
v 2.44433 -0.889081 4.60846 
v 2.71894 -1.0767 4.78743 
v 2.75935 -1.06728 4.77792 
v 2.79878 -1.03974 4.76354 
v 3.51241 -0.0581943 3.77886 
v 3.49185 -0.33716 4.097 
v 3.50606 -0.442425 4.20034 
v 3.42588 -0.44876 4.21952 
v 3.6276 -0.38407 4.14864 
v 3.68926 -0.517314 4.25685 
v 3.49185 -0.33716 4.097 
v 3.97248 -0.23583 4.01974 
v 4.1446 -0.63488 4.35947 
v 3.85111 -0.360158 4.1326 
v 3.84352 -0.437167 4.20041 
v 3.83041 -0.407949 4.17332 
v 3.42588 -0.44876 4.21952 
v 3.60732 -0.507253 4.24509 
v 3.50606 -0.442425 4.20034 
v 3.56368 -0.276321 4.08453 
v 3.68581 -0.639115 4.35171 
v 3.41366 -0.351271 4.12975 
v 4.14445 -0.629641 4.36249 
v 3.97234 -0.2306 4.02276 
v 3.85097 -0.354928 4.13561 
v 3.67693 -0.239264 4.08387 
v 3.76369 -0.492179 4.23625 
v 3.84352 -0.437167 4.20041 
v 4.36959 -0.521539 4.25379 
v 4.11795 -0.186479 3.9461 
v 4.49949 -0.404436 4.13209 
v 4.42539 -0.374103 4.16781 
v 4.62377 -0.399277 4.16549 
v 4.6265 -0.374564 4.13487 
v 3.50606 -0.442425 4.20034 
v 3.60732 -0.507253 4.24509 
v 3.4037 -0.24203 4.08986 
v 4.52083 -0.436091 4.2243 
v 4.95969 -0.42702 4.14527 
v 4.62273 -0.274578 4.00974 
v 5.20851 -0.35639 3.96478 
v 5.48535 -0.652963 4.24567 
v 5.09697 -0.486268 4.15064 
v 5.20836 -0.351152 3.9678 
v 5.48521 -0.647733 4.24868 
v 5.61911 -0.540472 4.08619 
v 5.61926 -0.545702 4.08318 
v 5.09682 -0.48103 4.15367 
v 4.76205 -0.330102 4.00875 
v 4.99792 -0.609032 4.24495 
v 4.65024 -0.473375 4.1283 
v 4.7619 -0.324872 4.01177 
v 4.99777 -0.603802 4.24797 
v 4.65009 -0.468146 4.13132 
v 5.65829 -0.504837 3.9997 
v 5.23814 -0.428374 4.03053 
v 5.27809 -0.350864 3.91504 
v 5.65815 -0.499607 4.00272 
v 5.30667 -0.285171 3.84367 
v 5.27794 -0.345635 3.91806 
v 5.30681 -0.290401 3.84065 
v 5.23799 -0.423136 4.03355 
v 3.68566 -0.633877 4.35473 
v 3.56353 -0.271091 4.08754 
v 3.41351 -0.346041 4.13276 
v 3.76369 -0.492179 4.23625 
v 3.80571 -0.307411 4.11393 
v 3.91059 -0.64336 4.37244 
v 3.65139 -0.409486 4.17452 
v 4.20909 -0.461846 4.24165 
v 3.80556 -0.302181 4.11695 
v 4.05099 -0.555871 4.30987 
v 3.93714 -0.496788 4.27931 
v 3.78472 -0.568869 4.3291 
v 3.93729 -0.502017 4.27629 
v 3.78487 -0.574099 4.32609 
v 3.91044 -0.638121 4.37546 
v 3.65124 -0.404257 4.17753 
v 3.60732 -0.507253 4.24509 
v 3.68926 -0.517314 4.25685 
v 3.4037 -0.24203 4.08986 
v 3.79667 -0.590243 4.36916 
v 3.41801 -0.293714 4.12211 
v 3.56414 -0.275611 4.10027 
v 3.76369 -0.492179 4.23625 
v 3.41787 -0.288485 4.12513 
v 3.79652 -0.585005 4.37218 
v 3.564 -0.270382 4.10328 
v 3.71879 -0.601395 4.41616 
v 3.54613 -0.284669 4.1296 
v 4.02648 -0.280159 4.13068 
v 3.87481 -0.432295 4.27816 
v 4.14806 -0.410424 4.22454 
v 4.20923 -0.467076 4.23864 
v 4.05114 -0.561101 4.30686 
v 4.30618 -0.471278 4.23614 
v 4.95955 -0.421782 4.14829 
v 4.49934 -0.399207 4.13511 
v 4.81296 -0.573115 4.30432 
v 4.8131 -0.578353 4.3013 
v 4.74151 -0.518353 4.2688 
v 4.43964 -0.353406 4.11328 
v 4.30604 -0.466049 4.23915 
v 4.74136 -0.513124 4.27182 
v 4.4395 -0.348177 4.1163 
v 4.32551 -0.427867 4.22229 
v 4.26408 -0.397306 4.20018 
v 4.26211 -0.436251 4.23373 
v 4.19101 -0.582668 4.37283 
v 3.85298 -0.189748 4.02111 
v 4.11268 -0.469624 4.28189 
v 4.40793 -0.448705 4.23341 
v 3.82196 -0.57355 4.38985 
v 3.63394 -0.202649 3.96506 
v 4.36944 -0.51631 4.2568 
v 4.1178 -0.181249 3.94912 
v 4.01277 -0.294897 4.05878 
v 4.01292 -0.300135 4.05576 
v 3.85661 -0.387589 4.15139 
v 4.40793 -0.448705 4.23341 
v 4.23238 -0.0960906 3.86997 
v 4.52106 -0.444467 4.21947 
v 4.73285 -0.377404 4.12563 
v 4.66306 -0.330831 4.09228 
v 3.91623 -0.360556 4.12437 
v 3.99739 -0.322658 4.06746 
v 4.35565 -0.126198 3.85801 
v 4.35579 -0.131428 3.855 
v 4.62383 -0.401369 4.16429 
v 4.62259 -0.269349 4.01275 
v 4.92196 -0.213225 3.84051 
v 4.92211 -0.218454 3.83749 
v 5.35776 -0.429386 3.94619 
v 5.02403 -0.204535 3.78929 
v 5.38763 -0.332155 3.84682 
v 4.81247 -0.291327 4.01415 
v 4.84329 -0.330126 4.05146 
v 4.83113 -0.355151 4.08942 
v 5.02388 -0.199305 3.79231 
v 5.35761 -0.424157 3.94921 
v 5.38748 -0.326926 3.84984 
v 4.96202 -0.28198 3.89634 
v 4.96217 -0.28721 3.89332 
v 5.70294 -0.400672 3.80436 
v 5.36083 -0.199951 3.69131 
v 5.32476 -0.280143 3.77293 
v 4.84834 -0.300957 3.9479 
v 4.86805 -0.204435 3.87105 
v 4.84819 -0.295727 3.95092 
v 3.91623 -0.360556 4.12437 
v 3.85661 -0.387589 4.15139 
v 3.41122 -0.329903 4.16032 
v 3.84352 -0.437167 4.20041 
v 3.85661 -0.387589 4.15139 
v 3.67693 -0.239264 4.08387 
v 3.93766 -0.636656 4.43474 
v 3.61742 -0.662201 4.45131 
v 3.42087 -0.217082 4.05714 
v 3.45602 -0.437974 4.27004 
v 3.61727 -0.656963 4.45433 
v 3.42072 -0.211852 4.06015 
v 3.44071 -0.326969 4.17844 
v 3.56025 -0.502142 4.33313 
v 3.70855 -0.277221 4.07137 
v 3.70841 -0.271983 4.07439 
v 3.54613 -0.284669 4.1296 
v 3.44071 -0.326969 4.17844 
v 3.81312 -0.343665 4.21828 
v 3.94256 -0.264262 4.06516 
v 4.03036 -0.1263 3.94396 
v 4.19788 -0.46337 4.26795 
v 4.19788 -0.46337 4.26795 
v 4.03036 -0.1263 3.94396 
v 4.26211 -0.436251 4.23373 
v 4.15853 -0.218127 4.03441 
v 4.26408 -0.397306 4.20018 
v 4.32551 -0.427867 4.22229 
v 4.40793 -0.448705 4.23341 
v 3.94242 -0.259032 4.06817 
v 5.36097 -0.205181 3.68829 
v 5.70309 -0.40591 3.80134 
v 5.32491 -0.285373 3.76991 
v 6.2482 -0.67854 3.83605 
v 6.20411 -0.678577 3.85814 
v 5.86892 -0.438723 3.83002 
v 5.86877 -0.433485 3.83304 
v 6.24805 -0.673311 3.83906 
v 6.24461 -0.637683 3.82067 
v 6.24475 -0.642913 3.81766 
v 6.20396 -0.673339 3.86117 
v 5.84803 -0.44412 3.85047 
v 6.13707 -0.6837 3.91216 
v 5.77762 -0.474355 3.91396 
v 6.12107 -0.643816 3.88578 
v 6.12121 -0.649046 3.88276 
v 5.72399 -0.484373 3.88759 
v 6.2293 -0.5868 3.75591 
v 6.03668 -0.441374 3.77263 
v 5.94039 -0.474375 3.81789 
v 6.03682 -0.446604 3.76961 
v 6.22944 -0.59203 3.75289 
v 5.94054 -0.479605 3.81488 
v 6.32719 -0.598377 3.69608 
v 6.09452 -0.402861 3.70625 
v 5.93914 -0.398177 3.77525 
v 5.72385 -0.479144 3.89061 
v 5.939 -0.392947 3.77827 
v 6.09467 -0.40809 3.70324 
v 6.32734 -0.603615 3.69306 
v 6.34227 -0.629239 3.70676 
v 6.31987 -0.628704 3.72652 
v 6.34212 -0.624001 3.70978 
v 6.31973 -0.623474 3.72954 
v 6.42903 -0.576247 3.61911 
v 6.4079 -0.576257 3.63988 
v 6.05166 -0.388203 3.67392 
v 6.05151 -0.382973 3.67693 
v 6.42888 -0.571009 3.62213 
v 6.41273 -0.545437 3.60846 
v 6.41288 -0.550675 3.60544 
v 6.52396 -0.510735 3.46419 
v 6.4946 -0.511011 3.49228 
v 6.11637 -0.342154 3.5682 
v 6.40775 -0.571028 3.6429 
v 6.31743 -0.535557 3.67136 
v 6.31758 -0.540786 3.66835 
v 5.77747 -0.469125 3.91698 
v 6.13692 -0.67847 3.91518 
v 5.84789 -0.43889 3.85348 
v 5.8459 -0.699749 4.17257 
v 5.84605 -0.704979 4.16956 
v 5.86817 -0.739941 4.09093 
v 5.49762 -0.544657 4.06575 
v 5.87329 -0.754984 4.19225 
v 5.79569 -0.789138 4.25252 
v 5.87314 -0.749755 4.19527 
v 5.79583 -0.794367 4.24951 
v 5.86802 -0.734712 4.09394 
v 5.49747 -0.539419 4.06877 
v 5.63377 -0.515766 3.97391 
v 5.63392 -0.520995 3.97089 
v 5.73164 -0.480352 3.9439 
v 6.00915 -0.709344 4.00118 
v 6.009 -0.704106 4.00421 
v 5.73149 -0.475122 3.94692 
v 6.00806 -0.692544 3.99137 
v 6.00284 -0.757801 4.03651 
v 5.95596 -0.76836 4.06946 
v 6.00269 -0.752572 4.03952 
v 5.95581 -0.763122 4.07248 
v 6.14013 -0.728248 3.94358 
v 6.09126 -0.728068 3.96749 
v 6.09111 -0.72283 3.97051 
v 6.13999 -0.723018 3.9466 
v 6.0082 -0.697774 3.98835 
v 6.11622 -0.336924 3.57121 
v 6.49445 -0.505781 3.49529 
v 6.52381 -0.505505 3.46721 
v 6.37108 -0.461035 3.52543 
v 6.00839 -0.358894 3.65003 
v 6.37123 -0.466273 3.52241 
v 6.00854 -0.364132 3.64701 
v 6.10693 -0.349038 3.60387 
v 5.72792 -0.299478 3.67126 
v 5.7178 -0.328849 3.72894 
v 5.75811 -0.282564 3.6555 
v 5.95612 -0.401424 3.73331 
v 6.10679 -0.343808 3.60689 
v 5.72777 -0.294248 3.67427 
v 5.75094 -0.210231 3.57329 
v 6.41135 -0.376989 3.39135 
v 6.14783 -0.251901 3.43262 
v 6.04675 -0.293349 3.5431 
v 6.14798 -0.257139 3.4296 
v 6.4115 -0.382227 3.38833 
v 6.0469 -0.298579 3.54008 
v 5.75079 -0.204993 3.57631 
v 5.71765 -0.32362 3.73196 
v 5.75796 -0.277326 3.65852 
v 6.50124 -0.472568 3.45257 
v 6.16534 -0.296841 3.49928 
v 6.50139 -0.477807 3.44955 
v 6.55785 -0.422916 3.32568 
v 6.5298 -0.424778 3.35416 
v 6.16549 -0.302071 3.49626 
v 6.52965 -0.41954 3.35718 
v 6.5577 -0.417677 3.3287 
v 6.5009 -0.349252 3.20246 
v 6.47381 -0.348661 3.22672 
v 6.09198 -0.192061 3.32373 
v 6.5365 -0.386942 3.31551 
v 6.53664 -0.392172 3.31249 
v 6.19383 -0.231875 3.38561 
v 5.95597 -0.396186 3.73633 
v 5.44916 -0.395401 3.86269 
v 5.47769 -0.295534 3.76352 
v 5.44901 -0.390172 3.8657 
v 5.47754 -0.290304 3.76653 
v 5.74632 -0.331358 3.74677 
v 5.74647 -0.336587 3.74375 
v 5.5103 -0.220308 3.68065 
v 5.51016 -0.21507 3.68367 
v 5.419 -0.25594 3.76459 
v 5.41915 -0.26117 3.76158 
v 5.74165 -0.263542 3.66042 
v 5.7415 -0.258303 3.66344 
v 3.56025 -0.502142 4.33313 
v 3.63028 -0.328483 4.19999 
v 3.41542 -0.952647 4.71761 
v 3.67698 -1.18194 4.95852 
v 3.56247 -0.912088 4.71978 
v 3.67712 -1.18718 4.9555 
v 3.41556 -0.957885 4.71459 
v 3.56262 -0.917326 4.71676 
v 3.72409 -0.862799 4.65913 
v 3.5393 -1.00804 4.80274 
v 3.53916 -1.00282 4.80576 
v 3.51865 -1.22342 4.98158 
v 3.5188 -1.22865 4.97857 
v 3.72424 -0.868028 4.65611 
v 3.82233 -1.16661 4.94628 
v 3.82247 -1.17184 4.94327 
v 3.62404 -0.9046 4.64931 
v 3.93801 -1.10973 4.86057 
v 3.77519 -1.15847 4.88392 
v 3.83074 -1.24171 4.94866 
v 3.83059 -1.23647 4.95168 
v 3.93786 -1.1045 4.86358 
v 3.77505 -1.15324 4.88693 
v 3.89696 -1.28757 4.98543 
v 3.6239 -0.899371 4.65233 
v 3.77379 -0.852311 4.63853 
v 3.94253 -0.787451 4.55851 
v 3.77364 -0.847081 4.64155 
v 3.94268 -0.792689 4.55548 
v 4.0693 -1.0872 4.83516 
v 4.06945 -1.09243 4.83214 
v 3.89681 -1.28234 4.98844 
v 3.5534 -1.48471 5.19919 
v 3.59443 -1.41163 5.14949 
v 3.59458 -1.41687 5.14647 
v 3.55355 -1.48995 5.19617 
v 3.59331 -1.28142 5.03739 
v 3.47518 -1.5197 5.20038 
v 3.47503 -1.51447 5.2034 
v 3.59317 -1.27619 5.04041 
v 3.57073 -1.31906 5.03381 
v 3.57059 -1.31384 5.03683 
v 3.64092 -1.36881 5.07509 
v 3.64107 -1.37404 5.07207 
v 3.72757 -1.37297 5.09137 
v 3.797 -1.36132 5.08423 
v 3.83215 -1.31182 5.04366 
v 3.8323 -1.31705 5.04064 
v 3.79715 -1.36655 5.08122 
v 4.03492 -1.30092 5.00319 
v 3.95999 -1.30467 5.00122 
v 3.72772 -1.3782 5.08835 
v 3.95984 -1.29944 5.00424 
v 4.03477 -1.29568 5.00621 
v 4.08769 -1.28037 4.97983 
v 4.08784 -1.28561 4.97681 
v 3.63492 -0.578199 4.40089 
v 3.61992 -0.639109 4.4114 
v 3.61977 -0.633871 4.41442 
v 3.4766 -0.6828 4.44629 
v 3.47675 -0.688029 4.44327 
v 3.26041 -0.345402 4.15323 
v 3.26026 -0.340172 4.15624 
v 3.44071 -0.326969 4.17844 
v 3.41866 -0.473884 4.29902 
v 3.45602 -0.437974 4.27004 
v 3.41866 -0.473884 4.29902 
v 3.56025 -0.502142 4.33313 
v 3.66572 -0.45046 4.29947 
v 3.93766 -0.636656 4.43474 
v 3.85298 -0.189748 4.02111 
v 4.02039 -0.66051 4.45109 
v 3.87825 -0.583273 4.39492 
v 4.02039 -0.66051 4.45109 
v 4.12179 -0.660889 4.44216 
v 3.85811 -0.537691 4.3609 
v 3.81472 -0.4375 4.28426 
v 3.82196 -0.57355 4.38985 
v 3.85811 -0.537691 4.3609 
v 3.87825 -0.583273 4.39492 
v 3.85811 -0.537691 4.3609 
v 3.63492 -0.578199 4.40089 
v 3.71879 -0.601395 4.41616 
v 3.82196 -0.57355 4.38985 
v 3.66572 -0.45046 4.29947 
v 3.82196 -0.57355 4.38985 
v 3.63492 -0.578199 4.40089 
v 3.88651 -0.830715 4.56062 
v 3.88666 -0.835953 4.5576 
v 4.13826 -0.701557 4.48202 
v 3.99362 -0.781701 4.5365 
v 4.13811 -0.696319 4.48504 
v 3.99347 -0.776471 4.53951 
v 3.87825 -0.583273 4.39492 
v 4.02039 -0.66051 4.45109 
v 3.93766 -0.636656 4.43474 
v 4.12179 -0.660889 4.44216 
v 4.21108 -1.0034 4.77179 
v 4.53012 -0.95329 4.71497 
v 4.13429 -0.82196 4.56235 
v 4.37297 -1.06485 4.78702 
v 4.13443 -0.827198 4.55933 
v 4.53026 -0.95852 4.71195 
v 4.37312 -1.07009 4.78399 
v 4.76241 -0.982574 4.7069 
v 4.71292 -0.903093 4.63685 
v 4.71277 -0.897864 4.63987 
v 4.76226 -0.977345 4.70992 
v 4.06246 -1.07055 4.79627 
v 4.21122 -1.00864 4.76877 
v 4.06261 -1.07578 4.79326 
v 4.81858 -1.09899 4.81952 
v 4.43443 -0.840526 4.53415 
v 4.89422 -0.871591 4.59832 
v 4.72849 -1.01591 4.6953 
v 4.28601 -0.740727 4.50391 
v 4.28616 -0.745965 4.50089 
v 4.89407 -0.866362 4.60134 
v 4.43429 -0.835288 4.53717 
v 4.72834 -1.01068 4.69831 
v 4.36151 -0.964133 4.72555 
v 4.36166 -0.969363 4.72254 
v 4.92983 -1.08846 4.71718 
v 5.10282 -1.06916 4.70424 
v 5.24171 -1.01527 4.65871 
v 5.24185 -1.0205 4.6557 
v 5.10297 -1.07439 4.70122 
v 5.23546 -0.944507 4.60346 
v 4.92998 -1.0937 4.71416 
v 5.23532 -0.939277 4.60648 
v 5.29228 -0.926797 4.51262 
v 5.18271 -0.762404 4.42792 
v 5.44971 -0.923887 4.48137 
v 5.18256 -0.757166 4.43094 
v 5.44956 -0.918649 4.48439 
v 5.56202 -0.873176 4.4328 
v 5.56216 -0.878406 4.42978 
v 5.29213 -0.921559 4.51564 
v 5.08299 -0.760383 4.49213 
v 5.08314 -0.765612 4.48912 
v 4.81844 -1.09375 4.82254 
v 4.32641 -1.22331 4.91914 
v 4.22217 -1.19421 4.88055 
v 4.32627 -1.21808 4.92216 
v 4.4227 -1.21195 4.91866 
v 4.42284 -1.21718 4.91564 
v 4.1054 -1.23069 4.9236 
v 4.10525 -1.22546 4.92662 
v 4.22202 -1.18898 4.88356 
v 4.14894 -1.15408 4.84369 
v 4.40827 -1.03923 4.7927 
v 4.40842 -1.04446 4.78969 
v 4.14879 -1.14885 4.8467 
v 4.45013 -1.15199 4.87895 
v 4.54149 -1.16114 4.84602 
v 4.65819 -1.1612 4.86151 
v 4.65833 -1.16644 4.85849 
v 4.54164 -1.16637 4.84301 
v 4.78251 -1.16052 4.85185 
v 4.78237 -1.15529 4.85487 
v 4.45027 -1.15723 4.87593 
v 4.45005 -1.13721 4.82186 
v 4.4499 -1.13198 4.82487 
v 5.06588 -0.824408 4.50796 
v 4.70705 -0.674317 4.40445 
v 4.59008 -0.647381 4.4198 
v 4.59023 -0.652619 4.41678 
v 4.43871 -0.63091 4.40321 
v 4.18199 -0.641804 4.4217 
v 4.19101 -0.582668 4.37283 
v 4.43857 -0.625671 4.40623 
v 4.7069 -0.669087 4.40747 
v 4.11268 -0.469624 4.28189 
v 4.19788 -0.46337 4.26795 
v 4.18199 -0.641804 4.4217 
v 5.66882 -0.790836 4.29525 
v 5.36123 -0.744244 4.32046 
v 5.66868 -0.785598 4.29827 
v 5.36109 -0.739014 4.32348 
v 5.54184 -0.805509 4.39193 
v 5.36599 -0.64479 4.31037 
v 5.36613 -0.650028 4.30735 
v 5.54199 -0.810747 4.38891 
v 5.06573 -0.819179 4.51098 
v 4.33074 -0.17488 3.95571 
v 4.57576 0.0652975 3.4835 
v 4.67729 0.114468 3.39836 
v 4.67257 0.0257434 3.50116 
v 4.5326 0.15414 3.39753 
v 4.96024 0.0112791 3.46767 
v 4.50164 0.133846 3.46024 
v 4.85227 0.0278304 3.44581 
v 4.49366 0.112846 3.40676 
v 4.80903 0.0575842 3.42357 
v 4.67714 0.119706 3.40138 
v 4.57561 0.0705356 3.48652 
v 4.67242 0.030973 3.50418 
v 4.89934 -0.0322131 3.50624 
v 4.71905 -0.000234365 3.51701 
v 4.61101 0.145246 3.41435 
v 5.00055 -0.0139369 3.5569 
v 4.57012 0.127954 3.47379 
v 4.59967 0.0686741 3.51754 
v 4.90062 0.00380045 3.48499 
v 4.69466 0.103873 3.43453 
v 4.59646 0.157264 3.39281 
v 4.9969 0.0100775 3.51509 
v 4.55924 0.139539 3.45318 
v 4.56328 0.146702 3.39983 
v 4.56343 0.141473 3.39682 
v 4.96009 0.0165088 3.47069 
v 4.53245 0.159379 3.40055 
v 4.50149 0.139084 3.46327 
v 4.47775 0.104809 3.46588 
v 4.4776 0.110039 3.46889 
v 4.99675 0.015307 3.51811 
v 4.59631 0.162502 3.39583 
v 4.5591 0.144777 3.4562 
v 4.90077 -0.00142926 3.48197 
v 4.59982 0.0634361 3.51452 
v 4.69481 0.0986348 3.4315 
v 4.90748 0.0610202 3.40305 
v 4.69481 0.0986348 3.4315 
v 4.80906 0.0565385 3.42297 
v 4.85218 0.0309681 3.44762 
v 4.80892 0.0617681 3.42598 
v 4.92993 0.0367557 3.42686 
v 4.85203 0.0362063 3.45064 
v 4.80892 0.0617681 3.42598 
v 4.69466 0.103873 3.43453 
v 4.90109 -0.0129427 3.47533 
v 4.94627 0.0414664 3.41466 
v 4.69109 0.112211 3.41022 
v 4.56665 0.197039 3.31273 
v 4.94642 0.0362284 3.41164 
v 4.94627 0.0414664 3.41466 
v 4.69094 0.117441 3.41324 
v 4.94642 0.0362284 3.41164 
v 4.69109 0.112211 3.41022 
v 5.00497 0.0552647 3.45407 
v 4.65099 0.133357 3.39821 
v 4.90733 0.0662585 3.40607 
v 5.00497 0.0552647 3.45407 
v 4.69094 0.117441 3.41324 
v 5.0004 -0.00870758 3.55992 
v 4.61087 0.150484 3.41738 
v 4.56998 0.133193 3.47682 
v 4.37698 0.0539472 3.53464 
v 4.82607 -0.0613269 3.55798 
v 4.61722 0.0277743 3.55301 
v 4.89887 -0.0154699 3.5159 
v 4.92455 0.0371497 3.52512 
v 4.77073 -0.0592957 3.60983 
v 4.13579 -0.0278599 3.67197 
v 3.99837 0.127669 3.49725 
v 4.26226 0.0146076 3.59967 
v 4.61943 0.015052 3.6042 
v 4.8256 -0.0445837 3.56764 
v 4.58292 0.010418 3.59111 
v 4.99722 -0.0542719 3.62183 
v 4.57068 0.1009 3.528 
v 3.85489 0.056519 3.6015 
v 4.53094 0.0748659 3.53489 
v 4.53109 0.0696363 3.53187 
v 4.5792 0.0726337 3.5266 
v 4.57906 0.0778633 3.52962 
v 4.99737 -0.0595101 3.61881 
v 4.58307 0.0051797 3.58808 
v 4.57082 0.0956612 3.52498 
v 4.89901 -0.0206996 3.51288 
v 4.93148 -0.0772402 3.57618 
v 4.93133 -0.0720021 3.5792 
v 4.8256 -0.0445837 3.56764 
v 4.71893 0.00394922 3.51942 
v 4.61722 0.0277743 3.55301 
v 4.89887 -0.0154699 3.5159 
v 4.61428 0.110816 3.46695 
v 4.58411 0.0601678 3.54846 
v 5.02565 0.0157616 3.51389 
v 4.92337 0.0360476 3.52455 
v 4.91208 0.077965 3.45858 
v 4.50982 0.180653 3.48111 
v 4.58397 0.0653973 3.55147 
v 4.39578 0.13006 3.58988 
v 4.84789 0.00292212 3.6146 
v 4.61413 0.116054 3.46997 
v 4.13107 0.283513 3.29157 
v 3.62707 0.275885 3.37944 
v 3.66849 0.326863 3.31002 
v 4.56654 0.204212 3.31965 
v 4.13107 0.283513 3.29157 
v 4.14638 0.345285 3.3304 
v 4.5665 0.202268 3.31574 
v 4.5665 0.202268 3.31574 
v 4.09047 0.222185 3.37174 
v 3.68501 0.403151 3.36969 
v 3.66849 0.326863 3.31002 
v 3.50393 0.335993 3.32488 
v 4.47027 0.222835 3.32621 
v 4.44845 0.171244 3.4025 
v 4.58045 0.193283 3.32233 
v 4.91109 0.11045 3.32238 
v 4.69042 0.171061 3.32267 
v 4.91124 0.105212 3.31936 
v 4.69057 0.165832 3.31965 
v 4.65114 0.128127 3.39519 
v 4.5665 0.202268 3.31574 
v 4.5803 0.198521 3.32535 
v 4.47041 0.217605 3.3232 
v 4.44859 0.166006 3.39948 
v 4.5665 0.202268 3.31574 
v 4.57094 0.185509 3.35471 
v 4.65099 0.133357 3.39821 
v 4.94627 0.0414664 3.41466 
v 3.47222 0.132797 3.55464 
v 3.55378 0.18261 3.4892 
v 3.60119 0.222372 3.4395 
v 3.62371 0.390115 3.47883 
v 3.58581 0.342452 3.54994 
v 4.01075 0.234565 3.58592 
v 3.53894 0.298759 3.6113 
v 3.46956 0.255921 3.65073 
v 4.91456 0.0855374 3.43349 
v 4.10375 0.298125 3.44396 
v 4.93008 0.031526 3.42385 
v 4.80906 0.0565385 3.42297 
v 5.68594 -0.180718 3.4754 
v 6.09183 -0.186832 3.32675 
v 5.71268 -0.105916 3.35913 
v 5.68609 -0.185947 3.47239 
v 5.71282 -0.111154 3.35611 
v 5.99216 -0.235545 3.43297 
v 5.99201 -0.230316 3.43598 
v 5.35646 -0.0831905 3.45721 
v 5.74574 -0.114301 3.39704 
v 5.76803 -0.1684 3.44838 
v 5.74559 -0.109063 3.40006 
v 5.76788 -0.16317 3.45139 
v 5.69631 -0.0558555 3.29814 
v 5.30594 -0.0325712 3.38877 
v 5.69617 -0.0506173 3.30116 
v 5.30579 -0.0273416 3.39178 
v 5.35631 -0.0779609 3.46022 
v 5.37778 -0.0318617 3.40313 
v 5.37793 -0.0370913 3.40011 
v 6.13354 -0.157365 3.27286 
v 6.47366 -0.343423 3.22974 
v 6.50075 -0.344022 3.20548 
v 6.48066 -0.311588 3.19182 
v 6.48081 -0.316818 3.1888 
v 6.35841 -0.307824 3.2737 
v 6.19369 -0.226637 3.38864 
v 6.35827 -0.302595 3.27671 
v 6.13368 -0.162603 3.26984 
v 5.28777 -0.119227 3.52843 
v 5.28791 -0.124456 3.52541 
v 5.74221 -0.252219 3.58035 
v 5.34433 -0.173593 3.59157 
v 5.74206 -0.246989 3.58337 
v 5.34419 -0.168355 3.59459 
v 5.34548 -0.19667 3.67036 
v 5.37204 -0.117091 3.55545 
v 5.3694 -0.147034 3.61934 
v 5.40416 -0.0892842 3.54026 
v 5.36954 -0.152272 3.61632 
v 5.40431 -0.0945139 3.53724 
v 5.34534 -0.19144 3.67338 
v 5.37189 -0.111853 3.55847 
v 5.75218 -0.158978 3.4966 
v 5.40237 -0.0597405 3.48895 
v 5.75232 -0.164217 3.49358 
v 5.76665 -0.231581 3.57963 
v 5.76679 -0.236819 3.57661 
v 5.40252 -0.06497 3.48593 
v 4.92993 0.0367557 3.42686 
v 4.93008 0.031526 3.42385 
v 4.80903 0.0575842 3.42357 
v 4.94627 0.0414664 3.41466 
v 4.92993 0.0367557 3.42686 
v 5.01876 0.044062 3.4524 
v 4.85203 0.0362063 3.45064 
v 4.85218 0.0309681 3.44762 
v 5.09683 0.0181796 3.47204 
v 4.97298 0.0514918 3.39374 
v 4.57094 0.185509 3.35471 
v 4.91441 0.0907668 3.4365 
v 4.97283 0.0567213 3.39676 
v 5.01861 0.0492913 3.45541 
v 5.00497 0.0552647 3.45407 
v 5.09908 0.00800699 3.48978 
v 5.09683 0.0181796 3.47204 
v 5.31682 0.027623 3.32364 
v 5.31697 0.0223848 3.32062 
v 5.02562 0.0168076 3.51449 
v 5.02565 0.0157616 3.51389 
v 5.09908 0.00800699 3.48978 
v 4.95445 -0.0703676 3.62345 
v 4.9546 -0.0755972 3.62044 
v 4.92455 0.0371497 3.52512 
v 5.0871 -0.0404729 3.57567 
v 4.94281 -0.0285912 3.62304 
v 4.95067 -0.0929091 3.66235 
v 4.95082 -0.0981387 3.65934 
v 5.13733 -0.0740482 3.62182 
v 4.67678 0.00465661 3.60325 
v 4.72609 0.0474061 3.54121 
v 4.86729 -0.0516751 3.536 
v 4.86715 -0.0464457 3.53902 
v 5.0253 0.0319081 3.4883 
v 5.02545 0.0266785 3.48528 
v 4.59967 0.0686741 3.51754 
v 5.02447 -0.00996721 3.5536 
v 5.02462 -0.0151966 3.55059 
v 5.11322 -0.0641248 3.60102 
v 5.0896 -0.0666352 3.61632 
v 5.09674 0.0213174 3.47385 
v 5.09893 0.0132366 3.4928 
v 5.0871 -0.0404729 3.57567 
v 5.05065 -0.0528859 3.62929 
v 4.67663 0.00988597 3.60627 
v 5.13718 -0.0688186 3.62484 
v 4.72594 0.052636 3.54423 
v 4.21116 -0.326036 4.04744 
v 3.88315 -0.116241 3.82014 
v 4.26657 -0.297192 4.00497 
v 4.03517 -0.062915 3.73026 
v 4.31083 -0.279419 3.97631 
v 4.3853 -0.274872 3.9648 
v 4.38653 -0.27587 3.96416 
v 4.31083 -0.279419 3.97631 
v 3.81293 -0.140213 3.8607 
v 4.09031 -0.334916 4.07871 
v 4.26657 -0.297192 4.00497 
v 4.3853 -0.274872 3.9648 
v 4.38653 -0.27587 3.96416 
v 4.44404 -0.256427 3.93569 
v 4.01299 -0.317302 4.07102 
v 4.38653 -0.27587 3.96416 
v 4.23238 -0.0960906 3.86997 
v 4.24367 -0.102777 3.87244 
v 4.51069 -0.218154 3.87983 
v 4.44404 -0.256427 3.93569 
v 4.51069 -0.218154 3.87983 
v 4.51172 -0.188686 3.84089 
v 4.24381 -0.108015 3.86942 
v 4.54961 -0.106718 3.85789 
v 4.84329 -0.330126 4.05146 
v 4.47961 -0.0611602 3.77791 
v 4.51172 -0.188686 3.84089 
v 4.58511 -0.198376 3.81288 
v 4.58511 -0.198376 3.81288 
v 4.66485 -0.164254 3.78179 
v 4.47961 -0.0611602 3.77791 
v 4.48553 -0.0435575 3.72348 
v 4.42968 -0.127882 3.82341 
v 4.48538 -0.0383281 3.7265 
v 4.42953 -0.122653 3.82643 
v 4.26579 -0.249835 3.97362 
v 3.91623 -0.360556 4.12437 
v 3.99739 -0.322658 4.06746 
v 4.09046 -0.338655 4.07794 
v 3.6377 -0.15089 4.04487 
v 4.09046 -0.338655 4.07794 
v 3.91654 -0.0487129 3.90309 
v 3.83189 -0.075454 3.94291 
v 4.21116 -0.326036 4.04744 
v 4.26565 -0.244596 3.97665 
v 4.73285 -0.377404 4.12563 
v 4.83125 -0.359343 4.087 
v 4.6265 -0.374564 4.13487 
v 4.6265 -0.374564 4.13487 
v 4.73285 -0.377404 4.12563 
v 4.21116 -0.326036 4.04744 
v 4.26657 -0.297192 4.00497 
v 4.101 -0.15966 3.94716 
v 4.10086 -0.154422 3.95018 
v 3.65725 -0.00283003 3.69476 
v 4.15252 0.0449719 3.77151 
v 4.29684 0.0957702 3.66387 
v 3.85593 0.158623 3.70762 
v 3.66795 0.0967321 3.79607 
v 4.64105 -0.128231 3.7327 
v 4.72188 -0.131941 3.71887 
v 4.73435 -0.109918 3.68614 
v 4.707 -0.0867587 3.65918 
v 4.66368 -0.13923 3.7432 
v 4.64105 -0.128231 3.7327 
v 4.72188 -0.131941 3.71887 
v 4.52365 -0.0248613 3.69293 
v 4.94463 -0.130955 3.75947 
v 4.53828 0.00862485 3.66946 
v 4.56497 -0.00431931 3.65207 
v 4.77073 -0.0592957 3.60983 
v 4.70262 -0.0624268 3.74741 
v 4.52365 -0.0248613 3.69293 
v 4.73435 -0.109918 3.68614 
v 4.56497 -0.00431931 3.65207 
v 4.80645 -0.0285063 3.67432 
v 4.66368 -0.13923 3.7432 
v 4.64105 -0.128231 3.7327 
v 3.51172 0.0452304 3.87049 
v 4.04623 0.00304288 3.83177 
v 4.66485 -0.164254 3.78179 
v 4.66368 -0.13923 3.7432 
v 4.47025 -0.0480555 3.76924 
v 4.86791 -0.199206 3.87406 
v 4.4701 -0.0428172 3.77227 
v 4.90551 -0.209878 3.89923 
v 4.94477 -0.136185 3.75646 
v 4.53843 0.00339526 3.66644 
v 5.33673 -0.217187 3.70792 
v 5.33688 -0.222424 3.7049 
v 5.11527 -0.166812 3.70655 
v 5.11512 -0.161573 3.70958 
v 5.04735 -0.115307 3.70106 
v 4.94327 -0.162174 3.7095 
v 4.94312 -0.156945 3.71251 
v 5.0472 -0.110077 3.70407 
v 5.39914 -0.136953 3.61782 
v 5.39929 -0.142183 3.61481 
v 4.58547 -0.0324745 3.68494 
v 4.87561 -0.297556 4.01108 
v 4.9554 -0.303127 4.00042 
v 4.81247 -0.291327 4.01415 
v 4.84329 -0.330126 4.05146 
v 4.81247 -0.291327 4.01415 
v 4.87561 -0.297556 4.01108 
v 5.00274 -0.276778 3.96674 
v 5.00274 -0.276778 3.96674 
v 4.90551 -0.209878 3.89923 
v 5.02427 -0.237251 3.90168 
v 4.58532 -0.0272365 3.68796 
v 4.90551 -0.209878 3.89923 
v 5.06143 -0.225052 3.87023 
v 5.05335 -0.247386 3.8118 
v 5.0535 -0.252624 3.80878 
v 4.9554 -0.303127 4.00042 
v 5.06143 -0.225052 3.87023 
v 4.98865 -0.176599 3.82139 
v 5.02427 -0.237251 3.90168 
v 4.53491 -0.130338 3.77956 
v 4.707 -0.0867587 3.65918 
v 4.61943 0.015052 3.6042 
v 4.9429 -0.0317291 3.62123 
v 5.09315 -0.0949678 3.64866 
v 5.11666 -0.126485 3.69478 
v 5.12509 -0.111018 3.67805 
v 5.09315 -0.0949678 3.64866 
v 5.05091 -0.0623077 3.62385 
v 5.0896 -0.0666352 3.61632 
v 4.77073 -0.0592957 3.60983 
v 4.9429 -0.0317291 3.62123 
v 5.11301 -0.0568032 3.60525 
v 5.12524 -0.116248 3.67503 
v 5.09304 -0.0907755 3.65108 
v 5.08934 -0.0572133 3.62175 
v 4.6261 -0.0890232 3.70029 
v 4.62625 -0.0942529 3.69727 
v 4.53477 -0.125099 3.78258 
v 4.98865 -0.176599 3.82139 
v 5.09903 -0.169296 3.76331 
v 4.96616 -0.102031 3.71763 
v 4.73435 -0.109918 3.68614 
v 4.63463 0.0155134 3.62592 
v 4.63477 0.010284 3.6229 
v 4.96601 -0.0967929 3.72065 
v 5.11666 -0.126485 3.69478 
v 5.10077 -0.1857 3.79425 
v 5.1008 -0.186746 3.79365 
v 5.09894 -0.166158 3.76512 
v 5.09903 -0.169296 3.76331 
v 5.1166 -0.124393 3.69598 

vn -0.992126 -0.133858 -0.023622 
vn 0.0472441 0.377953 0.92126 
vn -0.385827 -0.748031 -0.543307 
vn -0.992126 -0.133858 -0.023622 
vn 0.11811 -0.92126 -0.370079 
vn 0.850394 -0.338583 -0.393701 
vn -0.385827 -0.748031 -0.543307 
vn 0.188976 -0.771654 -0.606299 
vn 0.11811 -0.92126 -0.370079 
vn 0.669291 0.417323 0.622047 
vn 0.551181 0.496063 0.669291 
vn 0.590551 0.464567 0.653543 
vn -0.992126 -0.133858 -0.023622 
vn -0.385827 -0.748031 -0.543307 
vn 0.11811 -0.92126 -0.370079 
vn -0.015748 -0.771654 -0.637795 
vn 0.110236 -0.724409 -0.685039 
vn -0.858268 0.275591 0.440945 
vn 0.622047 0.464567 0.629921 
vn 0.322835 -0.937008 -0.102362 
vn 0.244094 -0.779528 -0.574803 
vn 0.322835 -0.937008 -0.102362 
vn -0.19685 0.496063 0.84252 
vn -0.259843 0.677165 0.692913 
vn 0.149606 -0.629921 -0.76378 
vn 0.165354 -0.606299 -0.771654 
vn 0.165354 -0.622047 -0.76378 
vn -0.181102 0.614173 0.76378 
vn -0.15748 0.637795 0.755906 
vn -0.181102 0.629921 0.755906 
vn 0.165354 -0.629921 -0.755906 
vn 0.181102 -0.614173 -0.76378 
vn 0.181102 -0.629921 -0.755906 
vn 0.283465 -0.629921 -0.716535 
vn 0.23622 -0.76378 -0.598425 
vn 0.496063 -0.716535 -0.496063 
vn 0.11811 -0.614173 -0.779528 
vn 0.133858 -0.629921 -0.76378 
vn -0.181102 0.622047 0.76378 
vn -0.204724 0.606299 0.771654 
vn -0.165354 0.606299 0.779528 
vn 0.204724 -0.606299 -0.771654 
vn 0.181102 -0.622047 -0.76378 
vn 0.165354 -0.606299 -0.779528 
vn 0.141732 -0.614173 -0.771654 
vn -0.212598 0.614173 0.755906 
vn 0.212598 -0.614173 -0.755906 
vn 0.622047 -0.566929 -0.535433 
vn -0.0472441 -0.968504 0.244094 
vn -0.275591 -0.866142 0.409449 
vn -0.527559 -0.23622 0.818898 
vn 0.622047 -0.566929 -0.535433 
vn -0.00787402 0.503937 0.866142 
vn 0.165354 0.527559 0.834646 
vn -0.141732 0.622047 0.771654 
vn -0.165354 0.614173 0.771654 
vn -0.141732 0.629921 0.76378 
vn -0.165354 0.622047 0.76378 
vn -0.417323 0.700787 0.574803 
vn 0.0314961 -0.614173 -0.787402 
vn 0.92126 -0.173228 0.338583 
vn 0.850394 -0.338583 -0.393701 
vn 0.0314961 -0.614173 -0.787402 
vn 0.629921 -0.551181 -0.543307 
vn -0.259843 0.677165 0.685039 
vn 0.992126 -0.0708661 -0.0787402 
vn -0.992126 -0.133858 -0.023622 
vn 0.92126 -0.173228 0.338583 
vn -0.259843 0.677165 0.685039 
vn 0.88189 -0.472441 -0.0393701 
vn -0.866142 -0.464567 -0.173228 
vn 0.488189 0.527559 0.692913 
vn -0.0866142 0.511811 0.858268 
vn 0.110236 0.527559 0.84252 
vn 0.00787402 0.503937 0.866142 
vn -0.11811 0.622047 0.779528 
vn -0.125984 0.637795 0.76378 
vn 0.92126 -0.173228 0.338583 
vn 0.488189 0.519685 0.700787 
vn -0.976378 0.023622 0.204724 
vn -0.866142 -0.464567 -0.173228 
vn 0.00787402 0.519685 0.850394 
vn 0.133858 -0.771654 -0.622047 
vn 0.141732 -0.614173 -0.779528 
vn 0.283465 0.440945 0.850394 
vn -0.141732 0.614173 0.779528 
vn 0.110236 0.527559 0.84252 
vn -0.527559 -0.23622 0.818898 
vn 0.212598 -0.637795 -0.740157 
vn 0.283465 0.440945 0.850394 
vn 0.283465 -0.629921 -0.716535 
vn -0.0472441 -0.968504 0.244094 
vn 0.0708661 -0.551181 -0.834646 
vn 0.228346 -0.614173 -0.755906 
vn 0.15748 -0.614173 -0.771654 
vn 0.622047 -0.566929 -0.535433 
vn 0.165354 0.527559 0.834646 
vn 0.11811 -0.622047 -0.771654 
vn -0.11811 0.622047 0.771654 
vn 0.110236 -0.622047 -0.771654 
vn 0.141732 -0.637795 -0.755906 
vn 0.629921 -0.669291 -0.385827 
vn 0.220472 -0.795276 -0.566929 
vn 0.220472 -0.779528 -0.590551 
vn 0.992126 0.149606 0 
vn 0.314961 0.440945 0.84252 
vn -0.228346 0.614173 0.755906 
vn -0.181102 0.629921 0.755906 
vn -0.228346 0.629921 0.740157 
vn 0.314961 0.440945 0.84252 
vn 0.220472 -0.779528 -0.590551 
vn 0.0393701 0.685039 0.724409 
vn 0.700787 -0.574803 -0.425197 
vn 0.299213 -0.740157 -0.598425 
vn 0.251969 -0.748031 -0.606299 
vn -0.0629921 0.598425 0.80315 
vn -0.0472441 0.590551 0.80315 
vn 0.015748 0.503937 0.866142 
vn -0.0393701 0.637795 0.771654 
vn 0.181102 -0.629921 -0.755906 
vn 0.23622 -0.629921 -0.740157 
vn -0.740157 0.464567 0.488189 
vn -0.417323 0.409449 0.811024 
vn 0.251969 -0.84252 -0.472441 
vn 0.173228 -0.787402 -0.598425 
vn 0.496063 -0.716535 -0.496063 
vn -0.417323 0.409449 0.811024 
vn -0.110236 0.622047 0.771654 
vn -0.141732 0.629921 0.76378 
vn 0.015748 -0.76378 -0.637795 
vn 0.244094 -0.661417 -0.708661 
vn 0.015748 -0.76378 -0.637795 
vn 0.228346 -0.732283 -0.637795 
vn -0.417323 0.409449 0.811024 
vn -0.15748 0.653543 0.740157 
vn -0.023622 0.559055 0.826772 
vn 0.0393701 0.685039 0.724409 
vn 0.456693 -0.574803 -0.685039 
vn 0.314961 0.440945 0.84252 
vn -0.0708661 0.330709 0.944882 
vn 0.992126 0.149606 0 
vn -0.15748 0.629921 0.76378 
vn -0.133858 0.637795 0.755906 
vn -0.275591 -0.866142 0.409449 
vn 0.15748 -0.629921 -0.76378 
vn 0.811024 0.173228 0.559055 
vn -0.15748 0.614173 0.771654 
vn 0.811024 0.173228 0.559055 
vn -0.740157 0.464567 0.488189 
vn 0 0.488189 0.874016 
vn -0.204724 0.590551 0.779528 
vn -0.0944882 0.472441 0.874016 
vn 0.811024 0.173228 0.559055 
vn 0.149606 -0.629921 -0.76378 
vn -0.173228 0.606299 0.779528 
vn -0.23622 0.574803 0.787402 
vn -0.220472 0.606299 0.76378 
vn 0.244094 -0.574803 -0.787402 
vn 0.173228 -0.606299 -0.779528 
vn 0.220472 -0.606299 -0.76378 
vn 0.259843 -0.606299 -0.755906 
vn -0.259843 0.606299 0.748031 
vn 0.23622 -0.582677 -0.779528 
vn 0.204724 -0.606299 -0.76378 
vn 0.188976 -0.614173 -0.76378 
vn -0.220472 0.582677 0.779528 
vn -0.212598 0.598425 0.771654 
vn -0.188976 0.566929 0.795276 
vn 0.212598 -0.598425 -0.771654 
vn 0.220472 -0.582677 -0.779528 
vn 0.188976 -0.566929 -0.795276 
vn -0.251969 0.582677 0.771654 
vn -0.204724 0.598425 0.779528 
vn -0.23622 0.566929 0.787402 
vn -0.15748 0.637795 0.755906 
vn -0.204724 0.606299 0.76378 
vn -0.188976 0.614173 0.76378 
vn 0.165354 -0.629921 -0.755906 
vn 0.181102 -0.598425 -0.779528 
vn -0.181102 0.606299 0.779528 
vn -0.141732 0.622047 0.771654 
vn 0.141732 -0.622047 -0.771654 
vn 0.204724 -0.590551 -0.779528 
vn 0.251969 -0.582677 -0.771654 
vn 0.244094 -0.566929 -0.787402 
vn -0.228346 0.535433 0.811024 
vn -0.204724 0.582677 0.787402 
vn -0.19685 0.582677 0.787402 
vn 0.204724 -0.582677 -0.787402 
vn 0.228346 -0.535433 -0.811024 
vn 0.19685 -0.582677 -0.787402 
vn 0.23622 -0.590551 -0.771654 
vn 0.204724 -0.598425 -0.771654 
vn 0.212598 -0.598425 -0.771654 
vn 0.133858 -0.503937 -0.858268 
vn 0.11811 -0.527559 -0.84252 
vn 0.133858 -0.614173 -0.779528 
vn -0.212598 0.598425 0.771654 
vn -0.204724 0.598425 0.771654 
vn -0.228346 0.590551 0.771654 
vn -0.133858 0.614173 0.779528 
vn -0.11811 0.527559 0.84252 
vn -0.133858 0.503937 0.858268 
vn 0.188976 -0.622047 -0.76378 
vn 0.23622 -0.606299 -0.755906 
vn 0.173228 -0.614173 -0.76378 
vn -0.188976 0.622047 0.755906 
vn -0.23622 0.606299 0.755906 
vn 0.133858 -0.606299 -0.787402 
vn 0.133858 -0.574803 -0.811024 
vn 0.204724 -0.622047 -0.755906 
vn -0.133858 0.574803 0.811024 
vn -0.133858 0.606299 0.787402 
vn -0.204724 0.622047 0.755906 
vn -0.133858 0.511811 0.850394 
vn -0.0551181 0.535433 0.84252 
vn 0.0551181 -0.535433 -0.84252 
vn 0.133858 -0.511811 -0.850394 
vn -0.23622 0.582677 0.779528 
vn -0.19685 0.574803 0.795276 
vn 0.204724 -0.574803 -0.795276 
vn 0.251969 -0.574803 -0.779528 
vn -0.23622 0.566929 0.787402 
vn 0.23622 -0.566929 -0.787402 
vn -0.244094 0.574803 0.779528 
vn -0.19685 0.527559 0.826772 
vn 0.173228 -0.629921 -0.755906 
vn -0.212598 0.590551 0.779528 
vn 0.212598 -0.590551 -0.779528 
vn -0.165354 0.629921 0.755906 
vn -0.275591 0.582677 0.76378 
vn 0.275591 -0.582677 -0.76378 
vn 0.204724 -0.527559 -0.826772 
vn 0.212598 -0.574803 -0.787402 
vn 0.188976 -0.614173 -0.771654 
vn 0.102362 -0.496063 -0.866142 
vn 0.0708661 -0.527559 -0.84252 
vn 0.0393701 -0.527559 -0.850394 
vn 0.11811 -0.496063 -0.858268 
vn 0.220472 -0.543307 -0.811024 
vn -0.220472 0.543307 0.811024 
vn -0.0708661 0.527559 0.84252 
vn -0.102362 0.496063 0.866142 
vn -0.11811 0.503937 0.858268 
vn -0.0393701 0.527559 0.850394 
vn -0.212598 0.614173 0.755906 
vn -0.228346 0.582677 0.779528 
vn 0.228346 -0.582677 -0.779528 
vn 0.212598 -0.614173 -0.755906 
vn -0.188976 0.614173 0.771654 
vn -0.204724 0.574803 0.787402 
vn -0.173228 0.622047 0.76378 
vn 0.283465 0.677165 0.677165 
vn -0.0708661 -0.740157 -0.669291 
vn 0.826772 -0.543307 0.15748 
vn -0.771654 -0.015748 0.629921 
vn 0.88189 0.385827 -0.259843 
vn -0.204724 0.590551 0.779528 
vn -0.968504 0.188976 0.173228 
vn 0.826772 -0.543307 0.15748 
vn -0.023622 -0.740157 -0.677165 
vn 0.826772 -0.543307 0.15748 
vn -0.0708661 0.551181 0.826772 
vn -0.023622 -0.740157 -0.677165 
vn 0.181102 -0.629921 -0.755906 
vn -0.181102 0.629921 0.755906 
vn -0.015748 0.566929 0.826772 
vn 0.952756 0.0866142 -0.299213 
vn -0.19685 0.614173 0.76378 
vn 0.19685 -0.614173 -0.76378 
vn 0.952756 0.0866142 -0.299213 
vn 0.88189 0.385827 -0.259843 
vn 0.204724 -0.637795 -0.748031 
vn -0.015748 0.566929 0.826772 
vn 0.952756 0.0866142 -0.299213 
vn 0.874016 0.472441 -0.149606 
vn 0.204724 -0.637795 -0.748031 
vn -0.0708661 0.551181 0.826772 
vn 0.149606 -0.622047 -0.76378 
vn 0.149606 -0.637795 -0.755906 
vn 0.204724 -0.637795 -0.748031 
vn -0.173228 0.622047 0.76378 
vn -0.188976 0.622047 0.755906 
vn 0.181102 -0.622047 -0.76378 
vn 0.188976 -0.622047 -0.755906 
vn 0.165354 -0.622047 -0.76378 
vn -0.968504 0.188976 0.173228 
vn -0.771654 -0.015748 0.629921 
vn -0.204724 0.598425 0.771654 
vn 0.204724 -0.598425 -0.771654 
vn -0.165354 0.622047 0.76378 
vn -0.149606 0.637795 0.755906 
vn 0.15748 -0.637795 -0.755906 
vn 0.19685 -0.629921 -0.748031 
vn 0.173228 -0.559055 -0.811024 
vn -0.173228 0.566929 0.811024 
vn -0.0629921 0.590551 0.80315 
vn 0.0629921 -0.590551 -0.80315 
vn 0.0708661 -0.606299 -0.795276 
vn -0.19685 0.629921 0.748031 
vn -0.19685 0.622047 0.76378 
vn 0.19685 -0.614173 -0.76378 
vn 0.165354 -0.559055 -0.811024 
vn 0.125984 -0.622047 -0.771654 
vn 0.165354 -0.543307 -0.818898 
vn -0.0708661 0.606299 0.787402 
vn -0.125984 0.622047 0.771654 
vn -0.165354 0.559055 0.811024 
vn -0.165354 0.543307 0.818898 
vn -0.858268 -0.488189 -0.181102 
vn 0.748031 0.566929 0.346457 
vn 0.732283 0.488189 0.480315 
vn 0.614173 0.637795 0.464567 
vn -0.724409 -0.488189 -0.480315 
vn -0.740157 -0.574803 -0.346457 
vn -0.598425 -0.653543 -0.472441 
vn 0.724409 0.393701 0.559055 
vn 0.614173 0.480315 0.629921 
vn 0.716535 0.448819 0.527559 
vn -0.488189 -0.551181 -0.669291 
vn -0.464567 -0.527559 -0.716535 
vn 0.464567 0.535433 0.708661 
vn 0.464567 0.559055 0.685039 
vn -0.464567 -0.559055 -0.685039 
vn 0.496063 0.551181 0.669291 
vn -0.740157 -0.590551 -0.307087 
vn 0.748031 0.590551 0.307087 
vn -0.976378 -0.181102 -0.0944882 
vn 0.992126 -0.0708661 -0.0787402 
vn -0.858268 -0.488189 -0.181102 
vn -0.976378 -0.181102 -0.0944882 
vn 0.992126 -0.0708661 -0.0787402 
vn -0.0708661 0.527559 0.850394 
vn -0.165354 0.574803 0.80315 
vn 0.0787402 -0.527559 -0.850394 
vn 0.165354 -0.574803 -0.80315 
vn 0.204724 -0.645669 -0.732283 
vn 0.283465 0.433071 0.850394 
vn 0.015748 -0.590551 -0.80315 
vn 0.251969 0.645669 0.716535 
vn -0.0629921 -0.645669 -0.755906 
vn -0.165354 -0.496063 -0.850394 
vn -0.173228 0.582677 0.795276 
vn -0.133858 0.503937 0.850394 
vn -0.0944882 0.543307 0.834646 
vn 0.0944882 -0.543307 -0.834646 
vn 0.133858 -0.503937 -0.850394 
vn 0.181102 -0.582677 -0.795276 
vn 0.0787402 -0.472441 -0.874016 
vn 0.0629921 -0.574803 -0.811024 
vn -0.952756 -0.283465 -0.125984 
vn -0.417323 0.700787 0.574803 
vn 0.88189 -0.472441 -0.0393701 
vn 0.0787402 -0.535433 -0.84252 
vn 0.133858 -0.503937 -0.858268 
vn 0.19685 -0.574803 -0.795276 
vn -0.19685 0.574803 0.795276 
vn -0.133858 0.503937 0.858268 
vn -0.0787402 0.535433 0.84252 
vn -0.0551181 0.582677 0.811024 
vn -0.0708661 0.472441 0.874016 
vn 0.0787402 0.456693 0.88189 
vn 0.251969 0.645669 0.716535 
vn -0.275591 0.543307 0.787402 
vn 0.543307 0.511811 0.661417 
vn 0.645669 0.472441 0.598425 
vn 0.110236 -0.433071 -0.897638 
vn 0.015748 -0.409449 -0.913386 
vn -0.00787402 0.409449 0.913386 
vn -0.110236 0.433071 0.897638 
vn 0.488189 0.551181 0.677165 
vn 0.015748 0.417323 0.905512 
vn -0.00787402 -0.417323 -0.905512 
vn 0.110236 -0.488189 -0.866142 
vn 0.503937 0.511811 0.692913 
vn 0.480315 0.543307 0.685039 
vn -0.102362 0.488189 0.866142 
vn 0.023622 0.464567 0.88189 
vn -0.023622 -0.464567 -0.88189 
vn 0.015748 0.440945 0.897638 
vn -0.00787402 -0.440945 -0.897638 
vn 0.110236 -0.440945 -0.889764 
vn -0.00787402 -0.425197 -0.905512 
vn 0.00787402 0.425197 0.905512 
vn -0.110236 0.440945 0.889764 
vn -0.0629921 -0.645669 -0.755906 
vn 0.251969 0.645669 0.716535 
vn 0.0787402 0.456693 0.88189 
vn -0.0629921 -0.645669 -0.755906 
vn 0.0551181 0.448819 0.889764 
vn 0.0551181 -0.559055 -0.826772 
vn -0.0551181 0.559055 0.826772 
vn -0.858268 -0.488189 -0.181102 
vn -0.897638 -0.417323 0.133858 
vn -0.0393701 -0.259843 0.968504 
vn -0.944882 -0.299213 0.15748 
vn 0.0551181 -0.748031 -0.661417 
vn -0.133858 0.606299 0.779528 
vn 0.133858 -0.606299 -0.779528 
vn -0.0393701 -0.259843 0.968504 
vn -0.897638 -0.417323 0.133858 
vn -0.944882 -0.299213 0.15748 
vn -0.0393701 -0.732283 -0.677165 
vn -0.976378 0.023622 0.204724 
vn 0.133858 -0.771654 -0.622047 
vn 0.212598 -0.637795 -0.740157 
vn -0.0393701 -0.732283 -0.677165 
vn -0.0629921 -0.645669 -0.755906 
vn -0.275591 0.543307 0.787402 
vn -0.259843 0.677165 0.692913 
vn -0.858268 -0.488189 -0.181102 
vn 0.629921 -0.551181 -0.543307 
vn -0.952756 -0.283465 -0.125984 
vn 0.251969 0.645669 0.716535 
vn -0.165354 -0.496063 -0.850394 
vn 0.204724 -0.645669 -0.732283 
vn -0.566929 0.338583 0.748031 
vn 0.204724 -0.645669 -0.732283 
vn -0.0551181 -0.448819 -0.889764 
vn 0.165354 -0.511811 -0.84252 
vn 0.220472 -0.582677 -0.779528 
vn -0.220472 0.582677 0.779528 
vn -0.165354 0.511811 0.84252 
vn -0.0708661 0.551181 0.834646 
vn -0.251969 0.543307 0.80315 
vn -0.228346 0.527559 0.818898 
vn 0.251969 -0.543307 -0.80315 
vn 0.228346 -0.519685 -0.818898 
vn -0.0472441 -0.496063 -0.866142 
vn 0.00787402 -0.582677 -0.811024 
vn -0.0629921 0.574803 0.818898 
vn 0.0708661 -0.566929 -0.818898 
vn 0.212598 -0.566929 -0.795276 
vn -0.00787402 0.582677 0.811024 
vn 0.0472441 0.496063 0.866142 
vn -0.212598 0.566929 0.795276 
vn -0.173228 0.543307 0.818898 
vn 0.173228 -0.543307 -0.818898 
vn -0.220472 0.543307 0.811024 
vn 0.220472 -0.543307 -0.811024 
vn 0.283465 -0.551181 -0.779528 
vn -0.283465 0.559055 0.779528 
vn 0.244094 -0.566929 -0.787402 
vn 0.299213 -0.535433 -0.787402 
vn 0.212598 -0.566929 -0.795276 
vn -0.259843 0.551181 0.795276 
vn -0.125984 0.535433 0.834646 
vn 0.125984 -0.535433 -0.834646 
vn 0.259843 -0.551181 -0.795276 
vn 0.393701 -0.598425 -0.700787 
vn -0.393701 0.598425 0.700787 
vn -0.212598 0.566929 0.795276 
vn -0.299213 0.543307 0.787402 
vn 0.259843 -0.614173 -0.740157 
vn -0.0708661 0.448819 0.889764 
vn 0.0629921 0.480315 0.874016 
vn -0.0551181 -0.480315 -0.874016 
vn 0.0708661 -0.448819 -0.889764 
vn -0.00787402 -0.440945 -0.897638 
vn -0.023622 -0.448819 -0.889764 
vn -0.0393701 -0.433071 -0.897638 
vn 0.0393701 0.433071 0.897638 
vn 0.023622 0.448819 0.889764 
vn 0.015748 0.440945 0.897638 
vn -0.0944882 0.456693 0.88189 
vn 0.102362 -0.456693 -0.88189 
vn -0.362205 0.535433 0.76378 
vn -0.393701 0.551181 0.732283 
vn 0.393701 -0.551181 -0.732283 
vn 0.362205 -0.535433 -0.76378 
vn 0.267717 -0.574803 -0.771654 
vn -0.259843 0.574803 0.771654 
vn 0.19685 -0.574803 -0.795276 
vn -0.23622 0.566929 0.787402 
vn 0.267717 -0.574803 -0.771654 
vn -0.19685 0.574803 0.795276 
vn -0.267717 0.574803 0.771654 
vn 0.188976 -0.574803 -0.80315 
vn -0.181102 0.574803 0.80315 
vn -0.19685 0.622047 0.755906 
vn 0.19685 -0.622047 -0.755906 
vn 0.165354 -0.511811 -0.84252 
vn -0.15748 0.511811 0.84252 
vn 0.23622 -0.614173 -0.755906 
vn -0.314961 0.559055 0.76378 
vn 0.23622 -0.559055 -0.795276 
vn -0.212598 0.590551 0.779528 
vn 0.212598 -0.590551 -0.779528 
vn -0.23622 0.566929 0.795276 
vn 0.188976 -0.590551 -0.787402 
vn 0.19685 -0.582677 -0.787402 
vn 0.188976 -0.566929 -0.795276 
vn -0.188976 0.582677 0.787402 
vn 0.314961 -0.559055 -0.76378 
vn -0.188976 0.566929 0.795276 
vn -0.181102 0.590551 0.787402 
vn -0.259843 0.614173 0.740157 
vn 0.220472 -0.629921 -0.748031 
vn -0.220472 0.629921 0.748031 
vn -0.244094 0.535433 0.811024 
vn 0.244094 -0.535433 -0.811024 
vn -0.23622 0.614173 0.755906 
vn -0.307087 0.606299 0.732283 
vn 0.307087 -0.606299 -0.732283 
vn 0.165354 -0.606299 -0.771654 
vn 0.23622 -0.582677 -0.779528 
vn -0.228346 0.582677 0.779528 
vn -0.165354 0.606299 0.771654 
vn 0.19685 -0.574803 -0.795276 
vn -0.19685 0.574803 0.795276 
vn 0.165354 -0.622047 -0.76378 
vn -0.267717 0.84252 -0.464567 
vn 0.669291 -0.15748 -0.732283 
vn 0.338583 0.685039 -0.645669 
vn 0.149606 -0.00787402 -0.992126 
vn 0.748031 -0.417323 -0.519685 
vn 0.669291 -0.15748 -0.732283 
vn 0.370079 -0.629921 -0.685039 
vn 0.779528 -0.448819 -0.433071 
vn -0.291339 0.92126 0.251969 
vn 0.0472441 0.850394 0.519685 
vn -0.181102 0.80315 0.574803 
vn 0.354331 -0.708661 -0.614173 
vn 0.149606 -0.00787402 -0.992126 
vn 0.0393701 0.984252 0.181102 
vn 0.0629921 0 -1 
vn -0.251969 0.913386 0.307087 
vn -0.15748 0.771654 0.614173 
vn 0.299213 -0.661417 -0.685039 
vn 0.291339 -0.692913 -0.653543 
vn 0.244094 -0.716535 -0.653543 
vn 0.259843 -0.692913 -0.669291 
vn 0.259843 -0.732283 -0.629921 
vn 0.228346 -0.692913 -0.677165 
vn 0.244094 -0.708661 -0.661417 
vn 0.267717 -0.692913 -0.669291 
vn 0.228346 -0.716535 -0.661417 
vn 0.188976 -0.692913 -0.692913 
vn 0.181102 -0.669291 -0.724409 
vn 0.141732 -0.716535 -0.677165 
vn 0.755906 -0.488189 -0.440945 
vn 0.251969 -0.748031 -0.622047 
vn -0.0944882 0.708661 0.700787 
vn 0.015748 0.724409 0.685039 
vn 0.220472 -0.740157 -0.629921 
vn -0.0787402 0.669291 0.732283 
vn -0.165354 0.748031 0.637795 
vn -0.0866142 0.653543 0.748031 
vn -0.0787402 0.692913 0.716535 
vn 0.173228 -0.692913 -0.700787 
vn 0.188976 -0.653543 -0.732283 
vn 0.149606 -0.629921 -0.76378 
vn -0.188976 -0.874016 -0.448819 
vn -0.622047 -0.566929 0.543307 
vn 0.133858 -0.645669 -0.755906 
vn -0.0866142 0.669291 0.732283 
vn -0.622047 -0.566929 0.543307 
vn -0.322835 0.354331 0.874016 
vn 0.0787402 0.370079 0.929134 
vn -0.188976 -0.874016 -0.448819 
vn -0.023622 0.614173 0.787402 
vn -0.0472441 0.645669 0.76378 
vn 0.0787402 0.370079 0.929134 
vn -0.188976 -0.874016 -0.448819 
vn -0.0472441 -0.748031 -0.661417 
vn -0.00787402 0.614173 0.795276 
vn -0.173228 0.732283 0.661417 
vn -0.267717 0.88189 -0.377953 
vn 0.0629921 0 -1 
vn -0.354331 0.889764 -0.299213 
vn -0.015748 -0.0551181 -1 
vn -0.102362 -0.0629921 -0.992126 
vn -0.015748 -0.0472441 -1 
vn -0.102362 -0.0629921 -0.992126 
vn -0.417323 0.874016 -0.259843 
vn -0.133858 -0.0472441 -0.992126 
vn -0.133858 -0.0472441 -0.992126 
vn -0.425197 0.88189 -0.204724 
vn 0.212598 -0.716535 -0.661417 
vn -0.299213 0.850394 0.433071 
vn -0.448819 0.88189 -0.141732 
vn -0.204724 -0.0787402 -0.976378 
vn 0.15748 -0.716535 -0.685039 
vn -0.204724 -0.0787402 -0.976378 
vn 0.125984 -0.748031 -0.653543 
vn 0.11811 -0.700787 -0.700787 
vn -0.212598 0.826772 0.527559 
vn -0.259843 0.834646 0.480315 
vn 0.165354 -0.740157 -0.653543 
vn -0.456693 0.88189 -0.110236 
vn -0.251969 -0.0708661 -0.968504 
vn -0.251969 -0.0708661 -0.968504 
vn -0.181102 0.795276 0.582677 
vn -0.275591 0.88189 0.385827 
vn 0.204724 -0.724409 -0.653543 
vn -0.125984 0.724409 0.677165 
vn -0.00787402 0.645669 0.76378 
vn -0.0866142 0.724409 0.685039 
vn -0.00787402 0.535433 0.84252 
vn 0.80315 0.322835 0.503937 
vn -0.299213 -0.897638 0.330709 
vn -0.685039 -0.685039 0.23622 
vn 0.181102 0.669291 0.724409 
vn 0.15748 -0.700787 -0.700787 
vn -0.299213 0.590551 0.755906 
vn -0.19685 0.606299 0.771654 
vn -0.299213 0.574803 0.755906 
vn 0.19685 -0.606299 -0.771654 
vn 0.299213 -0.590551 -0.755906 
vn 0.299213 -0.574803 -0.755906 
vn 0.110236 -0.645669 -0.755906 
vn 0.0787402 -0.629921 -0.771654 
vn -0.11811 0.629921 0.771654 
vn -0.11811 0.622047 0.771654 
vn -0.0944882 0.622047 0.771654 
vn 0.11811 -0.622047 -0.771654 
vn 0.11811 -0.629921 -0.771654 
vn 0.0944882 -0.622047 -0.771654 
vn 0.0393701 -0.732283 -0.677165 
vn 0.181102 0.669291 0.724409 
vn 0.0944882 -0.661417 -0.740157 
vn -0.110236 0.645669 0.755906 
vn -0.0787402 0.637795 0.771654 
vn 0.0944882 -0.661417 -0.740157 
vn 0.0944882 -0.677165 -0.724409 
vn -0.0472441 -0.748031 -0.661417 
vn 0.0472441 0.614173 0.787402 
vn 0.023622 0.614173 0.787402 
vn 0.023622 0.574803 0.818898 
vn 0.905512 0.307087 -0.283465 
vn -0.0393701 0.653543 0.755906 
vn -0.133858 0.645669 0.748031 
vn -0.0551181 0.677165 0.740157 
vn 0.133858 -0.645669 -0.748031 
vn 0.0393701 -0.653543 -0.755906 
vn 0.0551181 -0.669291 -0.740157 
vn 0.905512 0.307087 -0.283465 
vn 0.0472441 -0.637795 -0.771654 
vn 0.023622 0.574803 0.818898 
vn 0.0472441 -0.637795 -0.771654 
vn 0.0393701 -0.732283 -0.677165 
vn -0.125984 0.637795 0.76378 
vn -0.11811 0.629921 0.76378 
vn -0.102362 0.629921 0.771654 
vn 0.11811 -0.629921 -0.76378 
vn 0.133858 -0.629921 -0.76378 
vn 0.102362 -0.629921 -0.771654 
vn 0.125984 -0.629921 -0.76378 
vn -0.15748 0.629921 0.755906 
vn -0.149606 0.614173 0.771654 
vn 0.165354 -0.629921 -0.755906 
vn 0.149606 -0.614173 -0.771654 
vn -0.685039 -0.685039 0.23622 
vn -0.204724 0.622047 0.755906 
vn 0.204724 -0.622047 -0.755906 
vn -0.015748 -0.692913 -0.716535 
vn -0.700787 -0.228346 0.677165 
vn 0.173228 -0.653543 -0.740157 
vn 0.133858 -0.661417 -0.740157 
vn 0.149606 -0.669291 -0.732283 
vn -0.0629921 -0.653543 -0.755906 
vn 0.0787402 0.559055 0.826772 
vn -0.299213 -0.897638 0.330709 
vn 0.80315 0.322835 0.503937 
vn 0.15748 -0.700787 -0.700787 
vn -0.141732 0.629921 0.76378 
vn 0.141732 -0.629921 -0.76378 
vn 0.362205 0.929134 -0.0314961 
vn 0.362205 0.929134 -0.0314961 
vn 0.0944882 -0.677165 -0.724409 
vn -0.700787 -0.228346 0.677165 
vn -0.141732 0.637795 0.755906 
vn -0.133858 0.637795 0.755906 
vn 0.149606 -0.637795 -0.755906 
vn 0.141732 -0.637795 -0.755906 
vn 0.228346 -0.740157 -0.629921 
vn 0.0629921 -0.700787 -0.716535 
vn -0.220472 0.00787402 -0.976378 
vn 0.0472441 -0.76378 -0.645669 
vn -0.0787402 0.716535 0.692913 
vn -0.102362 0.795276 0.598425 
vn -0.00787402 0.740157 0.669291 
vn -0.338583 0.937008 -0.110236 
vn -0.220472 0.00787402 -0.976378 
vn -0.133858 0.976378 -0.181102 
vn -0.023622 -0.716535 -0.692913 
vn -0.00787402 0.850394 0.527559 
vn -0.133858 0.015748 -0.992126 
vn 0.00787402 -0.76378 -0.645669 
vn -0.0314961 -0.76378 -0.645669 
vn 0.0472441 0.653543 0.755906 
vn 0.0314961 0.740157 0.669291 
vn 0.141732 -0.76378 -0.629921 
vn -0.133858 0.015748 -0.992126 
vn -0.00787402 0.968504 -0.244094 
vn -0.0787402 -0.0393701 -0.992126 
vn 0.385827 0.645669 0.653543 
vn -0.299213 0.259843 0.92126 
vn 0.228346 -0.740157 -0.629921 
vn -0.0708661 -0.291339 -0.952756 
vn 0.385827 0.645669 0.653543 
vn 0.023622 0.637795 0.771654 
vn 0.385827 0.645669 0.653543 
vn -0.0708661 -0.291339 -0.952756 
vn -0.889764 0.251969 0.385827 
vn -0.102362 0.637795 0.76378 
vn 0.102362 -0.637795 -0.76378 
vn -0.291339 -0.76378 -0.582677 
vn -0.889764 0.251969 0.385827 
vn -0.188976 -0.700787 -0.685039 
vn -0.133858 0.629921 0.76378 
vn 0.133858 -0.629921 -0.76378 
vn 0.0866142 0.503937 0.858268 
vn -0.291339 -0.76378 -0.582677 
vn 0.913386 -0.346457 0.220472 
vn -0.165354 0.787402 0.590551 
vn 0.0787402 0.559055 0.826772 
vn -0.15748 0.637795 0.755906 
vn 0.15748 -0.629921 -0.755906 
vn 0.0629921 -0.645669 -0.755906 
vn 0.0629921 -0.645669 -0.755906 
vn 0.80315 0.472441 -0.370079 
vn 0.173228 -0.629921 -0.755906 
vn -0.149606 0.637795 0.755906 
vn -0.188976 0.614173 0.76378 
vn -0.149606 0.629921 0.76378 
vn -0.0314961 0.637795 0.76378 
vn -0.0393701 0.637795 0.771654 
vn -0.015748 0.598425 0.80315 
vn 0.188976 -0.614173 -0.76378 
vn 0.267717 -0.692913 -0.669291 
vn 0.433071 -0.708661 -0.559055 
vn -0.0551181 0.574803 0.818898 
vn 0.165354 -0.629921 -0.76378 
vn 0.173228 -0.622047 -0.76378 
vn 0.80315 0.464567 -0.370079 
vn 0.267717 -0.692913 -0.669291 
vn -0.165354 0.629921 0.76378 
vn -0.228346 0.614173 0.755906 
vn 0.228346 -0.606299 -0.76378 
vn -0.165354 0.629921 0.755906 
vn -0.173228 0.622047 0.76378 
vn 0.149606 -0.645669 -0.748031 
vn 0.165354 -0.637795 -0.748031 
vn -0.0551181 0.574803 0.818898 
vn -0.00787402 0.622047 0.779528 
vn -0.692913 -0.606299 0.385827 
vn -0.826772 -0.0787402 0.559055 
vn 0.456693 0.80315 0.393701 
vn -0.00787402 0.598425 0.795276 
vn 0.110236 -0.637795 -0.76378 
vn 0.874016 0.472441 -0.149606 
vn 0 0.590551 0.811024 
vn -0.913386 -0.0944882 0.401575 
vn 0 0.590551 0.811024 
vn -0.913386 -0.0944882 0.401575 
vn 0.874016 0.472441 -0.149606 
vn -0.244094 0.606299 0.755906 
vn 0.244094 -0.606299 -0.755906 
vn -0.913386 -0.0944882 0.401575 
vn -0.00787402 0.566929 0.826772 
vn -0.692913 -0.606299 0.385827 
vn -0.00787402 0.622047 0.779528 
vn -0.102362 0.637795 0.76378 
vn -0.149606 0.645669 0.748031 
vn -0.165354 0.645669 0.748031 
vn 0.165354 -0.614173 -0.771654 
vn 0.220472 -0.598425 -0.771654 
vn 0.204724 -0.834646 -0.511811 
vn 0.228346 -0.80315 -0.559055 
vn -0.165354 0.614173 0.771654 
vn -0.220472 0.598425 0.76378 
vn -0.141732 0.622047 0.771654 
vn 0.141732 -0.622047 -0.771654 
vn 0.244094 -0.598425 -0.76378 
vn 0.15748 -0.629921 -0.76378 
vn 0.15748 -0.629921 -0.76378 
vn -0.0393701 0.622047 0.779528 
vn -0.149606 0.629921 0.755906 
vn -0.149606 0.629921 0.76378 
vn -0.0944882 0.637795 0.76378 
vn 0.102362 -0.629921 -0.76378 
vn -0.15748 -0.874016 -0.464567 
vn -0.102362 0.409449 0.905512 
vn 0.275591 -0.653543 -0.700787 
vn 0.267717 -0.551181 -0.787402 
vn -0.0393701 0.669291 0.740157 
vn -0.15748 -0.874016 -0.464567 
vn 0.228346 -0.80315 -0.559055 
vn 0.732283 -0.141732 -0.669291 
vn 0.0866142 -0.692913 -0.716535 
vn 0.732283 -0.141732 -0.669291 
vn 0.267717 -0.551181 -0.787402 
vn -0.102362 0.409449 0.905512 
vn -0.149606 0.661417 0.740157 
vn -0.15748 0.653543 0.740157 
vn 0.149606 -0.653543 -0.740157 
vn 0.15748 -0.653543 -0.740157 
vn 0.275591 -0.653543 -0.700787 
vn -0.165354 0.629921 0.755906 
vn 0.141732 -0.637795 -0.755906 
vn -0.141732 0.637795 0.755906 
vn -0.244094 0.598425 0.76378 
vn 0.433071 -0.708661 -0.559055 
vn 0.204724 -0.834646 -0.511811 
vn 0.456693 0.80315 0.393701 
vn 0.0866142 0.669291 0.740157 
vn -0.826772 -0.0787402 0.559055 
vn -0.00787402 0.622047 0.779528 
vn -0.0393701 0.669291 0.740157 
vn 0.0866142 0.669291 0.740157 
vn -0.165354 0.637795 0.755906 
vn -0.149606 0.645669 0.748031 
vn -0.133858 0.645669 0.755906 
vn 0.149606 -0.645669 -0.748031 
vn 0.141732 -0.637795 -0.755906 
vn 0.133858 -0.653543 -0.748031 
vn 0.165354 -0.637795 -0.755906 
vn 0.0866142 0.669291 0.740157 
vn -0.133858 0.653543 0.748031 
vn -0.433071 0.283465 0.850394 
vn 0.574803 0.700787 -0.417323 
vn 0.0866142 -0.692913 -0.716535 
vn -0.433071 0.283465 0.850394 
vn -0.165354 0.653543 0.740157 
vn 0.283465 -0.629921 -0.724409 
vn 0.204724 -0.645669 -0.732283 
vn 0.181102 -0.645669 -0.740157 
vn 0.15748 -0.653543 -0.740157 
vn 0.181102 -0.645669 -0.740157 
vn 0.165354 -0.653543 -0.740157 
vn -0.181102 0.645669 0.740157 
vn -0.149606 0.653543 0.740157 
vn -0.275591 0.629921 0.724409 
vn -0.204724 0.645669 0.732283 
vn -0.181102 0.645669 0.740157 
vn -0.165354 0.653543 0.740157 
vn 0.102362 0.519685 0.850394 
vn 0.370079 0.598425 0.708661 
vn -0.393701 -0.669291 -0.629921 
vn -0.125984 0.653543 0.748031 
vn 0.125984 -0.653543 -0.748031 
vn -0.188976 0.622047 0.76378 
vn 0.188976 -0.622047 -0.76378 
vn 0.141732 -0.661417 -0.740157 
vn -0.141732 0.661417 0.740157 
vn -0.527559 -0.440945 0.724409 
vn 0.133858 -0.645669 -0.755906 
vn 0.188976 -0.653543 -0.732283 
vn -0.322835 0.354331 0.874016 
vn -0.527559 -0.440945 0.724409 
vn 0.133858 -0.645669 -0.755906 
vn 0.275591 -0.653543 -0.700787 
vn 0.110236 -0.653543 -0.748031 
vn 0.370079 0.598425 0.708661 
vn -0.133858 0.661417 0.740157 
vn -0.110236 0.653543 0.748031 
vn 0.188976 -0.653543 -0.732283 
vn 0.133858 -0.661417 -0.740157 
vn -0.0314961 0.551181 0.834646 
vn -0.133858 0.661417 0.740157 
vn 0.188976 -0.653543 -0.732283 
vn -0.622047 -0.566929 0.543307 
vn -0.0866142 0.669291 0.732283 
vn 0.11811 -0.645669 -0.755906 
vn -0.00787402 0.535433 0.84252 
vn -0.149606 0.669291 0.732283 
vn -0.0629921 0.645669 0.76378 
vn -0.0629921 0.645669 0.76378 
vn -0.0629921 0.645669 0.76378 
vn 0.0787402 0.559055 0.826772 
vn -0.0629921 0.645669 0.76378 
vn -0.0629921 -0.653543 -0.755906 
vn -0.0314961 0.551181 0.834646 
vn 0.574803 0.700787 -0.417323 
vn 0.574803 0.700787 -0.417323 
vn -0.15748 0.637795 0.755906 
vn 0.15748 -0.629921 -0.755906 
vn -0.393701 -0.669291 -0.629921 
vn 0.102362 0.519685 0.850394 
vn 0.11811 -0.645669 -0.755906 
vn -0.0393701 -0.779528 -0.629921 
vn -0.0472441 -0.716535 -0.692913 
vn 0.188976 0.393701 0.897638 
vn 0.0866142 0.503937 0.858268 
vn 0.0314961 -0.661417 -0.748031 
vn -0.0551181 -0.677165 -0.740157 
vn -0.0472441 -0.716535 -0.692913 
vn 0 -0.669291 -0.748031 
vn 0.0472441 -0.629921 -0.779528 
vn 0.015748 -0.645669 -0.76378 
vn 0.874016 -0.267717 -0.401575 
vn 0.015748 -0.669291 -0.748031 
vn 0.0866142 0.503937 0.858268 
vn -0.984252 0.141732 -0.102362 
vn 0.188976 0.393701 0.897638 
vn 0.0472441 -0.606299 -0.795276 
vn 0.133858 -0.590551 -0.795276 
vn 0.0866142 -0.574803 -0.818898 
vn -0.0472441 0.629921 0.779528 
vn 0.00787402 0.669291 0.740157 
vn -0.015748 0.645669 0.76378 
vn -0.811024 -0.141732 0.566929 
vn 0.00787402 0.488189 0.874016 
vn 0.874016 -0.267717 -0.401575 
vn -0.023622 -0.700787 -0.708661 
vn -0.0314961 -0.685039 -0.732283 
vn -0.023622 -0.692913 -0.716535 
vn 0.0629921 0.708661 0.700787 
vn 0.102362 0.76378 0.637795 
vn 0.133858 0.637795 0.755906 
vn 0.188976 0.393701 0.897638 
vn -0.984252 0.141732 -0.102362 
vn -0.023622 -0.724409 -0.685039 
vn 0.0708661 0.732283 0.677165 
vn -0.0472441 -0.685039 -0.732283 
vn -0.015748 -0.685039 -0.724409 
vn -0.133858 -0.748031 -0.645669 
vn -0.165354 -0.645669 -0.748031 
vn -0.0787402 -0.685039 -0.724409 
vn 0.141732 0.748031 0.645669 
vn 0.173228 0.645669 0.748031 
vn 0.204724 0.732283 0.653543 
vn -0.204724 -0.732283 -0.653543 
vn 0.0787402 0.685039 0.724409 
vn -0.0551181 -0.685039 -0.732283 
vn -0.00787402 -0.614173 -0.787402 
vn -0.015748 -0.645669 -0.76378 
vn 0.0551181 0.685039 0.724409 
vn 0.015748 0.614173 0.787402 
vn 0.015748 0.645669 0.76378 
vn -0.23622 -0.653543 -0.716535 
vn -0.15748 -0.748031 -0.645669 
vn -0.149606 -0.748031 -0.645669 
vn 0.23622 0.653543 0.716535 
vn 0.149606 0.732283 0.661417 
vn 0.15748 0.748031 0.645669 
vn -0.149606 -0.732283 -0.661417 
vn 0.15748 0.748031 0.645669 
vn -0.133858 0.590551 0.795276 
vn -0.0472441 0.606299 0.795276 
vn -0.0866142 0.574803 0.818898 
vn 0.00787402 0.488189 0.874016 
vn 0.015748 -0.622047 -0.787402 
vn 0.0472441 -0.637795 -0.76378 
vn 0.0314961 -0.598425 -0.795276 
vn -0.023622 0.661417 0.755906 
vn -0.00787402 0.622047 0.787402 
vn -0.0393701 0.645669 0.76378 
vn -0.0393701 0.661417 0.748031 
vn -0.0866142 0.629921 0.771654 
vn 0.0393701 -0.661417 -0.748031 
vn 0.0866142 -0.629921 -0.771654 
vn -0.0472441 0.637795 0.76378 
vn -0.0314961 0.598425 0.795276 
vn -0.984252 0.141732 -0.102362 
vn -0.0629921 -0.677165 -0.740157 
vn -0.023622 -0.724409 -0.685039 
vn -0.023622 -0.685039 -0.724409 
vn 0.015748 -0.637795 -0.771654 
vn -0.00787402 -0.653543 -0.755906 
vn 0.00787402 0.488189 0.874016 
vn -0.015748 0.637795 0.771654 
vn 0.023622 0.685039 0.724409 
vn 0.015748 0.653543 0.755906 
vn -0.0551181 -0.677165 -0.732283 
vn 0.141732 -0.606299 -0.779528 
vn 0.11811 0.692913 0.716535 
vn 0.0708661 0.622047 0.779528 
vn 0.110236 0.669291 0.732283 
vn 0.023622 -0.653543 -0.755906 
vn 0.0393701 -0.645669 -0.76378 
vn 0.00787402 -0.669291 -0.748031 
vn 0.0472441 0.685039 0.732283 
vn 0.023622 0.692913 0.716535 
vn 0.0551181 0.692913 0.716535 
vn -0.0551181 -0.692913 -0.716535 
vn -0.0314961 -0.700787 -0.708661 
vn -0.023622 -0.700787 -0.708661 
vn -0.00787402 0.669291 0.740157 
vn 0.0393701 0.708661 0.708661 
vn 0.023622 0.708661 0.708661 
vn 0.023622 0.661417 0.748031 
vn 0.00787402 0.755906 0.653543 
vn 0.700787 0.559055 -0.440945 
vn 0.0787402 0.88189 -0.464567 
vn 0.0866142 -0.622047 -0.779528 
vn 0.488189 -0.787402 0.385827 
vn -0.110236 -0.677165 -0.724409 
vn -0.00787402 -0.677165 -0.740157 
vn -0.0314961 -0.76378 -0.645669 
vn 0.023622 0.708661 0.708661 
vn 0.0314961 0.685039 0.724409 
vn 0.0314961 0.692913 0.724409 
vn -0.0314961 -0.692913 -0.724409 
vn 0.393701 -0.811024 -0.433071 
vn -0.110236 -0.677165 -0.724409 
vn 0.0393701 -0.700787 -0.708661 
vn -0.0866142 -0.740157 -0.669291 
vn 1 0 -0.00787402 
vn 0.102362 0.724409 0.677165 
vn 0.149606 0.574803 0.80315 
vn 0.472441 -0.503937 -0.716535 
vn 0.0629921 0.669291 0.740157 
vn -0.0629921 -0.669291 -0.740157 
vn -0.0551181 -0.732283 -0.677165 
vn 0.015748 0.685039 0.724409 
vn 0.11811 0.732283 0.669291 
vn -0.11811 -0.732283 -0.669291 
vn -0.141732 -0.677165 -0.724409 
vn -0.125984 -0.708661 -0.692913 
vn -0.149606 -0.708661 -0.685039 
vn 0.0472441 0.740157 0.669291 
vn -0.125984 -0.811024 -0.566929 
vn 0.11811 0.740157 0.661417 
vn 0.125984 0.708661 0.692913 
vn 0.141732 0.677165 0.716535 
vn 0.15748 0.708661 0.685039 
vn 0.11811 0.708661 0.692913 
vn -0.11811 -0.708661 -0.700787 
vn 0.133858 0.622047 0.771654 
vn 0.141732 0.700787 0.700787 
vn 0.11811 0.653543 0.748031 
vn -0.125984 -0.755906 -0.637795 
vn -0.0944882 -0.716535 -0.692913 
vn 0.125984 0.755906 0.637795 
vn 0.149606 0.574803 0.80315 
vn 0.393701 -0.811024 -0.433071 
vn 0.606299 0.653543 -0.448819 
vn 0.874016 -0.267717 -0.401575 
vn 0.393701 -0.811024 -0.433071 
vn -0.811024 -0.141732 0.566929 
vn -0.19685 -0.677165 -0.708661 
vn -0.0314961 -0.692913 -0.716535 
vn -0.0314961 -0.669291 -0.740157 
vn 0.259843 -0.582677 -0.771654 
vn 0.0314961 0.692913 0.716535 
vn 0.0314961 0.669291 0.740157 
vn -0.165354 0.787402 0.590551 
vn -0.102362 0.614173 0.787402 
vn 0 -0.653543 -0.755906 
vn 0.00787402 0.653543 0.755906 
vn 0.141732 -0.606299 -0.779528 
vn -0.165354 0.787402 0.590551 
vn 0.0393701 0.645669 0.76378 
vn -0.015748 -0.637795 -0.771654 
vn 0.944882 0.212598 -0.23622 
vn 0.905512 0.141732 -0.401575 
vn 0.905512 0.141732 -0.401575 
vn 0.944882 0.212598 -0.23622 
vn 0.700787 0.559055 -0.440945 
vn 0.11811 0.716535 0.685039 
vn 0.00787402 0.755906 0.653543 
vn 0.023622 0.661417 0.748031 
vn -0.110236 -0.677165 -0.724409 
vn 0.015748 0.637795 0.771654 
vn -0.133858 -0.700787 -0.700787 
vn -0.133858 -0.622047 -0.771654 
vn -0.110236 -0.653543 -0.748031 
vn -0.314961 -0.519685 -0.795276 
vn -0.346457 -0.582677 -0.740157 
vn -0.212598 -0.598425 -0.771654 
vn 0.212598 0.598425 0.771654 
vn 0.314961 0.519685 0.787402 
vn 0.283465 0.472441 0.834646 
vn -0.283465 -0.472441 -0.834646 
vn 0.346457 0.582677 0.740157 
vn -0.291339 -0.677165 -0.677165 
vn -0.338583 -0.574803 -0.740157 
vn -0.23622 -0.645669 -0.724409 
vn 0.259843 0.511811 0.818898 
vn -0.251969 -0.511811 -0.818898 
vn -0.15748 -0.622047 -0.771654 
vn 0.346457 0.338583 0.874016 
vn 0.314961 0.551181 0.771654 
vn 0.19685 0.543307 0.818898 
vn -0.307087 -0.551181 -0.771654 
vn -0.338583 -0.338583 -0.874016 
vn -0.188976 -0.543307 -0.818898 
vn 0.496063 0.606299 0.622047 
vn 0.377953 0.629921 0.677165 
vn -0.244094 -0.598425 -0.76378 
vn 0.15748 0.622047 0.76378 
vn 0.244094 0.598425 0.76378 
vn -0.377953 -0.629921 -0.685039 
vn -0.496063 -0.606299 -0.622047 
vn -0.503937 -0.629921 -0.590551 
vn -0.496063 -0.629921 -0.598425 
vn 0.503937 0.629921 0.590551 
vn 0.496063 0.629921 0.598425 
vn -0.425197 -0.685039 -0.590551 
vn -0.440945 -0.748031 -0.496063 
vn -0.322835 -0.692913 -0.637795 
vn 0.330709 0.692913 0.637795 
vn 0.433071 0.685039 0.582677 
vn 0.401575 0.606299 0.685039 
vn -0.401575 -0.606299 -0.685039 
vn -0.425197 -0.685039 -0.590551 
vn -0.433071 -0.748031 -0.503937 
vn -0.338583 -0.661417 -0.669291 
vn 0.440945 0.748031 0.496063 
vn 0.385827 0.645669 0.653543 
vn -0.385827 -0.645669 -0.653543 
vn 0.23622 0.645669 0.724409 
vn 0.338583 0.574803 0.740157 
vn 0.299213 0.677165 0.677165 
vn 0.244094 0.559055 0.787402 
vn -0.244094 -0.559055 -0.787402 
vn -0.251969 -0.543307 -0.80315 
vn -0.204724 -0.677165 -0.708661 
vn -0.251969 -0.551181 -0.795276 
vn 0.244094 0.590551 0.76378 
vn 0.251969 0.551181 0.795276 
vn -0.244094 -0.590551 -0.771654 
vn 0.251969 0.543307 0.80315 
vn 0.204724 0.677165 0.708661 
vn 0.15748 0.622047 0.76378 
vn -0.15748 -0.622047 -0.76378 
vn -0.291339 -0.669291 -0.685039 
vn -0.314961 -0.543307 -0.779528 
vn 0.314961 0.551181 0.771654 
vn 0.291339 0.669291 0.685039 
vn 0.244094 0.527559 0.811024 
vn -0.338583 -0.566929 -0.748031 
vn -0.338583 -0.582677 -0.740157 
vn 0.338583 0.566929 0.748031 
vn 0.338583 0.582677 0.732283 
vn -0.338583 -0.574803 -0.740157 
vn -0.330709 -0.574803 -0.748031 
vn 0.330709 0.574803 0.748031 
vn 0.338583 0.582677 0.740157 
vn -0.244094 -0.527559 -0.811024 
vn 0.338583 0.669291 0.661417 
vn 0.433071 0.748031 0.503937 
vn 0.433071 0.685039 0.590551 
vn 0.401575 0.551181 0.732283 
vn 0.267717 0.740157 0.614173 
vn -0.401575 -0.551181 -0.732283 
vn -0.267717 -0.740157 -0.614173 
vn -0.338583 -0.677165 -0.653543 
vn -0.220472 -0.779528 -0.590551 
vn -0.204724 -0.76378 -0.614173 
vn -0.212598 -0.755906 -0.614173 
vn -0.267717 -0.748031 -0.606299 
vn 0.338583 0.677165 0.653543 
vn 0.220472 0.779528 0.582677 
vn -0.204724 -0.748031 -0.629921 
vn 0.409449 0.669291 0.622047 
vn 0.314961 0.700787 0.637795 
vn 0.251969 0.795276 0.559055 
vn -0.307087 -0.700787 -0.645669 
vn -0.409449 -0.669291 -0.622047 
vn -0.251969 -0.787402 -0.559055 
vn 0.204724 0.748031 0.629921 
vn 0.204724 0.76378 0.614173 
vn 0.212598 0.755906 0.614173 
vn 0.425197 0.614173 0.661417 
vn 0.354331 0.685039 0.629921 
vn -0.417323 -0.614173 -0.661417 
vn -0.425197 -0.677165 -0.606299 
vn -0.425197 -0.771654 -0.472441 
vn -0.354331 -0.685039 -0.637795 
vn 0.433071 0.771654 0.472441 
vn 0.425197 0.677165 0.598425 
vn -0.433071 -0.653543 -0.622047 
vn -0.433071 -0.76378 -0.472441 
vn -0.322835 -0.724409 -0.606299 
vn 0.409449 0.574803 0.708661 
vn -0.409449 -0.574803 -0.708661 
vn -0.346457 -0.606299 -0.716535 
vn 0.267717 0.748031 0.606299 
vn -0.133858 -0.669291 -0.724409 
vn -0.133858 -0.685039 -0.716535 
vn 0.133858 0.677165 0.724409 
vn 0.133858 0.685039 0.716535 
vn 0.173228 0.685039 0.708661 
vn -0.165354 -0.685039 -0.708661 
vn -0.133858 -0.685039 -0.716535 
vn 0.133858 0.685039 0.716535 
vn 0.165354 0.732283 0.661417 
vn -0.15748 -0.732283 -0.661417 
vn -0.181102 -0.732283 -0.653543 
vn 0.188976 0.732283 0.653543 
vn -0.102362 0.614173 0.787402 
vn -0.0472441 0.637795 0.76378 
vn -0.141732 0.653543 0.740157 
vn -0.0314961 0.614173 0.787402 
vn -0.0551181 0.677165 0.732283 
vn 0.0314961 -0.614173 -0.787402 
vn 0.141732 -0.653543 -0.740157 
vn 0.0551181 -0.677165 -0.732283 
vn 0.023622 0.700787 0.708661 
vn 0.125984 -0.661417 -0.740157 
vn -0.125984 0.661417 0.740157 
vn -0.0708661 0.590551 0.80315 
vn 0.0708661 -0.590551 -0.80315 
vn -0.023622 -0.700787 -0.708661 
vn 0.023622 0.622047 0.779528 
vn -0.015748 -0.622047 -0.787402 
vn 0.11811 -0.645669 -0.755906 
vn -0.015748 -0.629921 -0.779528 
vn 0.0866142 -0.606299 -0.787402 
vn 0.0629921 -0.582677 -0.811024 
vn -0.0551181 0.582677 0.811024 
vn 0.015748 0.629921 0.771654 
vn -0.0866142 0.606299 0.787402 
vn 0.0472441 -0.582677 -0.811024 
vn -0.11811 0.645669 0.755906 
vn 0.023622 -0.677165 -0.740157 
vn 0.0551181 0.700787 0.708661 
vn -0.023622 0.677165 0.740157 
vn -0.0551181 -0.700787 -0.708661 
vn 0.102362 0.629921 0.76378 
vn -0.102362 -0.629921 -0.771654 
vn -0.0393701 0.582677 0.811024 
vn -0.11811 0.559055 0.818898 
vn -0.0472441 0.598425 0.80315 
vn 0.0472441 -0.598425 -0.80315 
vn 0.11811 -0.559055 -0.818898 
vn 0.0472441 -0.645669 -0.76378 
vn 0.165354 -0.535433 -0.826772 
vn -0.15748 0.535433 0.826772 
vn -0.0472441 0.645669 0.76378 
vn 0.023622 -0.527559 -0.850394 
vn -0.015748 0.527559 0.850394 
vn -0.0866142 0.543307 0.834646 
vn 0.0866142 -0.535433 -0.834646 
vn -0.0708661 0.559055 0.826772 
vn 0.015748 0.582677 0.811024 
vn 0.0551181 0.598425 0.80315 
vn -0.0551181 -0.598425 -0.80315 
vn -0.015748 -0.582677 -0.811024 
vn -0.0708661 -0.614173 -0.779528 
vn 0.0472441 -0.582677 -0.811024 
vn 0.0708661 -0.559055 -0.826772 
vn -0.0393701 0.582677 0.811024 
vn 0.0708661 0.622047 0.779528 
vn 0.181102 0.645669 0.740157 
vn -0.181102 -0.645669 -0.740157 
vn -0.866142 0.212598 -0.448819 
vn 0.0314961 -0.661417 -0.748031 
vn -0.0314961 0.669291 0.748031 
vn -0.0787402 0.645669 0.755906 
vn 0.0787402 -0.645669 -0.755906 
vn 0.0472441 -0.629921 -0.779528 
vn -0.0472441 0.629921 0.779528 
vn -0.165354 0.787402 0.590551 
vn -0.188976 -0.700787 -0.685039 
vn 0.259843 -0.582677 -0.771654 
vn -0.188976 -0.700787 -0.685039 
vn -0.102362 0.614173 0.787402 
vn -0.023622 0.622047 0.787402 
vn -0.19685 -0.677165 -0.708661 
vn 0.0866142 -0.622047 -0.779528 
vn 0.0787402 0.629921 0.771654 
vn -0.110236 0.622047 0.771654 
vn 0.0787402 0.629921 0.771654 
vn 0.976378 0.15748 -0.149606 
vn 0.748031 0.440945 0.496063 
vn 0.023622 0.606299 0.795276 
vn -0.00787402 -0.677165 -0.740157 
vn 0.748031 0.440945 0.496063 
vn -0.110236 0.622047 0.771654 
vn 0.748031 0.440945 0.496063 
vn -0.866142 0.212598 -0.448819 
vn -0.0551181 -0.677165 -0.732283 
vn -0.00787402 -0.677165 -0.740157 
vn -0.023622 0.622047 0.787402 
vn -0.00787402 -0.677165 -0.740157 
vn -0.866142 0.212598 -0.448819 
vn -0.165354 0.622047 0.76378 
vn 0.165354 -0.622047 -0.76378 
vn 0.0551181 -0.677165 -0.732283 
vn 0.110236 -0.645669 -0.755906 
vn -0.0551181 0.677165 0.732283 
vn -0.110236 0.645669 0.755906 
vn -0.110236 0.622047 0.771654 
vn 0.0787402 0.629921 0.771654 
vn -0.19685 -0.677165 -0.708661 
vn 0.976378 0.15748 -0.149606 
vn -0.0708661 0.614173 0.787402 
vn -0.00787402 0.637795 0.771654 
vn -0.0708661 0.661417 0.748031 
vn -0.0393701 0.590551 0.811024 
vn 0.0708661 -0.661417 -0.748031 
vn 0.00787402 -0.637795 -0.771654 
vn 0.0393701 -0.582677 -0.811024 
vn -0.0866142 -0.708661 -0.700787 
vn -0.0551181 -0.692913 -0.716535 
vn 0.0551181 0.692913 0.716535 
vn 0.0866142 0.708661 0.700787 
vn -0.141732 0.566929 0.811024 
vn 0.0708661 -0.614173 -0.787402 
vn 0.141732 -0.566929 -0.811024 
vn 0.0314961 -0.566929 -0.818898 
vn 0.0708661 -0.598425 -0.795276 
vn -0.0393701 -0.590551 -0.80315 
vn 0.015748 -0.543307 -0.84252 
vn -0.0472441 0.669291 0.740157 
vn 0.0472441 -0.669291 -0.740157 
vn 0.0393701 0.590551 0.80315 
vn -0.0708661 0.598425 0.795276 
vn -0.015748 0.543307 0.84252 
vn 0.015748 0.685039 0.732283 
vn -0.015748 -0.685039 -0.732283 
vn 0.0629921 0.472441 0.88189 
vn 0.0708661 0.496063 0.866142 
vn 0.0944882 0.543307 0.834646 
vn -0.0866142 -0.543307 -0.834646 
vn -0.0708661 -0.496063 -0.866142 
vn -0.110236 -0.574803 -0.811024 
vn -0.0629921 -0.472441 -0.88189 
vn 0.110236 0.574803 0.811024 
vn -0.19685 -0.551181 -0.811024 
vn -0.133858 -0.622047 -0.771654 
vn -0.173228 -0.543307 -0.818898 
vn 0.133858 0.622047 0.771654 
vn 0.173228 0.543307 0.818898 
vn 0.165354 0.543307 0.818898 
vn -0.15748 -0.543307 -0.826772 
vn 0.19685 0.551181 0.811024 
vn 0.0866142 0.653543 0.755906 
vn -0.0787402 -0.645669 -0.755906 
vn -0.023622 0.566929 0.818898 
vn 0.0551181 -0.551181 -0.834646 
vn 0.149606 -0.503937 -0.850394 
vn -0.0551181 0.551181 0.834646 
vn -0.015748 0.566929 0.826772 
vn 0.015748 -0.566929 -0.826772 
vn -0.165354 -0.629921 -0.755906 
vn 0.165354 0.629921 0.755906 
vn -0.149606 0.503937 0.850394 
vn 0.110236 -0.488189 -0.866142 
vn 0.0314961 0.637795 0.771654 
vn -0.0314961 -0.637795 -0.771654 
vn -0.110236 0.496063 0.866142 
vn -0.00787402 0.574803 0.818898 
vn -0.0629921 0.527559 0.850394 
vn -0.023622 0.566929 0.826772 
vn 0.023622 -0.566929 -0.826772 
vn 0.0708661 -0.527559 -0.850394 
vn 0.0393701 -0.535433 -0.84252 
vn -0.0393701 0.535433 0.84252 
vn 0.00787402 -0.574803 -0.818898 
vn 0.00787402 -0.527559 -0.850394 
vn 0 0.527559 0.850394 
vn -0.125984 -0.645669 -0.748031 
vn -0.0472441 -0.708661 -0.708661 
vn -0.015748 0.653543 0.755906 
vn 0.015748 -0.653543 -0.755906 
vn 0.023622 -0.685039 -0.732283 
vn 0.692913 0.598425 -0.401575 
vn 0.0787402 0.88189 -0.464567 
vn -0.015748 0.685039 0.732283 
vn 0.0551181 0.708661 0.700787 
vn 0.488189 -0.787402 0.385827 
vn 0.905512 0.141732 -0.401575 
vn 0.692913 0.598425 -0.401575 
vn -0.19685 -0.551181 -0.811024 
vn -0.0944882 -0.574803 -0.811024 
vn 0.19685 0.551181 0.811024 
vn 0.0944882 0.582677 0.811024 
vn 0.165354 0.559055 0.818898 
vn 0.125984 0.622047 0.771654 
vn -0.125984 -0.622047 -0.771654 
vn -0.165354 -0.551181 -0.818898 
vn 0.133858 0.645669 0.748031 
vn 0.110236 0.724409 0.685039 
vn -0.173228 -0.748031 -0.637795 
vn -0.181102 -0.779528 -0.598425 
vn -0.165354 -0.740157 -0.653543 
vn -0.212598 -0.866142 -0.448819 
vn -0.188976 -0.80315 -0.566929 
vn -0.204724 -0.811024 -0.543307 
vn -0.133858 -0.779528 -0.614173 
vn -0.125984 -0.755906 -0.645669 
vn -0.0866142 -0.685039 -0.716535 
vn 0.188976 0.779528 0.598425 
vn 0.181102 0.748031 0.637795 
vn 0.173228 0.740157 0.653543 
vn -0.141732 -0.795276 -0.582677 
vn -0.149606 -0.80315 -0.582677 
vn -0.181102 -0.866142 -0.464567 
vn -0.15748 -0.787402 -0.598425 
vn -0.149606 -0.818898 -0.559055 
vn -0.149606 -0.637795 0.755906 
vn 0.362205 0.818898 0.440945 
vn -0.141732 0.0708661 0.984252 
vn -0.181102 -0.874016 -0.456693 
vn -0.165354 -0.795276 -0.582677 
vn -0.15748 -0.818898 -0.551181 
vn 0.181102 0.771654 0.606299 
vn -0.181102 -0.771654 -0.606299 
vn 0.188976 0.80315 0.566929 
vn 0.220472 0.866142 0.448819 
vn 0.204724 0.818898 0.543307 
vn -0.181102 -0.755906 -0.629921 
vn 0.181102 0.755906 0.629921 
vn 0.173228 0.795276 0.582677 
vn 0.181102 0.874016 0.448819 
vn 0.15748 0.818898 0.543307 
vn -0.362205 -0.818898 -0.448819 
vn -0.228346 -0.787402 -0.574803 
vn -0.283465 -0.370079 -0.88189 
vn -0.181102 -0.787402 -0.590551 
vn -0.283465 -0.370079 -0.88189 
vn -0.330709 -0.850394 -0.401575 
vn -0.346457 -0.88189 -0.307087 
vn 0.354331 0.850394 0.393701 
vn -0.527559 0.102362 0.84252 
vn 0.354331 0.88189 0.307087 
vn 0.354331 0.850394 0.393701 
vn -0.141732 0.0708661 0.984252 
vn -0.141732 -0.795276 -0.582677 
vn 0.0472441 0.614173 -0.787402 
vn -0.244094 -0.826772 -0.511811 
vn -0.244094 -0.866142 -0.433071 
vn -0.244094 -0.84252 -0.488189 
vn 0.0472441 0.614173 -0.787402 
vn 0.19685 0.897638 0.393701 
vn -0.244094 -0.84252 -0.488189 
vn -0.244094 -0.826772 -0.511811 
vn 0.023622 -0.692913 -0.724409 
vn 0.0944882 -0.566929 -0.818898 
vn 0.188976 0.787402 0.582677 
vn 0.023622 -0.692913 -0.724409 
vn 0.19685 0.897638 0.393701 
vn 0.165354 0.787402 0.598425 
vn 0.181102 0.866142 0.464567 
vn 0.149606 0.818898 0.559055 
vn -0.11811 -0.795276 -0.598425 
vn -0.212598 -0.92126 -0.330709 
vn 0.0551181 -0.992126 -0.0944882 
vn 0.188976 0.425197 0.889764 
vn -0.0708661 -0.724409 -0.685039 
vn 0.385827 0.732283 0.566929 
vn -0.0944882 -0.80315 -0.590551 
vn -0.0944882 -0.771654 -0.629921 
vn -0.0866142 -0.779528 -0.614173 
vn -0.0866142 -0.708661 -0.700787 
vn 0.314961 0.88189 0.346457 
vn 0.0393701 0.614173 0.787402 
vn 0.11811 0.724409 0.677165 
vn 0.11811 0.755906 0.645669 
vn -0.0787402 -0.771654 -0.629921 
vn 0.19685 0.748031 0.637795 
vn -0.19685 -0.748031 -0.637795 
vn -0.125984 -0.748031 -0.653543 
vn 0.133858 0.748031 0.653543 
vn -0.11811 -0.724409 -0.677165 
vn -0.0393701 -0.614173 -0.787402 
vn -0.110236 -0.755906 -0.645669 
vn -0.228346 -0.787402 -0.574803 
vn -0.188976 -0.76378 -0.622047 
vn 0.188976 0.76378 0.622047 
vn 0.314961 0.88189 0.346457 
vn 0.251969 0.740157 0.622047 
vn 0.0551181 -0.992126 -0.0944882 
vn 0.188976 0.425197 0.889764 
vn -0.173228 -0.84252 -0.503937 
vn -0.11811 -0.740157 -0.661417 
vn -0.133858 -0.92126 -0.362205 
vn 0.220472 0.84252 0.488189 
vn 0.23622 0.889764 0.385827 
vn 0.23622 0.874016 0.425197 
vn 0.11811 0.740157 0.661417 
vn 0.19685 0.795276 0.566929 
vn 0.212598 0.811024 0.543307 
vn 0.181102 0.84252 0.503937 
vn -0.015748 -0.0944882 -0.992126 
vn -0.0787402 -0.755906 -0.653543 
vn -0.0787402 -0.102362 -0.992126 
vn 0.267717 0.952756 -0.141732 
vn -0.015748 -0.102362 -0.992126 
vn 0.19685 0.929134 -0.314961 
vn 0.779528 -0.433071 -0.448819 
vn 0.779528 -0.433071 -0.448819 
vn -0.110236 -0.755906 -0.637795 
vn 0.0944882 0.944882 -0.314961 
vn -0.0787402 -0.102362 -0.992126 
vn -0.0787402 -0.0393701 -0.992126 
vn 0.181102 0.787402 0.590551 
vn 0.181102 0.771654 0.606299 
vn -0.188976 -0.795276 -0.582677 
vn 0.19685 0.826772 0.527559 
vn 0.204724 0.818898 0.535433 
vn -0.19685 -0.826772 -0.527559 
vn -0.19685 -0.818898 -0.543307 
vn -0.244094 -0.866142 -0.440945 
vn 0.779528 -0.433071 -0.448819 
vn 0.188976 0.795276 0.574803 
vn -0.173228 -0.787402 -0.590551 
vn -0.173228 -0.771654 -0.606299 
vn 0.779528 -0.433071 -0.448819 
vn 0.11811 -0.417323 -0.897638 
vn 0.0944882 -0.566929 -0.818898 
vn 0.0472441 0.614173 -0.787402 
vn -0.0551181 -0.76378 -0.645669 
vn -0.0629921 -0.755906 -0.645669 
vn -0.0629921 -0.755906 -0.653543 
vn 0.125984 0.897638 0.417323 
vn 0.0944882 0.80315 0.590551 
vn 0.173228 0.771654 0.614173 
vn 0.0393701 0.740157 0.669291 
vn -0.015748 0.708661 0.700787 
vn 0.244094 0.929134 0.275591 
vn 0.204724 0.874016 0.433071 
vn -0.023622 0.015748 -1 
vn -0.330709 -0.850394 -0.401575 
vn 0.204724 0.80315 0.559055 
vn 0.330709 0.724409 0.606299 
vn 0.204724 0.779528 0.598425 
vn -0.204724 -0.80315 -0.559055 
vn -0.204724 -0.779528 -0.598425 
vn -0.251969 -0.787402 -0.559055 
vn 0.251969 0.795276 0.559055 
vn -0.173228 -0.779528 -0.598425 
vn -0.173228 -0.724409 -0.661417 
vn -0.188976 -0.771654 -0.606299 
vn 0.181102 0.724409 0.661417 
vn 0.188976 0.771654 0.606299 
vn -0.204724 -0.748031 -0.637795 
vn -0.188976 -0.779528 -0.590551 
vn 0.204724 0.748031 0.629921 
vn 0.188976 0.787402 0.590551 
vn 0.181102 0.779528 0.598425 
vn 0.173228 0.76378 0.622047 
vn -0.173228 -0.76378 -0.629921 
vn 0.362205 0.661417 0.661417 
vn 0.433071 0.76378 0.472441 
vn 0.433071 0.653543 0.614173 
vn 0.425197 0.574803 0.700787 
vn -0.425197 -0.574803 -0.700787 
vn -0.409449 -0.700787 -0.582677 
vn 0.354331 0.606299 0.716535 
vn 0.417323 0.700787 0.582677 
vn -0.362205 -0.661417 -0.661417 
vn 0.188976 0.779528 0.598425 
vn -0.181102 -0.779528 -0.598425 
vn -0.188976 -0.811024 -0.551181 
vn -0.173228 -0.795276 -0.582677 
vn 0.188976 0.818898 0.543307 
vn 0.181102 0.795276 0.582677 
vn -0.188976 -0.771654 -0.606299 
vn -0.188976 -0.771654 -0.614173 
vn 0.181102 0.755906 0.629921 
vn 0.181102 0.771654 0.614173 
vn -0.173228 -0.755906 -0.629921 
vn -0.181102 -0.771654 -0.614173 
vn 0.188976 0.771654 0.606299 
vn 0.188976 0.771654 0.606299 
vn 0.212598 0.755906 0.622047 
vn 0.188976 0.76378 0.614173 
vn -0.212598 -0.755906 -0.622047 
vn 0.228346 0.76378 0.598425 
vn -0.228346 -0.76378 -0.606299 
vn -0.188976 -0.76378 -0.614173 
vn -0.527559 0.102362 0.84252 
vn -0.023622 0.015748 -1 
vn -0.0866142 -0.685039 -0.716535 
vn 0.0472441 0.614173 -0.787402 
vn -0.527559 0.102362 0.84252 
vn -0.181102 -0.826772 -0.527559 
vn 0.354331 0.88189 0.307087 
vn -0.346457 -0.88189 -0.307087 
vn -0.0787402 -0.740157 -0.669291 
vn -0.19685 -0.834646 -0.519685 
vn 0.11811 -0.417323 -0.897638 
vn 0.11811 -0.417323 -0.897638 
vn 0.204724 0.834646 0.511811 
vn 0.188976 0.834646 0.527559 
vn 0.212598 0.866142 0.456693 
vn -0.173228 -0.937008 -0.307087 
vn -0.0787402 -0.740157 -0.669291 
vn 0.188976 0.779528 0.590551 
vn -0.188976 -0.779528 -0.598425 
vn 0.212598 0.858268 0.464567 
vn -0.133858 -0.92126 -0.362205 
vn -0.173228 -0.937008 -0.307087 
vn 0.15748 0.755906 0.637795 
vn -0.149606 -0.755906 -0.637795 
vn -0.0708661 -0.724409 -0.685039 
vn -0.0551181 -0.669291 -0.740157 
vn 0.220472 0.826772 0.519685 
vn 0.141732 0.740157 0.661417 
vn -0.141732 -0.732283 -0.661417 
vn -0.110236 -0.692913 -0.708661 
vn -0.0866142 -0.708661 -0.700787 
vn -0.0944882 -0.708661 -0.700787 
vn -0.165354 -0.748031 -0.637795 
vn 0.173228 0.748031 0.637795 
vn 0.188976 0.826772 0.527559 
vn -0.181102 -0.826772 -0.527559 
vn -0.149606 -0.637795 0.755906 
vn 0.173228 0.80315 0.574803 
vn -0.165354 -0.80315 -0.574803 
vn -0.0314961 -0.80315 -0.590551 
vn -0.204724 -0.976378 0 
vn 0.204724 0.866142 0.448819 
vn 0.204724 0.866142 0.448819 
vn 0.19685 0.889764 0.417323 
vn 0.204724 0.874016 0.440945 
vn 0.0944882 0.708661 0.700787 
vn 0.110236 0.692913 0.708661 
vn 0.0944882 0.708661 0.700787 
vn -0.417323 -0.84252 -0.354331 
vn -0.0787402 -0.795276 -0.606299 
vn -0.0629921 -0.779528 -0.622047 
vn -0.0787402 -0.795276 -0.598425 
vn 0.976378 0.165354 0.102362 
vn 0.314961 -0.929134 0.188976 
vn 0.448819 0.543307 0.708661 
vn 0.976378 0.165354 0.102362 
vn -0.0708661 -0.795276 -0.606299 
vn -0.0944882 -0.795276 -0.590551 
vn -0.0629921 -0.779528 -0.622047 
vn 0.314961 -0.929134 0.19685 
vn 0.448819 0.543307 0.708661 
vn -0.472441 -0.866142 -0.173228 
vn 0.0472441 -0.740157 -0.669291 
vn 0.448819 0.543307 0.708661 
vn 0.0393701 -0.700787 -0.708661 
vn 0.023622 0.677165 0.740157 
vn -0.181102 -0.96063 -0.220472 
vn -0.472441 -0.866142 -0.173228 
vn -0.181102 -0.96063 -0.220472 
vn -0.0472441 -0.905512 -0.417323 
vn -0.023622 -0.677165 -0.740157 
vn 0.141732 0.755906 0.637795 
vn -0.125984 -0.811024 -0.566929 
vn 0.023622 -0.661417 -0.748031 
vn -0.0472441 -0.905512 -0.417323 
vn 0.307087 0.385827 0.874016 
vn 0.307087 0.385827 0.874016 
vn 0.19685 -0.519685 -0.826772 
vn 0.023622 -0.661417 -0.748031 
vn -0.102362 -0.724409 -0.685039 
vn -0.11811 -0.740157 -0.661417 
vn 0.102362 0.724409 0.677165 
vn 0.11811 0.740157 0.661417 
vn -0.0472441 -0.653543 -0.755906 
vn 0.149606 0.574803 0.80315 
vn 0.472441 -0.503937 -0.716535 
vn 0.141732 0.535433 0.826772 
vn 0.0472441 0.677165 0.732283 
vn 0.141732 0.535433 0.826772 
vn 0.11811 0.708661 0.692913 
vn 0.102362 0.708661 0.700787 
vn -0.417323 -0.84252 -0.354331 
vn 0.0551181 0.653543 0.755906 
vn 1 0 0 
vn -0.110236 -0.771654 -0.622047 
vn 0.133858 0.637795 0.755906 
vn 0.133858 0.637795 0.755906 
vn 1 0 0 
vn -0.417323 -0.84252 -0.354331 
vn -0.0629921 -0.779528 -0.622047 
vn -0.0314961 -0.685039 -0.724409 
vn 0.0314961 0.692913 0.724409 
vn -0.0629921 -0.779528 -0.622047 
vn 0.141732 0.732283 0.661417 
vn 0.181102 0.771654 0.606299 
vn 0.110236 0.708661 0.692913 
vn 0.0866142 0.708661 0.700787 
vn 0.685039 -0.511811 0.519685 
vn -0.606299 -0.629921 0.480315 
vn 0.338583 0.811024 0.480315 
vn -0.244094 -0.818898 -0.519685 
vn 0.0393701 0.771654 -0.637795 
vn 0.685039 -0.511811 0.519685 
vn -0.614173 -0.629921 0.480315 
vn -0.141732 -0.874016 -0.464567 
vn 0.110236 0.708661 0.700787 
vn 0.0944882 0.700787 0.708661 
vn -0.023622 -0.76378 -0.645669 
vn 0.385827 0.732283 0.566929 
vn 0.173228 0.787402 0.590551 
vn -0.141732 -0.874016 -0.464567 
vn 0.338583 0.811024 0.480315 
vn -0.023622 -0.76378 -0.645669 
vn 0.188976 0.787402 0.582677 
vn 0.0393701 0.771654 -0.637795 
vn 0.685039 -0.511811 0.519685 
vn 0.0787402 0.700787 0.708661 
vn 0.11811 0.700787 0.700787 
vn 0.19685 -0.527559 -0.826772 
vn 0.0393701 0.771654 -0.637795 
vn -0.0708661 -0.692913 -0.724409 
vn 0.0944882 0.716535 0.692913 
vn 0.0787402 0.692913 0.716535 
vn -0.614173 -0.496063 0.606299 
vn -0.102362 -0.700787 -0.700787 
vn -0.0866142 -0.700787 -0.708661 
vn 0.173228 0.748031 0.645669 
vn -0.165354 -0.748031 -0.645669 
vn -0.11811 -0.692913 -0.708661 
vn 0.11811 0.692913 0.708661 
vn -0.125984 -0.716535 -0.685039 
vn -0.0708661 -0.637795 -0.76378 
vn 0.0708661 0.637795 0.76378 
vn 0.125984 0.716535 0.685039 
vn 0.15748 0.740157 0.653543 
vn -0.15748 -0.740157 -0.653543 
vn -0.0944882 -0.716535 -0.692913 
vn 0.125984 0.732283 0.669291 
vn -0.125984 -0.76378 -0.629921 
vn 0.0472441 0.740157 0.669291 
vn -0.125984 -0.811024 -0.566929 
vn 0.0472441 0.740157 0.669291 
vn 0.125984 0.732283 0.669291 
vn 0.102362 0.637795 0.76378 
vn 0.102362 0.637795 0.76378 
vn -0.614173 -0.496063 0.606299 
vn -0.84252 0 0.535433 
vn 0.102362 0.716535 0.692913 
vn -0.614173 -0.496063 0.606299 
vn 0.188976 0.606299 -0.771654 
vn 0.11811 0.700787 0.708661 
vn -0.11811 -0.700787 -0.708661 
vn -0.125984 -0.76378 -0.629921 
vn 0.188976 0.606299 -0.771654 
vn -0.023622 -0.826772 -0.559055 
vn -0.84252 -0.00787402 0.535433 
vn -0.0866142 -0.708661 -0.700787 
vn -0.244094 -0.818898 -0.519685 
vn -0.0866142 -0.708661 -0.700787 
vn 0.0551181 -0.818898 -0.574803 
vn -0.110236 -0.84252 -0.527559 
vn -0.149606 -0.874016 -0.456693 
vn -0.165354 -0.905512 -0.401575 
vn -0.110236 -0.84252 -0.527559 
vn -0.220472 -0.96063 0.149606 
vn -0.204724 -0.976378 0 
vn 0.385827 0.732283 0.566929 
vn 0.0551181 -0.818898 -0.574803 
vn 0.173228 0.92126 0.346457 
vn 0.228346 0.84252 0.488189 
vn 0.220472 0.795276 0.566929 
vn 0.173228 0.92126 0.346457 
vn 0.0944882 0.700787 0.708661 
vn -0.0866142 -0.700787 -0.708661 
vn 0.0944882 0.708661 0.700787 
vn -0.023622 -0.826772 -0.559055 
vn -0.0472441 -0.669291 -0.740157 
vn -0.0472441 -0.622047 -0.787402 
vn 0.338583 0.811024 0.480315 
vn 0.110236 0.724409 0.677165 
vn -0.110236 -0.724409 -0.677165 
vn 0.19685 0.811024 0.551181 
vn -0.149606 -0.874016 -0.456693 
vn -0.15748 -0.858268 -0.488189 
vn 0.19685 0.818898 0.535433 
vn 0.188976 0.811024 0.551181 
vn -0.0472441 -0.669291 -0.740157 
vn 0.23622 0.866142 0.448819 

vt 0.196594 0.184906 
vt 0.224106 0.205704 
vt 0.205521 0.184921 
vt 0.268616 0.269974 
vt 0.271683 0.273239 
vt 0.280502 0.271225 
vt 0.889725 0.043884 
vt 0.880295 0.089004 
vt 0.895721 0.045212 
vt 0.798386 0.62735 
vt 0.811005 0.679581 
vt 0.824997 0.623795 
vt 0.897705 0.039597 
vt 0.889725 0.043884 
vt 0.895721 0.045212 
vt 0.919098 0.064407 
vt 0.922302 0.105301 
vt 0.195908 0.198196 
vt 0.785767 0.677566 
vt 0.869095 0.054993 
vt 0.857285 0.135467 
vt 0.228607 0.184998 
vt 0.220215 0.226334 
vt 0.195053 0.205963 
vt 0.811005 0.679581 
vt 0.865799 0.631302 
vt 0.853317 0.684357 
vt 0.858002 0.377762 
vt 0.914963 0.33255 
vt 0.877838 0.328827 
vt 0.914963 0.33255 
vt 0.858002 0.377762 
vt 0.877838 0.328827 
vt 0.925858 0.132767 
vt 0.879395 0.133499 
vt 0.913971 0.147369 
vt 0.798386 0.62735 
vt 0.785767 0.677566 
vt 0.811005 0.679581 
vt 0.865799 0.631302 
vt 0.824997 0.623795 
vt 0.865799 0.631302 
vt 0.811005 0.679581 
vt 0.824997 0.623795 
vt 0.798386 0.62735 
vt 0.853317 0.684357 
vt 0.853317 0.684357 
vt 0.310913 0.316925 
vt 0.307587 0.330505 
vt 0.315277 0.325272 
vt 0.297318 0.305847 
vt 0.197586 0.276062 
vt 0.222107 0.284302 
vt 0.196594 0.26944 
vt 0.798386 0.62735 
vt 0.865799 0.631302 
vt 0.811005 0.679581 
vt 0.853317 0.684357 
vt 0.267471 0.285995 
vt 0.282944 0.275955 
vt 0.289978 0.265472 
vt 0.280502 0.271225 
vt 0.282944 0.275955 
vt 0.273453 0.258545 
vt 0.280212 0.262695 
vt 0.259201 0.256332 
vt 0.268616 0.269974 
vt 0.289978 0.265472 
vt 0.280212 0.262695 
vt 0.273377 0.295166 
vt 0.291138 0.289429 
vt 0.865799 0.631302 
vt 0.217407 0.241302 
vt 0.188126 0.25766 
vt 0.219482 0.260391 
vt 0.798386 0.62735 
vt 0.785767 0.677566 
vt 0.183014 0.213425 
vt 0.853317 0.684357 
vt 0.298325 0.282638 
vt 0.291138 0.289429 
vt 0.188019 0.247787 
vt 0.302597 0.293579 
vt 0.898407 0.387161 
vt 0.277466 0.315567 
vt 0.898407 0.387161 
vt 0.304825 0.299286 
vt 0.297318 0.305847 
vt 0.305557 0.302887 
vt 0.277466 0.315567 
vt 0.288239 0.329056 
vt 0.307587 0.330505 
vt 0.83609 0.577957 
vt 0.865799 0.631302 
vt 0.824997 0.623795 
vt 0.310913 0.316925 
vt 0.307159 0.309479 
vt 0.929596 0.389557 
vt 0.929596 0.389557 
vt 0.798386 0.62735 
vt 0.949829 0.344116 
vt 0.837799 0.076797 
vt 0.881302 0.161606 
vt 0.318848 0.355194 
vt 0.322937 0.333755 
vt 0.324982 0.339157 
vt 0.865799 0.631302 
vt 0.811005 0.679581 
vt 0.853317 0.684357 
vt 0.324982 0.339157 
vt 0.318848 0.355194 
vt 0.326279 0.343292 
vt 0.802506 0.095093 
vt 0.798538 0.143875 
vt 0.857239 0.18013 
vt 0.254425 0.260574 
vt 0.276306 0.223007 
vt 0.222855 0.312103 
vt 0.255249 0.320389 
vt 0.811005 0.679581 
vt 0.853317 0.684357 
vt 0.334763 0.342926 
vt 0.896362 0.158234 
vt 0.889298 0.174362 
vt 0.882034 0.190933 
vt 0.296372 0.341888 
vt 0.30127 0.353073 
vt 0.798386 0.62735 
vt 0.785767 0.677566 
vt 0.331665 0.381088 
vt 0.3452 0.352936 
vt 0.331665 0.381088 
vt 0.854889 0.235474 
vt 0.30127 0.353073 
vt 0.305176 0.371857 
vt 0.223602 0.339905 
vt 0.207031 0.314041 
vt 0.347458 0.358993 
vt 0.202866 0.307465 
vt 0.210434 0.291687 
vt 0.200424 0.298035 
vt 0.785767 0.677566 
vt 0.949829 0.344116 
vt 0.204849 0.285736 
vt 0.785767 0.677566 
vt 0.340195 0.346283 
vt 0.824997 0.623795 
vt 0.340195 0.346283 
vt 0.193512 0.316284 
vt 0.192368 0.34378 
vt 0.19664 0.34993 
vt 0.186768 0.333191 
vt 0.187241 0.322647 
vt 0.785767 0.677566 
vt 0.857071 0.375458 
vt 0.868698 0.450104 
vt 0.884232 0.408798 
vt 0.858826 0.451187 
vt 0.924988 0.405212 
vt 0.879654 0.394165 
vt 0.852524 0.369247 
vt 0.925934 0.406158 
vt 0.834091 0.575943 
vt 0.851013 0.654221 
vt 0.814957 0.635895 
vt 0.868698 0.450104 
vt 0.857071 0.375458 
vt 0.843353 0.419327 
vt 0.927658 0.61058 
vt 0.959137 0.548431 
vt 0.922806 0.553131 
vt 0.868698 0.450104 
vt 0.857071 0.375458 
vt 0.843353 0.419327 
vt 0.908371 0.348907 
vt 0.857071 0.375458 
vt 0.884232 0.408798 
vt 0.7966 0.706039 
vt 0.962982 0.603836 
vt 0.884232 0.408798 
vt 0.925934 0.406158 
vt 0.993561 0.613205 
vt 0.801697 0.641952 
vt 0.85669 0.589127 
vt 0.813675 0.597031 
vt 0.871307 0.591461 
vt 0.845902 0.590454 
vt 0.869171 0.615341 
vt 0.835388 0.588882 
vt 0.860794 0.589874 
vt 0.858658 0.613754 
vt 0.829804 0.466751 
vt 0.854401 0.418808 
vt 0.879746 0.44957 
vt 0.572174 0.041611 
vt 0.579254 0.027176 
vt 0.622528 0.042587 
vt 0.868698 0.450104 
vt 0.843353 0.419327 
vt 0.818756 0.467285 
vt 0.622528 0.042587 
vt 0.579254 0.027176 
vt 0.572174 0.041611 
vt 0.873138 0.661743 
vt 0.885727 0.60672 
vt 0.851578 0.646728 
vt 0.925934 0.406158 
vt 0.905655 0.453949 
vt 0.607498 0.039902 
vt 0.579285 0.017685 
vt 0.605515 0.010376 
vt 0.579285 0.017685 
vt 0.607498 0.039902 
vt 0.605515 0.010376 
vt 0.57222 0.053635 
vt 0.582687 0.060394 
vt 0.582687 0.060394 
vt 0.57222 0.053635 
vt 0.868698 0.450104 
vt 0.843353 0.419327 
vt 0.900681 0.465439 
vt 0.819855 0.556381 
vt 0.843353 0.419327 
vt 0.86821 0.588272 
vt 0.82106 0.442627 
vt 0.872528 0.581619 
vt 0.77771 0.638123 
vt 0.905655 0.453949 
vt 0.994476 0.559433 
vt 0.925934 0.406158 
vt 0.905655 0.453949 
vt 0.830185 0.425476 
vt 0.862015 0.580032 
vt 0.813568 0.570007 
vt 0.804474 0.588913 
vt 0.561966 0.041901 
vt 0.567734 0.028305 
vt 0.575562 0.056885 
vt 0.563278 0.051575 
vt 0.858337 0.57016 
vt 0.868851 0.571732 
vt 0.567734 0.028305 
vt 0.561966 0.041901 
vt 0.563278 0.051575 
vt 0.575562 0.056885 
vt 0.905655 0.453949 
vt 0.887024 0.478882 
vt 0.898056 0.478348 
vt 0.916702 0.45343 
vt 0.814987 0.590485 
vt 0.824097 0.571594 
vt 0.862106 0.6483 
vt 0.308609 0.383423 
vt 0.882431 0.20723 
vt 0.313705 0.391663 
vt 0.351395 0.369858 
vt 0.35585 0.371628 
vt 0.347763 0.364059 
vt 0.351944 0.367798 
vt 0.313705 0.391663 
vt 0.314255 0.395752 
vt 0.877914 0.218826 
vt 0.318771 0.405991 
vt 0.879501 0.222321 
vt 0.834915 0.709152 
vt 0.874313 0.327011 
vt 0.216507 0.384598 
vt 0.358734 0.377365 
vt 0.908371 0.348907 
vt 0.90712 0.329834 
vt 0.196228 0.383163 
vt 0.192566 0.375183 
vt 0.19606 0.391525 
vt 0.216507 0.384598 
vt 0.196228 0.383163 
vt 0.196838 0.402237 
vt 0.19606 0.391525 
vt 0.8797 0.238357 
vt 0.943924 0.352737 
vt 0.767242 0.702072 
vt 0.362503 0.384949 
vt 0.857071 0.375458 
vt 0.890076 0.408798 
vt 0.868118 0.374939 
vt 0.901108 0.408279 
vt 0.820175 0.631409 
vt 0.192749 0.353485 
vt 0.190811 0.360184 
vt 0.884232 0.408798 
vt 0.844101 0.644241 
vt 0.830704 0.63298 
vt 0.804108 0.633316 
vt 0.793594 0.631744 
vt 0.936966 0.405624 
vt 0.594238 0.016617 
vt 0.594238 0.016617 
vt 0.60553 0.059082 
vt 0.60553 0.059082 
vt 0.619202 0.064392 
vt 0.925934 0.406158 
vt 0.623108 0.011719 
vt 0.623108 0.011719 
vt 0.57045 0.072037 
vt 0.589203 0.038376 
vt 0.557449 0.061142 
vt 0.619202 0.064392 
vt 0.589203 0.038376 
vt 0.57045 0.072037 
vt 0.557449 0.061142 
vt 0.267075 0.258331 
vt 0.780853 0.765182 
vt 0.786667 0.798309 
vt 0.791 0.762695 
vt 0.795578 0.797501 
vt 0.789749 0.764374 
vt 0.799896 0.761887 
vt 0.812042 0.591064 
vt 0.83609 0.577957 
vt 0.83371 0.549866 
vt 0.798904 0.800049 
vt 0.820313 0.777023 
vt 0.811401 0.777832 
vt 0.826752 0.76561 
vt 0.835648 0.764801 
vt 0.790009 0.800857 
vt 0.793381 0.799194 
vt 0.784485 0.800003 
vt 0.257233 0.259888 
vt 0.259201 0.256332 
vt 0.180252 0.194046 
vt 0.166901 0.184906 
vt 0.165802 0.190201 
vt 0.83609 0.577957 
vt 0.872177 0.590103 
vt 0.83609 0.577957 
vt 0.872177 0.590103 
vt 0.945099 0.099304 
vt 0.94397 0.109955 
vt 0.950195 0.100601 
vt 0.94484 0.08992 
vt 0.94484 0.067383 
vt 0.939423 0.097488 
vt 0.827866 0.42923 
vt 0.820801 0.455322 
vt 0.885193 0.432434 
vt 0.885193 0.432434 
vt 0.820801 0.455322 
vt 0.827866 0.42923 
vt 0.891068 0.473358 
vt 0.913254 0.435852 
vt 0.93988 0.04953 
vt 0.921219 0.046905 
vt 0.921646 0.065948 
vt 0.83609 0.577957 
vt 0.873428 0.560883 
vt 0.872177 0.590103 
vt 0.872177 0.590103 
vt 0.873428 0.560883 
vt 0.83609 0.577957 
vt 0.913254 0.435852 
vt 0.891068 0.473358 
vt 0.268112 0.311447 
vt 0.277359 0.307785 
vt 0.273651 0.306503 
vt 0.866364 0.520508 
vt 0.849075 0.531097 
vt 0.849075 0.531097 
vt 0.866364 0.520508 
vt 0.866364 0.520508 
vt 0.849075 0.531097 
vt 0.874634 0.527878 
vt 0.874634 0.527878 
vt 0.874634 0.527878 
vt 0.873428 0.560883 
vt 0.872177 0.590103 
vt 0.873428 0.560883 
vt 0.873428 0.560883 
vt 0.83371 0.549866 
vt 0.83371 0.549866 
vt 0.8237 0.488754 
vt 0.8237 0.488754 
vt 0.871445 0.489777 
vt 0.834763 0.499786 
vt 0.834763 0.499786 
vt 0.871445 0.489777 
vt 0.268555 0.305206 
vt 0.94484 0.08992 
vt 0.956375 0.070847 
vt 0.94484 0.067383 
vt 0.874634 0.527878 
vt 0.812042 0.591064 
vt 0.812042 0.591064 
vt 0.267075 0.258331 
vt 0.293808 0.272522 
vt 0.296127 0.275391 
vt 0.293106 0.269485 
vt 0.297058 0.276794 
vt 0.824997 0.623795 
vt 0.824997 0.623795 
vt 0.183533 0.229385 
vt 0.186066 0.224243 
vt 0.181961 0.218094 
vt 0.301056 0.286636 
vt 0.188294 0.238113 
vt 0.302597 0.293579 
vt 0.190109 0.262817 
vt 0.18602 0.241516 
vt 0.268555 0.305206 
vt 0.273651 0.306503 
vt 0.195053 0.205963 
vt 0.180252 0.194046 
vt 0.186539 0.20137 
vt 0.262589 0.294525 
vt 0.277359 0.307785 
vt 0.275497 0.307449 
vt 0.272842 0.30957 
vt 0.271027 0.31073 
vt 0.272842 0.30957 
vt 0.874634 0.527878 
vt 0.873428 0.560883 
vt 0.872177 0.590103 
vt 0.872177 0.590103 
vt 0.873428 0.560883 
vt 0.83609 0.577957 
vt 0.82106 0.442627 
vt 0.823456 0.452194 
vt 0.872284 0.558273 
vt 0.870056 0.549042 
vt 0.83371 0.549866 
vt 0.812042 0.591064 
vt 0.812042 0.591064 
vt 0.812042 0.591064 
vt 0.884338 0.49144 
vt 0.812042 0.591064 
vt 0.83371 0.549866 
vt 0.82106 0.442627 
vt 0.821304 0.452835 
vt 0.874985 0.498642 
vt 0.818787 0.470612 
vt 0.862 0.50238 
vt 0.849503 0.502274 
vt 0.826111 0.489166 
vt 0.837723 0.496368 
vt 0.828217 0.460266 
vt 0.830841 0.48793 
vt 0.817932 0.471146 
vt 0.821304 0.452835 
vt 0.925034 0.514847 
vt 0.936783 0.507553 
vt 0.949539 0.505554 
vt 0.826111 0.489166 
vt 0.860596 0.492599 
vt 0.887024 0.478882 
vt 0.961746 0.507034 
vt 0.849075 0.531097 
vt 0.83371 0.549866 
vt 0.83371 0.549866 
vt 0.849075 0.531097 
vt 0.866364 0.520508 
vt 0.874634 0.527878 
vt 0.866364 0.520508 
vt 0.866364 0.520508 
vt 0.874634 0.527878 
vt 0.866364 0.520508 
vt 0.849075 0.531097 
vt 0.849075 0.531097 
vt 0.818115 0.471664 
vt 0.826111 0.489166 
vt 0.85788 0.528625 
vt 0.865524 0.537003 
vt 0.846314 0.525055 
vt 0.841309 0.501099 
vt 0.833679 0.52684 
vt 0.841309 0.501099 
vt 0.814453 0.547134 
vt 0.860596 0.492599 
vt 0.887024 0.478882 
vt 0.921921 0.524795 
vt 0.82106 0.442627 
vt 0.905655 0.453949 
vt 0.793991 0.576904 
vt 0.82547 0.546997 
vt 0.821304 0.452835 
vt 0.984314 0.531021 
vt 0.887024 0.478882 
vt 0.849152 0.555084 
vt 0.826111 0.489166 
vt 0.837158 0.488632 
vt 0.859665 0.556656 
vt 0.852356 0.50058 
vt 0.871643 0.492081 
vt 0.832657 0.552948 
vt 0.860596 0.492599 
vt 0.884644 0.571075 
vt 0.84317 0.55452 
vt 0.841309 0.501099 
vt 0.841309 0.501099 
vt 0.97049 0.51178 
vt 0.860596 0.492599 
vt 0.818405 0.469925 
vt 0.832687 0.541489 
vt 0.887024 0.478882 
vt 0.826111 0.489166 
vt 0.855255 0.539429 
vt 0.868195 0.545135 
vt 0.876572 0.552765 
vt 0.860596 0.492599 
vt 0.841309 0.501099 
vt 0.840408 0.55246 
vt 0.850922 0.554031 
vt 0.963532 0.666748 
vt 0.467117 0.301285 
vt 0.513107 0.279404 
vt 0.4897 0.272095 
vt 0.663956 0.16626 
vt 0.700394 0.121994 
vt 0.663696 0.128403 
vt 0.693131 0.169128 
vt 0.735245 0.112518 
vt 0.436325 0.296341 
vt 0.394302 0.253097 
vt 0.378357 0.288315 
vt 0.735504 0.161499 
vt 0.483231 0.308563 
vt 0.453095 0.265594 
vt 0.669571 0.20581 
vt 0.428635 0.345245 
vt 0.366242 0.340973 
vt 0.697617 0.211807 
vt 0.737824 0.208954 
vt 0.806519 0.250015 
vt 0.751831 0.258469 
vt 0.807404 0.195724 
vt 0.797989 0.295959 
vt 0.74585 0.305984 
vt 0.70079 0.251358 
vt 0.688248 0.297516 
vt 0.789459 0.341919 
vt 0.833588 0.360855 
vt 0.77832 0.401352 
vt 0.770599 0.103805 
vt 0.847046 0.283157 
vt 0.316834 0.277145 
vt 0.325073 0.236999 
vt 0.842316 0.307709 
vt 0.310669 0.385132 
vt 0.366287 0.39743 
vt 0.318955 0.440124 
vt 0.307694 0.329864 
vt 0.836548 0.337616 
vt 0.846664 0.350418 
vt 0.833649 0.360886 
vt 0.839768 0.374802 
vt 0.839066 0.363525 
vt 0.846848 0.340759 
vt 0.367493 0.505188 
vt 0.372025 0.510498 
vt 0.376709 0.495087 
vt 0.383255 0.516678 
vt 0.374558 0.522781 
vt 0.278397 0.485413 
vt 0.32457 0.497467 
vt 0.383255 0.516678 
vt 0.374558 0.522781 
vt 0.388321 0.541367 
vt 0.280823 0.511429 
vt 0.374588 0.45079 
vt 0.461456 0.349716 
vt 0.478775 0.350723 
vt 0.456146 0.39331 
vt 0.474945 0.393158 
vt 0.657089 0.29245 
vt 0.673004 0.246002 
vt 0.483841 0.443985 
vt 0.467712 0.445633 
vt 0.493408 0.501373 
vt 0.64032 0.344849 
vt 0.47995 0.504318 
vt 0.675034 0.349731 
vt 0.434952 0.444946 
vt 0.473007 0.552643 
vt 0.489853 0.556168 
vt 0.667114 0.392929 
vt 0.644882 0.391678 
vt 0.7267 0.450073 
vt 0.672455 0.435272 
vt 0.450317 0.553574 
vt 0.448914 0.504272 
vt 0.732544 0.395981 
vt 0.460236 0.601669 
vt 0.476914 0.604355 
vt 0.651703 0.436722 
vt 0.44017 0.601501 
vt 0.421555 0.391922 
vt 0.739883 0.353485 
vt 0.382889 0.504166 
vt 0.331848 0.557785 
vt 0.384934 0.554825 
vt 0.402969 0.509949 
vt 0.823883 0.399826 
vt 0.822601 0.392807 
vt 0.82402 0.406052 
vt 0.820969 0.413071 
vt 0.829773 0.387848 
vt 0.708527 0.00595099 
vt 0.808929 0.010086 
vt 0.805161 0.00361598 
vt 0.808929 0.010086 
vt 0.708527 0.00595099 
vt 0.805161 0.00361598 
vt 0.714981 0.0457 
vt 0.807861 0.030777 
vt 0.742127 0.004089 
vt 0.800034 0.027527 
vt 0.797974 0.00331098 
vt 0.800034 0.027527 
vt 0.742127 0.004089 
vt 0.797974 0.00331098 
vt 0.802765 0.423874 
vt 0.375275 0.562515 
vt 0.391937 0.575226 
vt 0.714981 0.0457 
vt 0.807861 0.030777 
vt 0.391937 0.575226 
vt 0.412903 0.545837 
vt 0.388321 0.541367 
vt 0.297195 0.60112 
vt 0.284622 0.55249 
vt 0.412201 0.56131 
vt 0.416184 0.569641 
vt 0.961762 0.726761 
vt 0.991058 0.663116 
vt 0.963196 0.661865 
vt 0.991058 0.663116 
vt 0.961762 0.726761 
vt 0.963196 0.661865 
vt 0.279709 0.588211 
vt 0.284271 0.595306 
vt 0.280304 0.580109 
vt 0.416489 0.578003 
vt 0.381256 0.573837 
vt 0.711624 0.068008 
vt 0.76767 0.029297 
vt 0.774521 0.057602 
vt 0.76767 0.029297 
vt 0.711624 0.068008 
vt 0.774521 0.057602 
vt 0.413544 0.593399 
vt 0.746689 0.055832 
vt 0.798492 0.051346 
vt 0.746689 0.055832 
vt 0.798492 0.051346 
vt 0.374283 0.550995 
vt 0.712891 0.023361 
vt 0.712891 0.023361 
vt 0.413284 0.539993 
vt 0.411224 0.543991 
vt 0.953629 0.359177 
vt 0.935288 0.273437 
vt 0.966431 0.283035 
vt 0.413467 0.525375 
vt 0.41359 0.532684 
vt 0.377335 0.540924 
vt 0.375839 0.5457 
vt 0.37529 0.534668 
vt 0.744293 0.029556 
vt 0.744293 0.029556 
vt 0.408005 0.542892 
vt 0.257111 0.569534 
vt 0.267304 0.575149 
vt 0.251679 0.562241 
vt 0.703308 0.00238001 
vt 0.704712 0.036026 
vt 0.703308 0.00238001 
vt 0.704712 0.036026 
vt 0.380707 0.58226 
vt 0.677689 0.474258 
vt 0.659775 0.475113 
vt 0.723251 0.479813 
vt 0.386002 0.609726 
vt 0.427109 0.637161 
vt 0.386551 0.639969 
vt 0.449371 0.638473 
vt 0.465881 0.645157 
vt 0.434204 0.674622 
vt 0.677765 0.508972 
vt 0.421341 0.672409 
vt 0.449326 0.681351 
vt 0.757767 0.480148 
vt 0.715424 0.507324 
vt 0.351578 0.637878 
vt 0.387955 0.66951 
vt 0.770981 0.451355 
vt 0.667328 0.507294 
vt 0.422775 0.706177 
vt 0.675812 0.539917 
vt 0.383102 0.592361 
vt 0.396423 0.600388 
vt 0.803314 0.435303 
vt 0.780945 0.449707 
vt 0.800247 0.440613 
vt 0.337753 0.60849 
vt 0.383102 0.592361 
vt 0.390823 0.601654 
vt 0.390198 0.61026 
vt 0.991913 0.728867 
vt 0.991913 0.728867 
vt 0.803742 0.452347 
vt 0.797272 0.450302 
vt 0.419632 0.610687 
vt 0.763641 0.00192302 
vt 0.763641 0.00192302 
vt 0.395081 0.625412 
vt 0.390625 0.618301 
vt 0.403702 0.615356 
vt 0.315353 0.63063 
vt 0.251007 0.554565 
vt 0.92424 0.273956 
vt 0.789032 0.773025 
vt 0.34494 0.411026 
vt 0.34494 0.411026 
vt 0.877411 0.245651 
vt 0.816162 0.775742 
vt 0.942581 0.359711 
vt 0.92424 0.273956 
vt 0.874313 0.327011 
vt 0.255371 0.321442 
vt 0.260849 0.370666 
vt 0.218933 0.420685 
vt 0.940903 0.274277 
vt 0.870529 0.25592 
vt 0.8647 0.278458 
vt 0.870148 0.266373 
vt 0.829224 0.708282 
vt 0.791214 0.6931 
vt 0.321945 0.411148 
vt 0.329956 0.416824 
vt 0.908371 0.348907 
vt 0.874313 0.327011 
vt 0.928803 0.66011 
vt 0.908371 0.348907 
vt 0.874313 0.327011 
vt 0.805313 0.68132 
vt 0.837448 0.685791 
vt 0.336105 0.42598 
vt 0.376556 0.429718 
vt 0.376007 0.41687 
vt 0.213379 0.4543 
vt 0.21788 0.463776 
vt 0.221359 0.457474 
vt 0.988709 0.668747 
vt 0.367645 0.395874 
vt 0.203629 0.41156 
vt 0.37178 0.408951 
vt 0.368317 0.403381 
vt 0.37178 0.408951 
vt 0.367645 0.395874 
vt 0.942581 0.359711 
vt 0.88237 0.314392 
vt 0.201126 0.416779 
vt 0.218826 0.42067 
vt 0.201263 0.433258 
vt 0.214661 0.446457 
vt 0.942581 0.359711 
vt 0.815826 0.682892 
vt 0.847977 0.687363 
vt 0.955597 0.724518 
vt 0.924912 0.719788 
vt 0.862656 0.282638 
vt 0.86409 0.292526 
vt 0.92424 0.273956 
vt 0.893524 0.265854 
vt 0.893524 0.265854 
vt 0.970032 0.291763 
vt 0.919922 0.262039 
vt 0.807007 0.765243 
vt 0.777039 0.753799 
vt 0.26918 0.426437 
vt 0.92424 0.273956 
vt 0.893524 0.265854 
vt 0.955383 0.283554 
vt 0.976791 0.726181 
vt 0.854858 0.310821 
vt 0.855682 0.319977 
vt 0.853027 0.328491 
vt 0.367294 0.472366 
vt 0.347046 0.455658 
vt 0.35141 0.465454 
vt 0.345749 0.448624 
vt 0.357819 0.447205 
vt 0.390961 0.456863 
vt 0.357819 0.447205 
vt 0.367294 0.472366 
vt 0.35228 0.47139 
vt 0.807449 0.735748 
vt 0.832581 0.739609 
vt 0.796936 0.734177 
vt 0.822067 0.738037 
vt 0.355057 0.478897 
vt 0.893524 0.265854 
vt 0.764786 0.76886 
vt 0.955383 0.283554 
vt 0.955383 0.283554 
vt 0.341782 0.435593 
vt 0.344315 0.441101 
vt 0.38324 0.44072 
vt 0.385117 0.447021 
vt 0.3815 0.435013 
vt 0.376556 0.429718 
vt 0.860199 0.303863 
vt 0.385117 0.447021 
vt 0.942581 0.359711 
vt 0.908371 0.348907 
vt 0.874313 0.327011 
vt 0.919418 0.348373 
vt 0.885361 0.326477 
vt 0.7845 0.677429 
vt 0.854538 0.717499 
vt 0.223526 0.471039 
vt 0.795013 0.679001 
vt 0.394348 0.462692 
vt 0.394928 0.467361 
vt 0.221771 0.476211 
vt 0.221985 0.485825 
vt 0.942581 0.359711 
vt 0.658875 0.00720203 
vt 0.660645 0.031479 
vt 0.65918 0.073715 
vt 0.648132 0.037323 
vt 0.683823 0.00529498 
vt 0.683365 0.035431 
vt 0.65918 0.073715 
vt 0.648132 0.037323 
vt 0.658875 0.00720203 
vt 0.660645 0.031479 
vt 0.683823 0.00529498 
vt 0.683365 0.035431 
vt 0.231995 0.511352 
vt 0.236527 0.502121 
vt 0.231751 0.50592 
vt 0.659439 0.056519 
vt 0.659439 0.056519 
vt 0.600464 0.077637 
vt 0.600464 0.077637 
vt 0.681961 0.064682 
vt 0.681961 0.064682 
vt 0.845886 0.336365 
vt 0.361969 0.494949 
vt 0.364746 0.500961 
vt 0.376709 0.495087 
vt 0.361008 0.489487 
vt 0.361969 0.494949 
vt 0.355057 0.478897 
vt 0.904556 0.265335 
vt 0.396637 0.483398 
vt 0.92424 0.273956 
vt 0.893524 0.265854 
vt 0.364746 0.500961 
vt 0.779587 0.73056 
vt 0.23407 0.499985 
vt 0.790115 0.732132 
vt 0.846664 0.350418 
vt 0.839066 0.363525 
vt 0.844162 0.357925 
vt 0.4021 0.496735 
vt 0.243607 0.523956 
vt 0.955383 0.283554 
vt 0.411896 0.51915 
vt 0.411896 0.51915 
vt 0.242371 0.537613 
vt 0.251007 0.554565 
vt 0.242371 0.537613 
vt 0.246368 0.545212 
vt 0.394775 0.473465 
vt 0.227219 0.494156 
vt 0.394928 0.467361 
vt 0.955383 0.283554 
vt 0.828262 0.772125 
vt 0.400742 0.493423 
vt 0.401428 0.495987 
vt 0.235886 0.517593 
vt 0.747528 0.509293 
vt 0.797867 0.480514 
vt 0.80574 0.473297 
vt 0.807327 0.460297 
vt 0.807434 0.491867 
vt 0.815399 0.481705 
vt 0.797867 0.480514 
vt 0.903458 0.625229 
vt 0.857086 0.69342 
vt 0.872559 0.626205 
vt 0.814285 0.500915 
vt 0.808273 0.505279 
vt 0.807327 0.460297 
vt 0.810776 0.474899 
vt 0.80574 0.473297 
vt 0.88887 0.63089 
vt 0.919815 0.684692 
vt 0.917389 0.622055 
vt 0.857086 0.69342 
vt 0.903458 0.625229 
vt 0.872559 0.626205 
vt 0.399841 0.66806 
vt 0.385574 0.6521 
vt 0.383652 0.659347 
vt 0.859436 0.679993 
vt 0.899674 0.613098 
vt 0.891403 0.683746 
vt 0.267151 0.726105 
vt 0.257278 0.744507 
vt 0.260773 0.745819 
vt 0.395645 0.633148 
vt 0.387711 0.640442 
vt 0.410034 0.637695 
vt 0.25531 0.732819 
vt 0.919907 0.745987 
vt 0.918366 0.686584 
vt 0.919907 0.745987 
vt 0.883209 0.806702 
vt 0.883667 0.742294 
vt 0.919907 0.745987 
vt 0.883209 0.806702 
vt 0.91806 0.815643 
vt 0.91806 0.815643 
vt 0.883667 0.742294 
vt 0.891403 0.683746 
vt 0.857056 0.739029 
vt 0.859436 0.679993 
vt 0.891403 0.683746 
vt 0.857056 0.739029 
vt 0.859436 0.679993 
vt 0.152908 0.669022 
vt 0.172104 0.730408 
vt 0.150467 0.731934 
vt 0.152908 0.669022 
vt 0.135559 0.732819 
vt 0.150467 0.731934 
vt 0.135559 0.732819 
vt 0.172104 0.730408 
vt 0.919815 0.684692 
vt 0.88887 0.63089 
vt 0.917389 0.622055 
vt 0.815613 0.490906 
vt 0.770569 0.02774 
vt 0.717804 0.065018 
vt 0.78009 0.05603 
vt 0.705261 0.002792 
vt 0.770569 0.02774 
vt 0.708801 0.035187 
vt 0.862351 0.695572 
vt 0.894821 0.692825 
vt 0.862351 0.695572 
vt 0.894821 0.692825 
vt 0.717804 0.065018 
vt 0.78009 0.05603 
vt 0.387711 0.640442 
vt 0.385178 0.646698 
vt 0.410034 0.637695 
vt 0.932419 0.660065 
vt 0.961762 0.726761 
vt 0.938187 0.721054 
vt 0.385574 0.6521 
vt 0.961762 0.726761 
vt 0.932419 0.660065 
vt 0.938187 0.721054 
vt 0.430008 0.668091 
vt 0.406784 0.651535 
vt 0.299652 0.692627 
vt 0.277908 0.667923 
vt 0.271988 0.696625 
vt 0.705261 0.002792 
vt 0.708801 0.035187 
vt 0.896118 0.694138 
vt 0.919907 0.745987 
vt 0.891403 0.683746 
vt 0.883667 0.742294 
vt 0.883667 0.742294 
vt 0.927307 0.752533 
vt 0.923416 0.694504 
vt 0.896118 0.694138 
vt 0.927307 0.752533 
vt 0.923416 0.694504 
vt 0.263733 0.713654 
vt 0.269974 0.708923 
vt 0.265122 0.706894 
vt 0.403809 0.668137 
vt 0.397308 0.686005 
vt 0.408997 0.673752 
vt 0.258041 0.720917 
vt 0.426498 0.678024 
vt 0.78096 0.504105 
vt 0.859436 0.679993 
vt 0.899674 0.613098 
vt 0.871384 0.611328 
vt 0.871384 0.611328 
vt 0.806564 0.509308 
vt 0.406937 0.708633 
vt 0.406921 0.697464 
vt 0.395065 0.718079 
vt 0.256912 0.756378 
vt 0.264648 0.75087 
vt 0.805786 0.516739 
vt 0.802353 0.526794 
vt 0.899674 0.613098 
vt 0.899674 0.613098 
vt 0.383286 0.716827 
vt 0.918366 0.686584 
vt 0.149109 0.790024 
vt 0.149109 0.790024 
vt 0.178436 0.747452 
vt 0.158997 0.817993 
vt 0.152893 0.749969 
vt 0.26738 0.772125 
vt 0.261246 0.772354 
vt 0.257202 0.768646 
vt 0.158997 0.817993 
vt 0.178436 0.747452 
vt 0.152893 0.749969 
vt 0.185135 0.821747 
vt 0.185135 0.821747 
vt 0.181107 0.720047 
vt 0.156784 0.777756 
vt 0.18103 0.779953 
vt 0.172379 0.793137 
vt 0.918366 0.686584 
vt 0.172379 0.793137 
vt 0.383194 0.684006 
vt 0.384277 0.668625 
vt 0.407272 0.6268 
vt 0.383652 0.659347 
vt 0.384277 0.668625 
vt 0.399841 0.66806 
vt 0.404358 0.686661 
vt 0.932419 0.660065 
vt 0.938187 0.721054 
vt 0.420227 0.621887 
vt 0.932419 0.660065 
vt 0.938187 0.721054 
vt 0.415405 0.634598 
vt 0.431824 0.639297 
vt 0.862885 0.63414 
vt 0.862885 0.63414 
vt 0.406784 0.651535 
vt 0.415405 0.634598 
vt 0.301132 0.665955 
vt 0.766693 0.00184602 
vt 0.396988 0.699036 
vt 0.412888 0.673691 
vt 0.412888 0.673691 
vt 0.396988 0.699036 
vt 0.418015 0.680908 
vt 0.297348 0.715851 
vt 0.415405 0.6884 
vt 0.412476 0.700043 
vt 0.406937 0.708633 
vt 0.766693 0.00184602 
vt 0.156784 0.777756 
vt 0.181107 0.720047 
vt 0.18103 0.779953 
vt 0.176346 0.599472 
vt 0.178909 0.605118 
vt 0.160309 0.661499 
vt 0.160309 0.661499 
vt 0.176346 0.599472 
vt 0.167709 0.600784 
vt 0.167709 0.600784 
vt 0.178909 0.605118 
vt 0.141403 0.665283 
vt 0.162003 0.599762 
vt 0.156677 0.674362 
vt 0.18132 0.617264 
vt 0.18132 0.617264 
vt 0.184219 0.68222 
vt 0.18132 0.617264 
vt 0.160309 0.661499 
vt 0.184219 0.68222 
vt 0.160309 0.661499 
vt 0.18132 0.617264 
vt 0.184219 0.68222 
vt 0.167709 0.600784 
vt 0.147232 0.653671 
vt 0.147232 0.653671 
vt 0.184219 0.68222 
vt 0.147232 0.653671 
vt 0.147232 0.653671 
vt 0.167709 0.600784 
vt 0.176346 0.599472 
vt 0.178909 0.605118 
vt 0.176346 0.599472 
vt 0.178909 0.605118 
vt 0.176346 0.599472 
vt 0.178909 0.605118 
vt 0.160309 0.661499 
vt 0.160309 0.661499 
vt 0.176346 0.599472 
vt 0.167709 0.600784 
vt 0.167709 0.600784 
vt 0.944855 0.501404 
vt 0.948837 0.505371 
vt 0.954651 0.564926 
vt 0.178909 0.605118 
vt 0.18132 0.617264 
vt 0.18132 0.617264 
vt 0.156677 0.674362 
vt 0.162003 0.599762 
vt 0.141403 0.665283 
vt 0.909302 0.85498 
vt 0.909302 0.85498 
vt 0.173187 0.624237 
vt 0.172333 0.687225 
vt 0.902603 0.863205 
vt 0.886734 0.855484 
vt 0.902603 0.863205 
vt 0.886734 0.855484 
vt 0.173187 0.624237 
vt 0.172333 0.687225 
vt 0.177399 0.694824 
vt 0.177399 0.694824 
vt 0.140762 0.661377 
vt 0.153229 0.608063 
vt 0.153229 0.608063 
vt 0.140762 0.661377 
vt 0.180115 0.620056 
vt 0.161972 0.605362 
vt 0.168854 0.610626 
vt 0.161972 0.605362 
vt 0.168854 0.610626 
vt 0.171249 0.59584 
vt 0.176773 0.603912 
vt 0.176773 0.603912 
vt 0.171249 0.59584 
vt 0.180115 0.620056 
vt 0.954651 0.564926 
vt 0.948837 0.505371 
vt 0.944855 0.501404 
vt 0.952332 0.524261 
vt 0.968521 0.577957 
vt 0.952332 0.524261 
vt 0.968521 0.577957 
vt 0.147232 0.653671 
vt 0.974564 0.6185 
vt 0.181107 0.720047 
vt 0.156311 0.722122 
vt 0.184219 0.68222 
vt 0.147232 0.653671 
vt 0.974564 0.6185 
vt 0.133408 0.725372 
vt 0.170166 0.619141 
vt 0.154404 0.662979 
vt 0.172424 0.677872 
vt 0.154404 0.662979 
vt 0.170166 0.619141 
vt 0.172424 0.677872 
vt 0.133408 0.725372 
vt 0.181107 0.720047 
vt 0.156311 0.722122 
vt 0.926193 0.509232 
vt 0.925873 0.563644 
vt 0.926193 0.509232 
vt 0.165283 0.59491 
vt 0.169098 0.599487 
vt 0.925873 0.563644 
vt 0.169098 0.599487 
vt 0.165283 0.59491 
vt 0.170364 0.593674 
vt 0.172684 0.598434 
vt 0.155426 0.661331 
vt 0.160965 0.59906 
vt 0.160965 0.59906 
vt 0.14621 0.65654 
vt 0.184219 0.68222 
vt 0.181107 0.720047 
vt 0.156311 0.722122 
vt 0.181107 0.720047 
vt 0.156311 0.722122 
vt 0.156311 0.722122 
vt 0.156311 0.722122 
vt 0.133408 0.725372 
vt 0.133408 0.725372 
vt 0.132019 0.75029 
vt 0.132019 0.75029 
vt 0.133408 0.725372 
vt 0.133408 0.725372 
vt 0.284042 0.630875 
vt 0.304291 0.648849 
vt 0.988449 0.608093 
vt 0.957504 0.542602 
vt 0.96048 0.603882 
vt 0.957504 0.542602 
vt 0.988449 0.608093 
vt 0.96048 0.603882 
vt 0.928406 0.607727 
vt 0.641449 0.006226 
vt 0.641449 0.006226 
vt 0.989243 0.543701 
vt 0.989243 0.543701 
vt 0.928406 0.607727 
vt 0.931793 0.537567 
vt 0.931793 0.537567 
vt 0.988449 0.608093 
vt 0.957504 0.542602 
vt 0.989243 0.543701 
vt 0.986389 0.510422 
vt 0.986389 0.510422 
vt 0.957504 0.542602 
vt 0.989243 0.543701 
vt 0.981628 0.506134 
vt 0.988449 0.608093 
vt 0.96048 0.603882 
vt 0.922867 0.606338 
vt 0.96048 0.603882 
vt 0.922867 0.606338 
vt 0.927368 0.535217 
vt 0.927368 0.535217 
vt 0.981628 0.506134 
vt 0.548431 0.029205 
vt 0.558746 0.017319 
vt 0.558746 0.017319 
vt 0.548431 0.029205 
vt 0.585541 0.010467 
vt 0.548721 0.044449 
vt 0.548721 0.044449 
vt 0.585541 0.010467 
vt 0.986389 0.510422 
vt 0.986389 0.510422 
vt 0.976532 0.501556 
vt 0.976532 0.501556 
vt 0.962601 0.50032 
vt 0.950729 0.499542 
vt 0.940033 0.50708 
vt 0.940033 0.50708 
vt 0.950729 0.499542 
vt 0.962601 0.50032 
vt 0.976532 0.501556 
vt 0.962601 0.50032 
vt 0.976532 0.501556 
vt 0.962601 0.50032 
vt 0.950729 0.499542 
vt 0.950729 0.499542 
vt 0.433411 0.653854 
vt 0.963196 0.661865 
vt 0.963196 0.661865 
vt 0.991058 0.663116 
vt 0.991058 0.663116 
vt 0.991913 0.728867 
vt 0.991913 0.728867 
vt 0.315353 0.63063 
vt 0.295013 0.617752 
vt 0.296906 0.623978 
vt 0.295013 0.617752 
vt 0.431824 0.639297 
vt 0.285095 0.644058 
vt 0.404358 0.686661 
vt 0.397308 0.686005 
vt 0.398682 0.683502 
vt 0.416168 0.684647 
vt 0.398682 0.683502 
vt 0.396851 0.674728 
vt 0.264465 0.660416 
vt 0.279984 0.661011 
vt 0.426498 0.678024 
vt 0.42186 0.681412 
vt 0.416168 0.684647 
vt 0.42186 0.681412 
vt 0.268829 0.634445 
vt 0.261963 0.642166 
vt 0.26149 0.655243 
vt 0.285095 0.644058 
vt 0.26149 0.655243 
vt 0.268829 0.634445 
vt 0.929215 0.742905 
vt 0.929215 0.742905 
vt 0.864426 0.748657 
vt 0.895615 0.749054 
vt 0.864426 0.748657 
vt 0.895615 0.749054 
vt 0.257523 0.660141 
vt 0.240753 0.670883 
vt 0.247467 0.663696 
vt 0.237488 0.681168 
vt 0.896347 0.808517 
vt 0.59317 0.03952 
vt 0.661301 0.072723 
vt 0.599487 0.074066 
vt 0.661301 0.072723 
vt 0.59317 0.03952 
vt 0.599487 0.074066 
vt 0.565537 0.014069 
vt 0.588471 0.009781 
vt 0.588471 0.009781 
vt 0.565537 0.014069 
vt 0.925583 0.796951 
vt 0.896347 0.808517 
vt 0.925583 0.796951 
vt 0.54837 0.024033 
vt 0.851273 0.752441 
vt 0.885864 0.812881 
vt 0.85376 0.810593 
vt 0.652588 0.037338 
vt 0.652588 0.037338 
vt 0.885864 0.812881 
vt 0.851273 0.752441 
vt 0.85376 0.810593 
vt 0.866516 0.8125 
vt 0.866516 0.8125 
vt 0.860855 0.838715 
vt 0.878342 0.858444 
vt 0.903793 0.86322 
vt 0.903793 0.86322 
vt 0.878342 0.858444 
vt 0.910004 0.859268 
vt 0.860855 0.838715 
vt 0.910004 0.859268 
vt 0.87294 0.838501 
vt 0.883209 0.806702 
vt 0.886734 0.855484 
vt 0.883209 0.806702 
vt 0.886734 0.855484 
vt 0.902603 0.863205 
vt 0.902603 0.863205 
vt 0.87294 0.838501 
vt 0.921097 0.821518 
vt 0.921097 0.821518 
vt 0.54837 0.024033 
vt 0.90538 0.849518 
vt 0.916672 0.841309 
vt 0.90538 0.849518 
vt 0.893402 0.853805 
vt 0.893402 0.853805 
vt 0.940033 0.50708 
vt 0.940033 0.50708 
vt 0.916672 0.841309 
vt 0.921539 0.827835 
vt 0.870239 0.835541 
vt 0.870239 0.835541 
vt 0.921539 0.827835 
vt 0.879776 0.852936 
vt 0.556793 0.063065 
vt 0.552399 0.049545 
vt 0.552399 0.049545 
vt 0.556793 0.063065 
vt 0.547821 0.037659 
vt 0.547821 0.037659 
vt 0.879776 0.852936 
vt 0.568222 0.070267 
vt 0.568222 0.070267 
vt 0.860397 0.798584 
vt 0.857056 0.739029 
vt 0.891815 0.751083 
vt 0.891815 0.751083 
vt 0.652542 0.00654602 
vt 0.238327 0.688415 
vt 0.246277 0.692276 
vt 0.652542 0.00654602 
vt 0.857056 0.739029 
vt 0.264542 0.689941 
vt 0.263123 0.699066 
vt 0.399338 0.668915 
vt 0.87294 0.838501 
vt 0.860397 0.798584 
vt 0.87294 0.838501 
vt 0.860397 0.798584 
vt 0.909302 0.85498 
vt 0.91806 0.815643 
vt 0.91806 0.815643 
vt 0.909302 0.85498 
vt 0.860397 0.798584 
vt 0.296372 0.734467 
vt 0.178268 0.888046 
vt 0.161453 0.878647 
vt 0.179092 0.87355 
vt 0.155273 0.907837 
vt 0.156189 0.845703 
vt 0.165329 0.912445 
vt 0.756378 0.656647 
vt 0.749374 0.642517 
vt 0.751877 0.654236 
vt 0.161453 0.878647 
vt 0.178268 0.888046 
vt 0.179092 0.87355 
vt 0.763397 0.654404 
vt 0.763336 0.644546 
vt 0.155777 0.908127 
vt 0.157227 0.846893 
vt 0.165695 0.910416 
vt 0.406464 0.690948 
vt 0.410446 0.685959 
vt 0.405655 0.696121 
vt 0.925079 0.79541 
vt 0.953903 0.731171 
vt 0.949966 0.796356 
vt 0.163574 0.894531 
vt 0.163574 0.894531 
vt 0.156189 0.845703 
vt 0.155273 0.907837 
vt 0.165329 0.912445 
vt 0.177445 0.902527 
vt 0.177445 0.902527 
vt 0.953903 0.731171 
vt 0.925079 0.79541 
vt 0.949966 0.796356 
vt 0.410446 0.685959 
vt 0.406464 0.690948 
vt 0.405655 0.696121 
vt 0.157227 0.846893 
vt 0.405655 0.696121 
vt 0.409668 0.690842 
vt 0.411545 0.689072 
vt 0.409668 0.690842 
vt 0.415909 0.685333 
vt 0.411545 0.689072 
vt 0.409668 0.690842 
vt 0.405655 0.696121 
vt 0.76062 0.657532 
vt 0.751816 0.666382 
vt 0.405426 0.695343 
vt 0.39888 0.702606 
vt 0.416184 0.683701 
vt 0.416184 0.683701 
vt 0.405426 0.695343 
vt 0.416184 0.683701 
vt 0.405426 0.695343 
vt 0.393097 0.680572 
vt 0.404251 0.690857 
vt 0.157227 0.846893 
vt 0.393097 0.680572 
vt 0.405426 0.695343 
vt 0.157227 0.846893 
vt 0.155777 0.908127 
vt 0.165695 0.910416 
vt 0.758347 0.618668 
vt 0.771332 0.647232 
vt 0.405548 0.688629 
vt 0.408783 0.683685 
vt 0.393417 0.698929 
vt 0.776382 0.642044 
vt 0.765335 0.58165 
vt 0.735809 0.588028 
vt 0.761688 0.60115 
vt 0.403503 0.691833 
vt 0.416763 0.690674 
vt 0.177445 0.902527 
vt 0.157227 0.846893 
vt 0.165695 0.910416 
vt 0.742188 0.562881 
vt 0.179382 0.906677 
vt 0.179382 0.906677 
vt 0.962967 0.79042 
vt 0.962967 0.79042 
vt 0.157227 0.846893 
vt 0.177445 0.902527 
vt 0.165695 0.910416 
vt 0.408783 0.683685 
vt 0.177506 0.84819 
vt 0.177506 0.84819 
vt 0.416763 0.690674 
vt 0.411041 0.687393 
vt 0.405548 0.688629 
vt 0.408783 0.683685 
vt 0.155777 0.908127 
vt 0.177445 0.902527 
vt 0.389526 0.687256 
vt 0.318085 0.823013 
vt 0.325577 0.826416 
vt 0.339706 0.797348 
vt 0.177445 0.902527 
vt 0.337097 0.771164 
vt 0.312134 0.808182 
vt 0.155777 0.908127 
vt 0.713059 0.621216 
vt 0.692993 0.548965 
vt 0.684876 0.562134 
vt 0.350174 0.810913 
vt 0.383286 0.788544 
vt 0.375824 0.782715 
vt 0.362442 0.820312 
vt 0.736649 0.655258 
vt 0.723343 0.608841 
vt 0.410049 0.728775 
vt 0.421692 0.735992 
vt 0.435684 0.716629 
vt 0.155777 0.908127 
vt 0.165695 0.910416 
vt 0.152832 0.892425 
vt 0.144043 0.845322 
vt 0.149902 0.876724 
vt 0.144043 0.845322 
vt 0.149902 0.876724 
vt 0.404251 0.690857 
vt 0.39888 0.702606 
vt 0.152832 0.892425 
vt 0.155777 0.908127 
vt 0.165695 0.910416 
vt 0.39888 0.702606 
vt 0.403351 0.705505 
vt 0.404251 0.690857 
vt 0.416184 0.683701 
vt 0.711823 0.519226 
vt 0.706146 0.533081 
vt 0.700897 0.541687 
vt 0.403702 0.709824 
vt 0.396988 0.701874 
vt 0.364945 0.738098 
vt 0.392258 0.692017 
vt 0.390289 0.681686 
vt 0.327957 0.828155 
vt 0.367111 0.767227 
vt 0.415909 0.685333 
vt 0.409668 0.690842 
vt 0.181107 0.720047 
vt 0.155426 0.661331 
vt 0.156311 0.722122 
vt 0.181107 0.720047 
vt 0.156311 0.722122 
vt 0.171204 0.678375 
vt 0.171204 0.678375 
vt 0.150009 0.785355 
vt 0.141449 0.726334 
vt 0.152252 0.72197 
vt 0.141449 0.726334 
vt 0.152252 0.72197 
vt 0.136734 0.724609 
vt 0.156784 0.777756 
vt 0.136734 0.724609 
vt 0.156784 0.777756 
vt 0.150009 0.785355 
vt 0.138748 0.783112 
vt 0.138748 0.783112 
vt 0.14711 0.653732 
vt 0.172684 0.598434 
vt 0.170364 0.593674 
vt 0.165222 0.596802 
vt 0.165222 0.596802 
vt 0.171921 0.618072 
vt 0.14621 0.65654 
vt 0.171921 0.618072 
vt 0.14711 0.653732 
vt 0.18103 0.779953 
vt 0.18103 0.779953 
vt 0.176117 0.724564 
vt 0.174423 0.78566 
vt 0.176117 0.724564 
vt 0.174423 0.78566 
vt 0.977585 0.67456 
vt 0.963211 0.676575 
vt 0.156784 0.777756 
vt 0.133957 0.781052 
vt 0.156784 0.777756 
vt 0.133957 0.781052 
vt 0.977585 0.67456 
vt 0.963211 0.676575 
vt 0.927673 0.624695 
vt 0.93779 0.675476 
vt 0.927673 0.624695 
vt 0.963303 0.618164 
vt 0.963303 0.618164 
vt 0.93779 0.675476 
vt 0.415909 0.685333 
vt 0.415909 0.685333 
vt 0.751877 0.654236 
vt 0.751816 0.666382 
vt 0.754181 0.664932 
vt 0.93602 0.731964 
vt 0.411545 0.689072 
vt 0.411545 0.689072 
vt 0.387817 0.678772 
vt 0.143387 0.844513 
vt 0.403351 0.705505 
vt 0.396423 0.684067 
vt 0.143387 0.844513 
vt 0.93602 0.731964 
vt 0.322113 0.833633 
vt 0.387894 0.678772 
vt 0.387817 0.678772 
vt 0.140564 0.781387 
vt 0.140564 0.781387 
vt 0.314682 0.831833 
vt 0.389526 0.687256 
vt 0.387894 0.678772 
vt 0.974014 0.732666 
vt 0.974014 0.732666 
vt 0.393417 0.698929 
vt 0.395996 0.712158 
vt 0.307251 0.815994 
vt 0.18074 0.844574 
vt 0.18074 0.844574 
vt 0.133957 0.781052 
vt 0.157227 0.846893 
vt 0.139938 0.844757 
vt 0.18074 0.844574 
vt 0.18074 0.844574 
vt 0.139938 0.844757 
vt 0.139938 0.844757 
vt 0.406464 0.690948 
vt 0.139938 0.844757 
vt 0.139938 0.844757 
vt 0.398117 0.713852 
vt 0.401184 0.709061 
vt 0.316116 0.83934 
vt 0.314102 0.838654 
vt 0.305405 0.831451 
vt 0.301987 0.824387 
vt 0.157227 0.846893 
vt 0.133957 0.781052 
vt 0.139938 0.844757 
vt 0.809464 0.547333 
vt 0.773209 0.542572 
vt 0.806854 0.56015 
vt 0.768204 0.565979 
vt 0.804031 0.566025 
vt 0.411896 0.695465 
vt 0.415299 0.689697 
vt 0.40622 0.704163 
vt 0.775391 0.531753 
vt 0.808304 0.539841 
vt 0.402329 0.709549 
vt 0.805893 0.575012 
vt 0.805954 0.575256 
vt 0.804901 0.583572 
vt 0.80748 0.5345 
vt 0.415299 0.689697 
vt 0.406921 0.697464 
vt 0.923142 0.621002 
vt 0.800171 0.594223 
vt 0.412552 0.683243 
vt 0.405182 0.679474 
vt 0.399674 0.681686 
vt 0.923142 0.621002 
vt 0.295624 0.762665 
vt 0.3862 0.687241 
vt 0.395966 0.687271 
vt 0.795151 0.597061 
vt 0.795776 0.606491 
vt 0.393845 0.68132 
vt 0.390244 0.686417 
vt 0.395966 0.687271 
vt 0.144257 0.862488 
vt 0.165604 0.863495 
vt 0.144257 0.862488 
vt 0.165604 0.863495 
vt 0.871384 0.611328 
vt 0.383194 0.684006 
vt 0.386246 0.695541 
vt 0.386826 0.707642 
vt 0.326874 0.663437 
vt 0.386826 0.707642 
vt 0.329773 0.701675 
vt 0.328857 0.688888 
vt 0.396011 0.712891 
vt 0.871384 0.611328 
vt 0.372421 0.696213 
vt 0.376144 0.684189 
vt 0.379883 0.709778 
vt 0.379883 0.709778 
vt 0.372421 0.696213 
vt 0.396011 0.712891 
vt 0.402329 0.709549 
vt 0.92775 0.630798 
vt 0.92775 0.630798 
vt 0.74411 0.532761 
vt 0.332474 0.733993 
vt 0.33522 0.756134 
vt 0.359879 0.712509 
vt 0.359299 0.687546 
vt 0.784576 0.619293 
vt 0.784515 0.627991 
vt 0.780808 0.631943 
vt 0.776657 0.631821 
vt 0.7892 0.61943 
vt 0.395508 0.701446 
vt 0.399628 0.707901 
vt 0.396408 0.694595 
vt 0.131851 0.793167 
vt 0.131073 0.859085 
vt 0.397095 0.698807 
vt 0.412064 0.696136 
vt 0.302948 0.785034 
vt 0.396408 0.694595 
vt 0.403305 0.707779 
vt 0.397095 0.698807 
vt 0.307938 0.800293 
vt 0.392578 0.695389 
vt 0.395508 0.701446 
vt 0.358826 0.666809 
vt 0.331177 0.719315 
vt 0.793579 0.616669 
vt 0.392578 0.695389 
vt 0.923142 0.621002 
vt 0.918366 0.686584 
vt 0.923142 0.621002 
vt 0.389923 0.68988 
vt 0.131851 0.793167 
vt 0.131073 0.859085 
vt 0.18103 0.779953 
vt 0.18103 0.779953 
vt 0.156784 0.777756 
vt 0.156784 0.777756 
vt 0.136383 0.820908 
vt 0.18074 0.844574 
vt 0.18074 0.844574 
vt 0.136383 0.820908 
vt 0.133957 0.781052 
vt 0.133957 0.781052 
vt 0.164352 0.902359 
vt 0.397293 0.704864 
vt 0.391312 0.714752 
vt 0.390991 0.694397 
vt 0.3862 0.687241 
vt 0.390991 0.694397 
vt 0.265274 0.778397 
vt 0.26532 0.794632 
vt 0.38237 0.710297 
vt 0.389923 0.68988 
vt 0.389603 0.673248 
vt 0.164352 0.902359 
vt 0.276871 0.790909 
vt 0.393097 0.672424 
vt 0.18103 0.779953 
vt 0.18103 0.779953 
vt 0.262619 0.787292 
vt 0.273987 0.806534 
vt 0.282532 0.803879 
vt 0.271866 0.801224 
vt 0.190506 0.903595 
vt 0.405823 0.70314 
vt 0.403503 0.691833 
vt 0.393951 0.696594 
vt 0.393585 0.696869 
vt 0.394257 0.695099 
vt 0.395004 0.695755 
vt 0.393585 0.696869 
vt 0.396835 0.702881 
vt 0.401184 0.709061 
vt 0.412064 0.696136 
vt 0.393951 0.696594 
vt 0.301636 0.83139 
vt 0.293655 0.825745 
vt 0.298157 0.825134 
vt 0.301178 0.828217 
vt 0.18074 0.844574 
vt 0.18074 0.844574 
vt 0.190506 0.903595 
vt 0.395325 0.672653 
vt 0.406677 0.668838 
vt 0.401459 0.682587 
vt 0.403305 0.707779 
vt 0.148865 0.897675 
vt 0.148865 0.897675 
vt 0.2957 0.809891 
vt 0.394257 0.695099 
vt 0.403915 0.666397 
vt 0.281616 0.812241 
vt 0.284485 0.817322 
vt 0.406677 0.668838 
vt 0.292084 0.823502 

usemtl Tail1Mtl

f 4973/4973/4973 4974/4974/4974 4975/4975/4975 
f 4974/4974/4974 4973/4973/4973 4985/4985/4985 
f 4975/4975/4975 4979/4979/4979 4973/4973/4973 
f 4979/4979/4979 4975/4975/4975 4980/4980/4980 
f 4983/4983/4983 4980/4980/4980 4975/4975/4975 
f 5240/5240/5240 5235/5235/5235 5237/5237/5237 
f 5235/5235/5235 5240/5240/5240 5241/5241/5241 
f 5237/5237/5237 5246/5246/5246 5240/5240/5240 
f 5249/5249/5249 5241/5241/5241 5240/5240/5240 
f 5241/5241/5241 5249/5249/5249 5250/5250/5250 
f 5252/5252/5252 5240/5240/5240 5246/5246/5246 
f 5240/5240/5240 5252/5252/5252 5249/5249/5249 
f 5257/5257/5257 5252/5252/5252 5246/5246/5246 
f 5342/5342/5342 5250/5250/5250 5249/5249/5249 
f 5250/5250/5250 5342/5342/5342 5343/5343/5343 
f 5340/5340/5340 5249/5249/5249 5252/5252/5252 
f 5249/5249/5249 5340/5340/5340 5342/5342/5342 
f 5252/5252/5252 5257/5257/5257 5339/5339/5339 
f 5339/5339/5339 5340/5340/5340 5252/5252/5252 
f 5257/5257/5257 5361/5361/5361 5339/5339/5339 
f 5344/5344/5344 5343/5343/5343 5342/5342/5342 
f 5343/5343/5343 5344/5344/5344 5347/5347/5347 
f 5346/5346/5346 5342/5342/5342 5340/5340/5340 
f 5342/5342/5342 5346/5346/5346 5344/5344/5344 
f 5354/5354/5354 5347/5347/5347 5344/5344/5344 
f 5346/5346/5346 5354/5354/5354 5344/5344/5344 
f 5347/5347/5347 5354/5354/5354 6140/6140/6140 
f 5354/5354/5354 6139/6139/6139 6140/6140/6140 
f 6139/6139/6139 5354/5354/5354 6138/6138/6138 
f 6138/6138/6138 6133/6133/6133 6139/6139/6139 
f 5354/5354/5354 6160/6160/6160 6138/6138/6138 
f 5354/5354/5354 5346/5346/5346 6160/6160/6160 
f 6133/6133/6133 6138/6138/6138 6134/6134/6134 
f 6160/6160/6160 6134/6134/6134 6138/6138/6138 
f 5069/5069/5069 5070/5070/5070 5071/5071/5071 
f 4746/4746/4746 4747/4747/4747 4748/4748/4748 
f 5064/5064/5064 4747/4747/4747 4746/4746/4746 
f 4748/4748/4748 4747/4747/4747 4756/4756/4756 
f 4747/4747/4747 4755/4755/4755 4756/4756/4756 
f 5074/5074/5074 5077/5077/5077 4747/4747/4747 
f 5073/5073/5073 5074/5074/5074 4747/4747/4747 
f 5792/5792/5792 5793/5793/5793 5794/5794/5794 
f 5792/5792/5792 5795/5795/5795 5793/5793/5793 
f 5792/5792/5792 5794/5794/5794 5816/5816/5816 
f 5795/5795/5795 5792/5792/5792 5796/5796/5796 
f 5792/5792/5792 5816/5816/5816 5817/5817/5817 
f 5792/5792/5792 5805/5805/5805 5796/5796/5796 
f 6211/6211/6211 5792/5792/5792 5817/5817/5817 
f 5805/5805/5805 5792/5792/5792 6214/6214/6214 
f 5792/5792/5792 6211/6211/6211 6214/6214/6214 
f 6210/6210/6210 5805/5805/5805 6214/6214/6214 
f 6211/6211/6211 6210/6210/6210 6214/6214/6214 
f 5805/5805/5805 6210/6210/6210 6209/6209/6209 
f 6210/6210/6210 6211/6211/6211 6212/6212/6212 
f 6058/6058/6058 6209/6209/6209 6210/6210/6210 
f 6212/6212/6212 6058/6058/6058 6210/6210/6210 
f 6209/6209/6209 6058/6058/6058 6239/6239/6239 
f 6058/6058/6058 6212/6212/6212 6230/6230/6230 
f 6058/6058/6058 6108/6108/6108 6239/6239/6239 
f 6059/6059/6059 6058/6058/6058 6230/6230/6230 
f 6108/6108/6108 6058/6058/6058 6060/6060/6060 
f 6058/6058/6058 6059/6059/6059 6060/6060/6060 
f 5807/5807/5807 5808/5808/5808 5809/5809/5809 
f 5808/5808/5808 5807/5807/5807 5822/5822/5822 
f 5808/5808/5808 5822/5822/5822 5823/5823/5823 
f 5808/5808/5808 5823/5823/5823 5827/5827/5827 
f 5808/5808/5808 5827/5827/5827 6194/6194/6194 
f 5808/5808/5808 6201/6201/6201 5809/5809/5809 
f 6179/6179/6179 5808/5808/5808 6194/6194/6194 
f 6201/6201/6201 5808/5808/5808 6180/6180/6180 
f 5808/5808/5808 6179/6179/6179 6180/6180/6180 
f 6185/6185/6185 6201/6201/6201 6180/6180/6180 
f 6179/6179/6179 6185/6185/6185 6180/6180/6180 
f 6201/6201/6201 6185/6185/6185 6202/6202/6202 
f 6185/6185/6185 6179/6179/6179 6186/6186/6186 
f 6053/6053/6053 6202/6202/6202 6185/6185/6185 
f 6186/6186/6186 6053/6053/6053 6185/6185/6185 
f 6202/6202/6202 6053/6053/6053 6114/6114/6114 
f 6053/6053/6053 6186/6186/6186 6229/6229/6229 
f 6053/6053/6053 6105/6105/6105 6114/6114/6114 
f 6054/6054/6054 6053/6053/6053 6229/6229/6229 
f 6105/6105/6105 6053/6053/6053 6055/6055/6055 
f 6053/6053/6053 6054/6054/6054 6055/6055/6055 
f 5753/5753/5753 5754/5754/5754 5755/5755/5755 
f 5753/5753/5753 5760/5760/5760 5754/5754/5754 
f 5753/5753/5753 5755/5755/5755 5804/5804/5804 
f 5753/5753/5753 5761/5761/5761 5760/5760/5760 
f 5761/5761/5761 5753/5753/5753 5830/5830/5830 
f 5813/5813/5813 5753/5753/5753 5804/5804/5804 
f 5753/5753/5753 5814/5814/5814 5830/5830/5830 
f 5753/5753/5753 5813/5813/5813 5815/5815/5815 
f 5814/5814/5814 5753/5753/5753 5815/5815/5815 
f 5813/5813/5813 6205/6205/6205 5815/5815/5815 
f 6205/6205/6205 5814/5814/5814 5815/5815/5815 
f 6205/6205/6205 5813/5813/5813 6206/6206/6206 
f 5814/5814/5814 6205/6205/6205 6353/6353/6353 
f 6206/6206/6206 6087/6087/6087 6205/6205/6205 
f 6087/6087/6087 6353/6353/6353 6205/6205/6205 
f 6087/6087/6087 6206/6206/6206 6251/6251/6251 
f 6353/6353/6353 6087/6087/6087 6244/6244/6244 
f 6088/6088/6088 6087/6087/6087 6251/6251/6251 
f 6087/6087/6087 6125/6125/6125 6244/6244/6244 
f 6087/6087/6087 6088/6088/6088 6089/6089/6089 
f 6125/6125/6125 6087/6087/6087 6089/6089/6089 
f 6037/6037/6037 6038/6038/6038 6039/6039/6039 
f 6039/6039/6039 6084/6084/6084 6037/6037/6037 
f 6084/6084/6084 6039/6039/6039 6250/6250/6250 
f 6197/6197/6197 6084/6084/6084 6250/6250/6250 
f 6084/6084/6084 6197/6197/6197 6184/6184/6184 
f 6169/6169/6169 6184/6184/6184 6197/6197/6197 
f 6234/6234/6234 6084/6084/6084 6184/6184/6184 
f 6084/6084/6084 6234/6234/6234 6144/6144/6144 
f 6144/6144/6144 6037/6037/6037 6084/6084/6084 
f 6184/6184/6184 6183/6183/6183 6234/6234/6234 
f 6037/6037/6037 6144/6144/6144 6145/6145/6145 
f 6150/6150/6150 6037/6037/6037 6145/6145/6145 
f 6184/6184/6184 6169/6169/6169 6171/6171/6171 
f 6183/6183/6183 6184/6184/6184 6171/6171/6171 
f 6169/6169/6169 6170/6170/6170 6171/6171/6171 
f 6170/6170/6170 6183/6183/6183 6171/6171/6171 
f 6170/6170/6170 6169/6169/6169 6175/6175/6175 
f 6183/6183/6183 6170/6170/6170 6188/6188/6188 
f 6195/6195/6195 6170/6170/6170 6175/6175/6175 
f 6170/6170/6170 6191/6191/6191 6188/6188/6188 
f 6170/6170/6170 6195/6195/6195 6189/6189/6189 
f 6170/6170/6170 6190/6190/6190 6191/6191/6191 
f 6170/6170/6170 6189/6189/6189 6190/6190/6190 
f 6037/6037/6037 6150/6150/6150 6051/6051/6051 
f 6141/6141/6141 6051/6051/6051 6150/6150/6150 
f 6038/6038/6038 6037/6037/6037 6051/6051/6051 
f 6051/6051/6051 6141/6141/6141 6142/6142/6142 
f 6051/6051/6051 6057/6057/6057 6038/6038/6038 
f 6057/6057/6057 6051/6051/6051 6142/6142/6142 
f 4698/4698/4698 4699/4699/4699 4700/4700/4700 
f 4699/4699/4699 4698/4698/4698 4705/4705/4705 
f 4714/4714/4714 4698/4698/4698 4700/4700/4700 
f 4698/4698/4698 4714/4714/4714 4801/4801/4801 
f 4699/4699/4699 5018/5018/5018 4700/4700/4700 
f 5018/5018/5018 4714/4714/4714 4700/4700/4700 
f 5018/5018/5018 4699/4699/4699 5016/5016/5016 
f 4714/4714/4714 5018/5018/5018 5090/5090/5090 
f 5016/5016/5016 5017/5017/5017 5018/5018/5018 
f 5090/5090/5090 5018/5018/5018 5115/5115/5115 
f 5018/5018/5018 5017/5017/5017 5049/5049/5049 
f 5018/5018/5018 5114/5114/5114 5115/5115/5115 
f 5018/5018/5018 5049/5049/5049 5121/5121/5121 
f 5018/5018/5018 5121/5121/5121 5114/5114/5114 
f 4715/4715/4715 4716/4716/4716 4717/4717/4717 
f 4716/4716/4716 4715/4715/4715 5057/5057/5057 
f 4735/4735/4735 4716/4716/4716 5057/5057/5057 
f 4716/4716/4716 4735/4735/4735 4736/4736/4736 
f 4715/4715/4715 4992/4992/4992 5057/5057/5057 
f 4992/4992/4992 4735/4735/4735 5057/5057/5057 
f 4992/4992/4992 4715/4715/4715 4993/4993/4993 
f 4735/4735/4735 4992/4992/4992 5051/5051/5051 
f 4993/4993/4993 5036/5036/5036 4992/4992/4992 
f 5051/5051/5051 4992/4992/4992 5037/5037/5037 
f 4992/4992/4992 5036/5036/5036 5031/5031/5031 
f 4992/4992/4992 5029/5029/5029 5037/5037/5037 
f 4992/4992/4992 5031/5031/5031 5028/5028/5028 
f 4992/4992/4992 5028/5028/5028 5029/5029/5029 
f 4687/4687/4687 4688/4688/4688 4689/4689/4689 
f 4688/4688/4688 4687/4687/4687 4745/4745/4745 
f 4758/4758/4758 4688/4688/4688 4745/4745/4745 
f 4688/4688/4688 4758/4758/4758 4802/4802/4802 
f 4687/4687/4687 5004/5004/5004 4745/4745/4745 
f 5004/5004/5004 4758/4758/4758 4745/4745/4745 
f 5004/5004/5004 4687/4687/4687 5002/5002/5002 
f 4758/4758/4758 5004/5004/5004 5019/5019/5019 
f 5002/5002/5002 5003/5003/5003 5004/5004/5004 
f 5019/5019/5019 5004/5004/5004 5020/5020/5020 
f 5004/5004/5004 5003/5003/5003 5039/5039/5039 
f 5004/5004/5004 5044/5044/5044 5020/5020/5020 
f 5004/5004/5004 5039/5039/5039 5043/5043/5043 
f 5004/5004/5004 5043/5043/5043 5044/5044/5044 
f 4834/4834/4834 4835/4835/4835 4836/4836/4836 
f 4835/4835/4835 4834/4834/4834 4925/4925/4925 
f 5377/5377/5377 4925/4925/4925 4834/4834/4834 
f 4925/4925/4925 5377/5377/5377 5459/5459/5459 
f 5383/5383/5383 5377/5377/5377 4834/4834/4834 
f 5377/5377/5377 5383/5383/5383 5461/5461/5461 
f 4834/4834/4834 4889/4889/4889 5383/5383/5383 
f 4889/4889/4889 4834/4834/4834 4836/4836/4836 
f 4835/4835/4835 4878/4878/4878 4836/4836/4836 
f 4878/4878/4878 4889/4889/4889 4836/4836/4836 
f 4878/4878/4878 4835/4835/4835 4882/4882/4882 
f 4889/4889/4889 4878/4878/4878 5139/5139/5139 
f 5084/5084/5084 4878/4878/4878 4882/4882/4882 
f 5139/5139/5139 4878/4878/4878 5136/5136/5136 
f 4878/4878/4878 5084/5084/5084 5085/5085/5085 
f 4878/4878/4878 5135/5135/5135 5136/5136/5136 
f 5126/5126/5126 4878/4878/4878 5085/5085/5085 
f 5135/5135/5135 4878/4878/4878 5131/5131/5131 
f 4878/4878/4878 5126/5126/5126 5127/5127/5127 
f 4878/4878/4878 5127/5127/5127 5131/5131/5131 
f 4814/4814/4814 4815/4815/4815 4816/4816/4816 
f 4815/4815/4815 4814/4814/4814 4879/4879/4879 
f 5095/5095/5095 4815/4815/4815 4879/4879/4879 
f 4815/4815/4815 5095/5095/5095 5096/5096/5096 
f 5098/5098/5098 4815/4815/4815 5096/5096/5096 
f 4815/4815/4815 5098/5098/5098 5101/5101/5101 
f 4815/4815/4815 5101/5101/5101 5133/5133/5133 
f 5111/5111/5111 4815/4815/4815 5133/5133/5133 
f 4815/4815/4815 5111/5111/5111 5112/5112/5112 
f 4890/4890/4890 4815/4815/4815 5112/5112/5112 
f 4821/4821/4821 4815/4815/4815 4890/4890/4890 
f 4815/4815/4815 4821/4821/4821 4816/4816/4816 
f 4821/4821/4821 4928/4928/4928 4816/4816/4816 
f 4928/4928/4928 4814/4814/4814 4816/4816/4816 
f 4928/4928/4928 4821/4821/4821 5417/5417/5417 
f 4814/4814/4814 4928/4928/4928 5385/5385/5385 
f 5417/5417/5417 5384/5384/5384 4928/4928/4928 
f 5384/5384/5384 5385/5385/5385 4928/4928/4928 
f 5384/5384/5384 5417/5417/5417 5462/5462/5462 
f 5385/5385/5385 5384/5384/5384 5432/5432/5432 
f 4766/4766/4766 4767/4767/4767 4768/4768/4768 
f 4767/4767/4767 4766/4766/4766 4806/4806/4806 
f 4787/4787/4787 4767/4767/4767 4806/4806/4806 
f 4767/4767/4767 4787/4787/4787 4788/4788/4788 
f 4766/4766/4766 5083/5083/5083 4806/4806/4806 
f 5083/5083/5083 4787/4787/4787 4806/4806/4806 
f 5083/5083/5083 4766/4766/4766 5081/5081/5081 
f 4787/4787/4787 5083/5083/5083 5093/5093/5093 
f 5081/5081/5081 5082/5082/5082 5083/5083/5083 
f 5093/5093/5093 5083/5083/5083 5094/5094/5094 
f 5083/5083/5083 5082/5082/5082 5122/5122/5122 
f 5083/5083/5083 5124/5124/5124 5094/5094/5094 
f 5083/5083/5083 5122/5122/5122 5123/5123/5123 
f 5083/5083/5083 5123/5123/5123 5124/5124/5124 
f 5519/5519/5519 5225/5225/5225 5220/5220/5220 
f 5225/5225/5225 5519/5519/5519 5498/5498/5498 
f 5207/5207/5207 5220/5220/5220 5221/5221/5221 
f 5220/5220/5220 5225/5225/5225 5221/5221/5221 
f 5207/5207/5207 5206/5206/5206 5205/5205/5205 
f 5497/5497/5497 5498/5498/5498 5499/5499/5499 
f 5498/5498/5498 5497/5497/5497 5525/5525/5525 
f 5525/5525/5525 5225/5225/5225 5498/5498/5498 
f 5497/5497/5497 5540/5540/5540 5525/5525/5525 
f 5225/5225/5225 5525/5525/5525 5287/5287/5287 
f 5529/5529/5529 5287/5287/5287 5525/5525/5525 
f 5529/5529/5529 5376/5376/5376 5287/5287/5287 
f 5287/5287/5287 5376/5376/5376 5330/5330/5330 
f 5328/5328/5328 5287/5287/5287 5330/5330/5330 
f 5287/5287/5287 5328/5328/5328 5329/5329/5329 
f 5287/5287/5287 5329/5329/5329 5298/5298/5298 
f 5256/5256/5256 5225/5225/5225 5287/5287/5287 
f 5286/5286/5286 5287/5287/5287 5298/5298/5298 
f 5286/5286/5286 5256/5256/5256 5287/5287/5287 
f 5296/5296/5296 5286/5286/5286 5298/5298/5298 
f 5286/5286/5286 5296/5296/5296 5297/5297/5297 
f 5225/5225/5225 5256/5256/5256 5221/5221/5221 
f 5256/5256/5256 5286/5286/5286 5361/5361/5361 
f 5256/5256/5256 5255/5255/5255 5221/5221/5221 
f 5255/5255/5255 5256/5256/5256 5257/5257/5257 
f 5361/5361/5361 5257/5257/5257 5256/5256/5256 
f 5226/5226/5226 5221/5221/5221 5255/5255/5255 
f 5221/5221/5221 5226/5226/5226 5207/5207/5207 
f 5206/5206/5206 5207/5207/5207 5226/5226/5226 
f 5247/5247/5247 5226/5226/5226 5255/5255/5255 
f 5257/5257/5257 5247/5247/5247 5255/5255/5255 
f 5239/5239/5239 5206/5206/5206 5226/5226/5226 
f 5226/5226/5226 5247/5247/5247 5239/5239/5239 
f 5247/5247/5247 5257/5257/5257 5246/5246/5246 
f 5237/5237/5237 5239/5239/5239 5247/5247/5247 
f 5246/5246/5246 5237/5237/5237 5247/5247/5247 
f 5206/5206/5206 5239/5239/5239 5253/5253/5253 
f 5239/5239/5239 5237/5237/5237 5234/5234/5234 
f 5234/5234/5234 5253/5253/5253 5239/5239/5239 
f 5235/5235/5235 5234/5234/5234 5237/5237/5237 
f 5253/5253/5253 5187/5187/5187 5206/5206/5206 
f 5187/5187/5187 5205/5205/5205 5206/5206/5206 
f 5205/5205/5205 5187/5187/5187 5208/5208/5208 
f 5234/5234/5234 5235/5235/5235 5233/5233/5233 
f 5233/5233/5233 5229/5229/5229 5234/5234/5234 
f 5253/5253/5253 5234/5234/5234 5229/5229/5229 
f 5229/5229/5229 5233/5233/5233 5230/5230/5230 
f 5228/5228/5228 5229/5229/5229 5230/5230/5230 
f 5229/5229/5229 5186/5186/5186 5253/5253/5253 
f 5187/5187/5187 5253/5253/5253 5186/5186/5186 
f 5229/5229/5229 5228/5228/5228 5227/5227/5227 
f 5186/5186/5186 5229/5229/5229 5227/5227/5227 
f 5183/5183/5183 5227/5227/5227 5228/5228/5228 
f 5186/5186/5186 5181/5181/5181 5187/5187/5187 
f 5181/5181/5181 5208/5208/5208 5187/5187/5187 
f 5208/5208/5208 5181/5181/5181 5202/5202/5202 
f 5180/5180/5180 5202/5202/5202 5181/5181/5181 
f 5181/5181/5181 5186/5186/5186 5179/5179/5179 
f 5179/5179/5179 5180/5180/5180 5181/5181/5181 
f 5227/5227/5227 5179/5179/5179 5186/5186/5186 
f 5180/5180/5180 5179/5179/5179 5184/5184/5184 
f 5227/5227/5227 5183/5183/5183 5171/5171/5171 
f 5179/5179/5179 5227/5227/5227 5171/5171/5171 
f 5171/5171/5171 5184/5184/5184 5179/5179/5179 
f 5172/5172/5172 5171/5171/5171 5183/5183/5183 
f 5184/5184/5184 5171/5171/5171 5173/5173/5173 
f 5171/5171/5171 5172/5172/5172 5173/5173/5173 
f 4825/4825/4825 4826/4826/4826 4827/4827/4827 
f 5138/5138/5138 4825/4825/4825 4827/4827/4827 
f 4825/4825/4825 5138/5138/5138 5106/5106/5106 
f 5105/5105/5105 4825/4825/4825 5106/5106/5106 
f 4825/4825/4825 5105/5105/5105 5110/5110/5110 
f 4825/4825/4825 5110/5110/5110 5156/5156/5156 
f 5158/5158/5158 4825/4825/4825 5156/5156/5156 
f 4825/4825/4825 5158/5158/5158 5161/5161/5161 
f 4887/4887/4887 4825/4825/4825 5161/5161/5161 
f 4840/4840/4840 4825/4825/4825 4887/4887/4887 
f 4825/4825/4825 4840/4840/4840 4839/4839/4839 
f 4826/4826/4826 4825/4825/4825 4839/4839/4839 
f 4840/4840/4840 5397/5397/5397 4839/4839/4839 
f 5397/5397/5397 4826/4826/4826 4839/4839/4839 
f 5397/5397/5397 4840/4840/4840 5423/5423/5423 
f 4826/4826/4826 5397/5397/5397 5398/5398/5398 
f 5423/5423/5423 5430/5430/5430 5397/5397/5397 
f 5430/5430/5430 5398/5398/5398 5397/5397/5397 
f 5430/5430/5430 5423/5423/5423 5440/5440/5440 
f 5398/5398/5398 5430/5430/5430 5431/5431/5431 
f 4663/4663/4663 4664/4664/4664 4665/4665/4665 
f 4987/4987/4987 4663/4663/4663 4988/4988/4988 
f 4988/4988/4988 4665/4665/4665 5052/5052/5052 
f 4718/4718/4718 4665/4665/4665 4664/4664/4664 
f 4665/4665/4665 4727/4727/4727 4728/4728/4728 
f 4665/4665/4665 4718/4718/4718 4719/4719/4719 
f 4718/4718/4718 5072/5072/5072 4719/4719/4719 
f 4729/4729/4729 4719/4719/4719 5072/5072/5072 
f 4719/4719/4719 4729/4729/4729 4730/4730/4730 
f 4729/4729/4729 5067/5067/5067 4730/4730/4730 
f 4730/4730/4730 5067/5067/5067 5068/5068/5068 
f 4831/4831/4831 4832/4832/4832 4833/4833/4833 
f 4884/4884/4884 4831/4831/4831 4833/4833/4833 
f 4831/4831/4831 4884/4884/4884 5142/5142/5142 
f 5159/5159/5159 4831/4831/4831 5142/5142/5142 
f 4831/4831/4831 5159/5159/5159 5162/5162/5162 
f 4831/4831/4831 5162/5162/5162 5167/5167/5167 
f 5166/5166/5166 4831/4831/4831 5167/5167/5167 
f 4831/4831/4831 5166/5166/5166 5144/5144/5144 
f 4867/4867/4867 4831/4831/4831 5144/5144/5144 
f 4866/4866/4866 4831/4831/4831 4867/4867/4867 
f 4831/4831/4831 4866/4866/4866 4948/4948/4948 
f 4832/4832/4832 4831/4831/4831 4948/4948/4948 
f 4866/4866/4866 5400/5400/5400 4948/4948/4948 
f 5400/5400/5400 4832/4832/4832 4948/4948/4948 
f 5400/5400/5400 4866/4866/4866 5471/5471/5471 
f 4832/4832/4832 5400/5400/5400 5401/5401/5401 
f 5471/5471/5471 5438/5438/5438 5400/5400/5400 
f 5438/5438/5438 5401/5401/5401 5400/5400/5400 
f 5438/5438/5438 5471/5471/5471 5536/5536/5536 
f 5401/5401/5401 5438/5438/5438 5439/5439/5439 
f 5594/5594/5594 5595/5595/5595 5596/5596/5596 
f 5595/5595/5595 5594/5594/5594 5781/5781/5781 
f 5594/5594/5594 5780/5780/5780 5781/5781/5781 
f 5594/5594/5594 5785/5785/5785 5780/5780/5780 
f 5594/5594/5594 5786/5786/5786 5785/5785/5785 
f 5594/5594/5594 5774/5774/5774 5786/5786/5786 
f 5774/5774/5774 5594/5594/5594 5775/5775/5775 
f 5594/5594/5594 5598/5598/5598 5775/5775/5775 
f 5598/5598/5598 5594/5594/5594 5596/5596/5596 
f 5595/5595/5595 5667/5667/5667 5596/5596/5596 
f 5667/5667/5667 5598/5598/5598 5596/5596/5596 
f 5667/5667/5667 5595/5595/5595 6332/6332/6332 
f 5598/5598/5598 5667/5667/5667 5685/5685/5685 
f 6332/6332/6332 6298/6298/6298 5667/5667/5667 
f 6298/6298/6298 5685/5685/5685 5667/5667/5667 
f 6298/6298/6298 6332/6332/6332 6333/6333/6333 
f 5685/5685/5685 6298/6298/6298 6299/6299/6299 
f 4932/4932/4932 4933/4933/4933 4934/4934/4934 
f 6284/6284/6284 6285/6285/6285 6281/6281/6281 
f 6285/6285/6285 6286/6286/6286 6281/6281/6281 
f 6293/6293/6293 6281/6281/6281 6286/6286/6286 
f 6313/6313/6313 6281/6281/6281 6314/6314/6314 
f 6281/6281/6281 6293/6293/6293 6295/6295/6295 
f 6293/6293/6293 6294/6294/6294 6295/6295/6295 
f 6346/6346/6346 6295/6295/6295 6294/6294/6294 
f 6346/6346/6346 6331/6331/6331 6295/6295/6295 
f 6350/6350/6350 6295/6295/6295 6331/6331/6331 
f 6367/6367/6367 6295/6295/6295 6368/6368/6368 
f 6329/6329/6329 6330/6330/6330 6331/6331/6331 
f 6405/6405/6405 6331/6331/6331 6330/6330/6330 
f 6405/6405/6405 6384/6384/6384 6334/6334/6334 
f 6384/6384/6384 6335/6335/6335 6334/6334/6334 
f 6334/6334/6334 6335/6335/6335 6099/6099/6099 
f 6403/6403/6403 6334/6334/6334 6404/6404/6404 
f 6334/6334/6334 6409/6409/6409 6404/6404/6404 
f 6409/6409/6409 6099/6099/6099 6389/6389/6389 
f 6389/6389/6389 6099/6099/6099 6390/6390/6390 
f 6099/6099/6099 6100/6100/6100 6092/6092/6092 
f 6092/6092/6092 6391/6391/6391 6394/6394/6394 
f 6391/6391/6391 6092/6092/6092 6392/6392/6392 
f 6094/6094/6094 6092/6092/6092 6045/6045/6045 
f 6092/6092/6092 6093/6093/6093 6045/6045/6045 
f 6046/6046/6046 6045/6045/6045 6093/6093/6093 
f 6045/6045/6045 6046/6046/6046 6047/6047/6047 
f 6046/6046/6046 6223/6223/6223 6047/6047/6047 
f 6121/6121/6121 6045/6045/6045 6047/6047/6047 
f 6232/6232/6232 6047/6047/6047 6233/6233/6233 
f 6068/6068/6068 6069/6069/6069 6047/6047/6047 
f 6085/6085/6085 6047/6047/6047 6086/6086/6086 
f 6153/6153/6153 6086/6086/6086 6156/6156/6156 
f 6155/6155/6155 6154/6154/6154 6085/6085/6085 
f 6153/6153/6153 6154/6154/6154 6155/6155/6155 
f 6132/6132/6132 6133/6133/6133 6134/6134/6134 
f 6133/6133/6133 6132/6132/6132 6135/6135/6135 
f 6134/6134/6134 6160/6160/6160 6166/6166/6166 
f 6134/6134/6134 6124/6124/6124 6132/6132/6132 
f 6124/6124/6124 6134/6134/6134 6166/6166/6166 
f 6123/6123/6123 6132/6132/6132 6124/6124/6124 
f 6132/6132/6132 6123/6123/6123 6165/6165/6165 
f 6123/6123/6123 6231/6231/6231 6165/6165/6165 
f 6123/6123/6123 6236/6236/6236 6231/6231/6231 
f 6236/6236/6236 6258/6258/6258 6231/6231/6231 
f 6258/6258/6258 6236/6236/6236 6259/6259/6259 
f 6236/6236/6236 6123/6123/6123 6122/6122/6122 
f 6122/6122/6122 6123/6123/6123 6124/6124/6124 
f 6166/6166/6166 6126/6126/6126 6124/6124/6124 
f 6126/6126/6126 6122/6122/6122 6124/6124/6124 
f 6160/6160/6160 6162/6162/6162 6166/6166/6166 
f 6126/6126/6126 6166/6166/6166 6162/6162/6162 
f 6162/6162/6162 6160/6160/6160 6161/6161/6161 
f 6160/6160/6160 5346/5346/5346 6161/6161/6161 
f 6162/6162/6162 6161/6161/6161 6322/6322/6322 
f 6122/6122/6122 6126/6126/6126 6127/6127/6127 
f 6162/6162/6162 6321/6321/6321 6126/6126/6126 
f 6243/6243/6243 6122/6122/6122 6127/6127/6127 
f 6261/6261/6261 6122/6122/6122 6243/6243/6243 
f 6260/6260/6260 6122/6122/6122 6261/6261/6261 
f 6261/6261/6261 6395/6395/6395 6260/6260/6260 
f 6395/6395/6395 6261/6261/6261 6398/6398/6398 
f 6340/6340/6340 6127/6127/6127 6126/6126/6126 
f 6127/6127/6127 6340/6340/6340 6243/6243/6243 
f 6243/6243/6243 6396/6396/6396 6397/6397/6397 
f 6396/6396/6396 6243/6243/6243 6340/6340/6340 
f 6414/6414/6414 6396/6396/6396 6340/6340/6340 
f 6414/6414/6414 6340/6340/6340 6408/6408/6408 
f 6126/6126/6126 6336/6336/6336 6340/6340/6340 
f 6336/6336/6336 6408/6408/6408 6340/6340/6340 
f 6336/6336/6336 6126/6126/6126 6321/6321/6321 
f 6408/6408/6408 6336/6336/6336 6412/6412/6412 
f 6336/6336/6336 6411/6411/6411 6412/6412/6412 
f 6411/6411/6411 6336/6336/6336 6381/6381/6381 
f 6336/6336/6336 6380/6380/6380 6381/6381/6381 
f 6380/6380/6380 6336/6336/6336 6382/6382/6382 
f 6336/6336/6336 6375/6375/6375 6382/6382/6382 
f 6375/6375/6375 6336/6336/6336 6288/6288/6288 
f 6321/6321/6321 6288/6288/6288 6336/6336/6336 
f 6370/6370/6370 6375/6375/6375 6288/6288/6288 
f 6369/6369/6369 6379/6379/6379 6370/6370/6370 
f 6370/6370/6370 6288/6288/6288 6369/6369/6369 
f 6288/6288/6288 5672/5672/5672 6369/6369/6369 
f 6288/6288/6288 6321/6321/6321 6320/6320/6320 
f 6162/6162/6162 6320/6320/6320 6321/6321/6321 
f 5672/5672/5672 6288/6288/6288 6027/6027/6027 
f 6320/6320/6320 6027/6027/6027 6288/6288/6288 
f 6320/6320/6320 6162/6162/6162 6322/6322/6322 
f 5660/5660/5660 5672/5672/5672 6027/6027/6027 
f 5672/5672/5672 5660/5660/5660 5673/5673/5673 
f 5660/5660/5660 5674/5674/5674 5673/5673/5673 
f 5674/5674/5674 5660/5660/5660 5659/5659/5659 
f 5659/5659/5659 5660/5660/5660 5570/5570/5570 
f 5660/5660/5660 5568/5568/5568 5570/5570/5570 
f 5660/5660/5660 6027/6027/6027 5568/5568/5568 
f 5568/5568/5568 5569/5569/5569 5570/5570/5570 
f 5569/5569/5569 5568/5568/5568 5574/5574/5574 
f 5642/5642/5642 5574/5574/5574 5568/5568/5568 
f 5574/5574/5574 5642/5642/5642 5648/5648/5648 
f 5642/5642/5642 5568/5568/5568 5643/5643/5643 
f 5568/5568/5568 6027/6027/6027 5711/5711/5711 
f 5568/5568/5568 5711/5711/5711 5643/5643/5643 
f 6027/6027/6027 6320/6320/6320 6344/6344/6344 
f 6344/6344/6344 5711/5711/5711 6027/6027/6027 
f 6322/6322/6322 6344/6344/6344 6320/6320/6320 
f 5711/5711/5711 5629/5629/5629 5643/5643/5643 
f 5629/5629/5629 5644/5644/5644 5643/5643/5643 
f 5644/5644/5644 5629/5629/5629 6016/6016/6016 
f 5629/5629/5629 6015/6015/6015 6016/6016/6016 
f 6322/6322/6322 6306/6306/6306 6344/6344/6344 
f 5711/5711/5711 6344/6344/6344 6306/6306/6306 
f 5629/5629/5629 5711/5711/5711 5627/5627/5627 
f 6306/6306/6306 5627/5627/5627 5711/5711/5711 
f 6015/6015/6015 5629/5629/5629 5628/5628/5628 
f 5627/5627/5627 5628/5628/5628 5629/5629/5629 
f 5628/5628/5628 6012/6012/6012 6015/6015/6015 
f 6011/6011/6011 6012/6012/6012 5628/5628/5628 
f 6011/6011/6011 5628/5628/5628 5939/5939/5939 
f 5939/5939/5939 5628/5628/5628 5937/5937/5937 
f 5937/5937/5937 5936/5936/5936 5938/5938/5938 
f 5937/5937/5937 5628/5628/5628 5936/5936/5936 
f 5936/5936/5936 5628/5628/5628 5918/5918/5918 
f 5918/5918/5918 5628/5628/5628 5919/5919/5919 
f 5628/5628/5628 5627/5627/5627 5704/5704/5704 
f 5628/5628/5628 5704/5704/5704 5919/5919/5919 
f 5911/5911/5911 5918/5918/5918 5919/5919/5919 
f 5911/5911/5911 5928/5928/5928 5918/5918/5918 
f 5704/5704/5704 5911/5911/5911 5919/5919/5919 
f 6307/6307/6307 5704/5704/5704 5627/5627/5627 
f 5627/5627/5627 6306/6306/6306 6307/6307/6307 
f 5911/5911/5911 5704/5704/5704 5844/5844/5844 
f 5844/5844/5844 5843/5843/5843 5911/5911/5911 
f 5924/5924/5924 5911/5911/5911 5843/5843/5843 
f 6304/6304/6304 5844/5844/5844 5704/5704/5704 
f 5704/5704/5704 6307/6307/6307 6304/6304/6304 
f 5843/5843/5843 5844/5844/5844 5375/5375/5375 
f 5844/5844/5844 6304/6304/6304 5375/5375/5375 
f 6306/6306/6306 6323/6323/6323 6307/6307/6307 
f 6323/6323/6323 6304/6304/6304 6307/6307/6307 
f 6306/6306/6306 6322/6322/6322 6323/6323/6323 
f 5909/5909/5909 5375/5375/5375 5286/5286/5286 
f 5375/5375/5375 5361/5361/5361 5286/5286/5286 
f 5361/5361/5361 5375/5375/5375 5350/5350/5350 
f 6304/6304/6304 5350/5350/5350 5375/5375/5375 
f 5350/5350/5350 5339/5339/5339 5361/5361/5361 
f 6304/6304/6304 6323/6323/6323 6343/6343/6343 
f 5350/5350/5350 6304/6304/6304 6343/6343/6343 
f 6322/6322/6322 6163/6163/6163 6323/6323/6323 
f 6322/6322/6322 6161/6161/6161 6163/6163/6163 
f 5346/5346/5346 6163/6163/6163 6161/6161/6161 
f 6163/6163/6163 6164/6164/6164 6323/6323/6323 
f 6163/6163/6163 5346/5346/5346 6164/6164/6164 
f 6164/6164/6164 6343/6343/6343 6323/6323/6323 
f 6343/6343/6343 6164/6164/6164 5351/5351/5351 
f 5351/5351/5351 5350/5350/5350 6343/6343/6343 
f 5346/5346/5346 5351/5351/5351 6164/6164/6164 
f 5350/5350/5350 5351/5351/5351 5341/5341/5341 
f 5346/5346/5346 5341/5341/5341 5351/5351/5351 
f 5339/5339/5339 5350/5350/5350 5341/5341/5341 
f 5341/5341/5341 5346/5346/5346 5340/5340/5340 
f 5340/5340/5340 5339/5339/5339 5341/5341/5341 
f 4660/4660/4660 4661/4661/4661 4662/4662/4662 
f 4662/4662/4662 4661/4661/4661 4681/4681/4681 
f 4677/4677/4677 4661/4661/4661 4660/4660/4660 
f 4660/4660/4660 4990/4990/4990 4677/4677/4677 
f 4677/4677/4677 4990/4990/4990 4989/4989/4989 
f 4989/4989/4989 4990/4990/4990 4991/4991/4991 
f 4683/4683/4683 4677/4677/4677 4989/4989/4989 
f 4661/4661/4661 4677/4677/4677 4683/4683/4683 
f 4682/4682/4682 4661/4661/4661 4683/4683/4683 
f 4683/4683/4683 4737/4737/4737 4682/4682/4682 
f 4661/4661/4661 4682/4682/4682 4776/4776/4776 
f 4732/4732/4732 4682/4682/4682 4737/4737/4737 
f 4732/4732/4732 4737/4737/4737 5061/5061/5061 
f 4732/4732/4732 5061/5061/5061 5060/5060/5060 
f 5059/5059/5059 4732/4732/4732 5060/5060/5060 
f 5059/5059/5059 5063/5063/5063 4732/4732/4732 
f 4682/4682/4682 4775/4775/4775 4776/4776/4776 
f 4775/4775/4775 4682/4682/4682 4732/4732/4732 
f 5063/5063/5063 4741/4741/4741 4732/4732/4732 
f 4741/4741/4741 5063/5063/5063 5066/5066/5066 
f 4732/4732/4732 4741/4741/4741 4733/4733/4733 
f 4732/4732/4732 4733/4733/4733 4734/4734/4734 
f 4775/4775/4775 4732/4732/4732 4734/4734/4734 
f 4733/4733/4733 4713/4713/4713 4734/4734/4734 
f 4713/4713/4713 4733/4733/4733 5065/5065/5065 
f 4712/4712/4712 4734/4734/4734 4713/4713/4713 
f 4712/4712/4712 4775/4775/4775 4734/4734/4734 
f 4711/4711/4711 4712/4712/4712 4713/4713/4713 
f 4712/4712/4712 4711/4711/4711 4803/4803/4803 
f 4712/4712/4712 4778/4778/4778 4775/4775/4775 
f 5202/5202/5202 4776/4776/4776 4775/4775/4775 
f 4778/4778/4778 5202/5202/5202 4775/4775/4775 
f 4776/4776/4776 5202/5202/5202 5203/5203/5203 
f 5202/5202/5202 5180/5180/5180 5203/5203/5203 
f 4712/4712/4712 4803/4803/4803 4799/4799/4799 
f 4800/4800/4800 4799/4799/4799 4803/4803/4803 
f 4798/4798/4798 4799/4799/4799 4800/4800/4800 
f 4712/4712/4712 4799/4799/4799 4777/4777/4777 
f 4798/4798/4798 4777/4777/4777 4799/4799/4799 
f 4777/4777/4777 4778/4778/4778 4712/4712/4712 
f 4777/4777/4777 4798/4798/4798 4796/4796/4796 
f 4795/4795/4795 4777/4777/4777 4796/4796/4796 
f 4795/4795/4795 4778/4778/4778 4777/4777/4777 
f 4808/4808/4808 4795/4795/4795 4796/4796/4796 
f 4812/4812/4812 4795/4795/4795 4808/4808/4808 
f 4811/4811/4811 4795/4795/4795 4812/4812/4812 
f 4809/4809/4809 4795/4795/4795 4811/4811/4811 
f 4795/4795/4795 4809/4809/4809 4810/4810/4810 
f 5386/5386/5386 4778/4778/4778 4795/4795/4795 
f 5386/5386/5386 5208/5208/5208 4778/4778/4778 
f 5202/5202/5202 4778/4778/4778 5208/5208/5208 
f 5386/5386/5386 4795/4795/4795 5387/5387/5387 
f 5387/5387/5387 5208/5208/5208 5386/5386/5386 
f 4795/4795/4795 4810/4810/4810 4926/4926/4926 
f 5387/5387/5387 4795/4795/4795 4926/4926/4926 
f 4946/4946/4946 4926/4926/4926 4810/4810/4810 
f 4946/4946/4946 4947/4947/4947 4926/4926/4926 
f 4926/4926/4926 4947/4947/4947 4931/4931/4931 
f 4930/4930/4930 4926/4926/4926 4931/4931/4931 
f 4935/4935/4935 4926/4926/4926 4936/4936/4936 
f 4926/4926/4926 4935/4935/4935 5412/5412/5412 
f 5388/5388/5388 5387/5387/5387 4926/4926/4926 
f 5412/5412/5412 5388/5388/5388 4926/4926/4926 
f 5205/5205/5205 5208/5208/5208 5387/5387/5387 
f 5388/5388/5388 5412/5412/5412 5420/5420/5420 
f 5419/5419/5419 5420/5420/5420 5412/5412/5412 
f 5420/5420/5420 5419/5419/5419 5421/5421/5421 
f 5422/5422/5422 5420/5420/5420 5421/5421/5421 
f 5422/5422/5422 5388/5388/5388 5420/5420/5420 
f 5388/5388/5388 5422/5422/5422 5409/5409/5409 
f 5407/5407/5407 5409/5409/5409 5422/5422/5422 
f 5407/5407/5407 5408/5408/5408 5409/5409/5409 
f 5409/5409/5409 5408/5408/5408 5478/5478/5478 
f 5409/5409/5409 5437/5437/5437 5388/5388/5388 
f 5387/5387/5387 5388/5388/5388 5437/5437/5437 
f 5437/5437/5437 5205/5205/5205 5387/5387/5387 
f 5409/5409/5409 5478/5478/5478 5220/5220/5220 
f 5437/5437/5437 5409/5409/5409 5220/5220/5220 
f 5482/5482/5482 5220/5220/5220 5478/5478/5478 
f 5220/5220/5220 5482/5482/5482 5483/5483/5483 
f 5534/5534/5534 5220/5220/5220 5483/5483/5483 
f 5220/5220/5220 5534/5534/5534 5519/5519/5519 
f 5205/5205/5205 5437/5437/5437 5207/5207/5207 
f 5220/5220/5220 5207/5207/5207 5437/5437/5437 
f 5675/5675/5675 5676/5676/5676 5677/5677/5677 
f 5676/5676/5676 5675/5675/5675 5678/5678/5678 
f 6374/6374/6374 5678/5678/5678 5675/5675/5675 
f 5678/5678/5678 6374/6374/6374 6401/6401/6401 
f 6360/6360/6360 6374/6374/6374 5675/5675/5675 
f 6374/6374/6374 6360/6360/6360 6406/6406/6406 
f 5675/5675/5675 5839/5839/5839 6360/6360/6360 
f 5839/5839/5839 5675/5675/5675 5677/5677/5677 
f 5676/5676/5676 5763/5763/5763 5677/5677/5677 
f 5763/5763/5763 5839/5839/5839 5677/5677/5677 
f 5763/5763/5763 5676/5676/5676 5776/5776/5776 
f 5839/5839/5839 5763/5763/5763 5765/5765/5765 
f 5782/5782/5782 5763/5763/5763 5776/5776/5776 
f 5763/5763/5763 5764/5764/5764 5765/5765/5765 
f 5763/5763/5763 5782/5782/5782 5789/5789/5789 
f 5763/5763/5763 5790/5790/5790 5764/5764/5764 
f 5763/5763/5763 5789/5789/5789 5790/5790/5790 
f 4845/4845/4845 4846/4846/4846 4847/4847/4847 
f 4846/4846/4846 4845/4845/4845 4885/4885/4885 
f 4900/4900/4900 4846/4846/4846 4885/4885/4885 
f 4846/4846/4846 4900/4900/4900 5148/5148/5148 
f 4846/4846/4846 5148/5148/5148 5169/5169/5169 
f 5154/5154/5154 4846/4846/4846 5169/5169/5169 
f 4846/4846/4846 5154/5154/5154 4910/4910/4910 
f 4909/4909/4909 4846/4846/4846 4910/4910/4910 
f 4846/4846/4846 4911/4911/4911 4847/4847/4847 
f 4951/4951/4951 4846/4846/4846 4909/4909/4909 
f 4911/4911/4911 4846/4846/4846 4950/4950/4950 
f 4846/4846/4846 4951/4951/4951 4950/4950/4950 
f 5424/5424/5424 4911/4911/4911 4950/4950/4950 
f 4951/4951/4951 5424/5424/5424 4950/4950/4950 
f 4911/4911/4911 5424/5424/5424 5425/5425/5425 
f 5424/5424/5424 4951/4951/4951 5479/5479/5479 
f 5454/5454/5454 5425/5425/5425 5424/5424/5424 
f 5479/5479/5479 5454/5454/5454 5424/5424/5424 
f 5425/5425/5425 5454/5454/5454 5455/5455/5455 
f 5454/5454/5454 5479/5479/5479 5520/5520/5520 
f 4749/4749/4749 4750/4750/4750 4751/4751/4751 
f 4750/4750/4750 4770/4770/4770 4751/4751/4751 
f 4770/4770/4770 4750/4750/4750 4785/4785/4785 
f 4785/4785/4785 4786/4786/4786 4770/4770/4770 
f 4786/4786/4786 4789/4789/4789 4770/4770/4770 
f 4919/4919/4919 4920/4920/4920 4789/4789/4789 
f 4922/4922/4922 4789/4789/4789 4920/4920/4920 
f 4789/4789/4789 4922/4922/4922 5379/5379/5379 
f 4922/4922/4922 5395/5395/5395 5379/5379/5379 
f 5395/5395/5395 5396/5396/5396 5379/5379/5379 
f 5396/5396/5396 5404/5404/5404 5379/5379/5379 
f 4769/4769/4769 4770/4770/4770 4771/4771/4771 
f 4771/4771/4771 4770/4770/4770 4781/4781/4781 
f 4781/4781/4781 4770/4770/4770 4805/4805/4805 
f 5414/5414/5414 5379/5379/5379 5415/5415/5415 
f 5416/5416/5416 5379/5379/5379 5414/5414/5414 
f 5404/5404/5404 5449/5449/5449 5379/5379/5379 
f 5449/5449/5449 5404/5404/5404 5463/5463/5463 
f 5463/5463/5463 5464/5464/5464 5449/5449/5449 
f 5464/5464/5464 5448/5448/5448 5449/5449/5449 
f 5448/5448/5448 5446/5446/5446 5449/5449/5449 
f 5465/5465/5465 5449/5449/5449 5466/5466/5466 
f 5467/5467/5467 5449/5449/5449 5465/5465/5465 
f 5468/5468/5468 5449/5449/5449 5467/5467/5467 
f 5446/5446/5446 5445/5445/5445 5449/5449/5449 
f 5445/5445/5445 5446/5446/5446 5447/5447/5447 
f 5447/5447/5447 5453/5453/5453 5445/5445/5445 
f 5453/5453/5453 5458/5458/5458 5445/5445/5445 
f 5458/5458/5458 5509/5509/5509 5445/5445/5445 
f 5535/5535/5535 5445/5445/5445 5533/5533/5533 
f 5445/5445/5445 5514/5514/5514 5533/5533/5533 
f 5514/5514/5514 5445/5445/5445 5509/5509/5509 
f 5680/5680/5680 5681/5681/5681 5682/5682/5682 
f 5681/5681/5681 5680/5680/5680 5835/5835/5835 
f 6102/6102/6102 5682/5682/5682 5681/5681/5681 
f 5682/5682/5682 6102/6102/6102 6359/6359/6359 
f 6102/6102/6102 6101/6101/6101 6359/6359/6359 
f 6101/6101/6101 6102/6102/6102 6103/6103/6103 
f 6102/6102/6102 6128/6128/6128 6103/6103/6103 
f 6128/6128/6128 6102/6102/6102 6254/6254/6254 
f 6102/6102/6102 6361/6361/6361 6254/6254/6254 
f 6361/6361/6361 6102/6102/6102 5681/5681/5681 
f 5681/5681/5681 5842/5842/5842 6361/6361/6361 
f 5842/5842/5842 5681/5681/5681 5835/5835/5835 
f 5734/5734/5734 5842/5842/5842 5835/5835/5835 
f 5680/5680/5680 5734/5734/5734 5835/5835/5835 
f 5842/5842/5842 5734/5734/5734 5740/5740/5740 
f 5734/5734/5734 5680/5680/5680 5735/5735/5735 
f 5734/5734/5734 5739/5739/5739 5740/5740/5740 
f 5733/5733/5733 5734/5734/5734 5735/5735/5735 
f 5734/5734/5734 5748/5748/5748 5739/5739/5739 
f 5734/5734/5734 5733/5733/5733 5749/5749/5749 
f 5734/5734/5734 5749/5749/5749 5748/5748/5748 
f 4857/4857/4857 4858/4858/4858 4859/4859/4859 
f 4857/4857/4857 4859/4859/4859 5146/5146/5146 
f 4857/4857/4857 5146/5146/5146 5155/5155/5155 
f 5152/5152/5152 4857/4857/4857 5155/5155/5155 
f 4857/4857/4857 5152/5152/5152 4906/4906/4906 
f 4905/4905/4905 4857/4857/4857 4906/4906/4906 
f 4857/4857/4857 4941/4941/4941 4858/4858/4858 
f 4959/4959/4959 4857/4857/4857 4905/4905/4905 
f 4941/4941/4941 4857/4857/4857 4942/4942/4942 
f 4857/4857/4857 4959/4959/4959 4942/4942/4942 
f 5472/5472/5472 4941/4941/4941 4942/4942/4942 
f 4959/4959/4959 5472/5472/5472 4942/4942/4942 
f 4941/4941/4941 5472/5472/5472 5473/5473/5473 
f 5472/5472/5472 4959/4959/4959 5484/5484/5484 
f 5515/5515/5515 5473/5473/5473 5472/5472/5472 
f 5484/5484/5484 5515/5515/5515 5472/5472/5472 
f 5473/5473/5473 5515/5515/5515 5516/5516/5516 
f 5515/5515/5515 5484/5484/5484 5526/5526/5526 
f 4871/4871/4871 4872/4872/4872 4873/4873/4873 
f 4872/4872/4872 4871/4871/4871 4901/4901/4901 
f 4872/4872/4872 4901/4901/4901 4902/4902/4902 
f 4872/4872/4872 4902/4902/4902 4903/4903/4903 
f 4872/4872/4872 4903/4903/4903 4904/4904/4904 
f 4956/4956/4956 4872/4872/4872 4904/4904/4904 
f 4872/4872/4872 5493/5493/5493 4873/4873/4873 
f 5500/5500/5500 4872/4872/4872 4956/4956/4956 
f 5493/5493/5493 4872/4872/4872 5494/5494/5494 
f 4872/4872/4872 5500/5500/5500 5494/5494/5494 
f 5313/5313/5313 5493/5493/5493 5494/5494/5494 
f 5500/5500/5500 5313/5313/5313 5494/5494/5494 
f 5493/5493/5493 5313/5313/5313 5264/5264/5264 
f 5313/5313/5313 5500/5500/5500 5281/5281/5281 
f 5265/5265/5265 5264/5264/5264 5313/5313/5313 
f 5281/5281/5281 5265/5265/5265 5313/5313/5313 
f 5264/5264/5264 5265/5265/5265 5266/5266/5266 
f 5265/5265/5265 5281/5281/5281 5282/5282/5282 
f 5580/5580/5580 5581/5581/5581 5582/5582/5582 
f 5581/5581/5581 5766/5766/5766 5582/5582/5582 
f 5581/5581/5581 5772/5772/5772 5766/5766/5766 
f 5581/5581/5581 5771/5771/5771 5772/5772/5772 
f 5581/5581/5581 6020/6020/6020 5771/5771/5771 
f 6020/6020/6020 5581/5581/5581 6021/6021/6021 
f 5581/5581/5581 5589/5589/5589 6021/6021/6021 
f 5581/5581/5581 5580/5580/5580 5584/5584/5584 
f 5589/5589/5589 5581/5581/5581 5584/5584/5584 
f 5580/5580/5580 5588/5588/5588 5584/5584/5584 
f 5588/5588/5588 5589/5589/5589 5584/5584/5584 
f 5588/5588/5588 5580/5580/5580 6348/6348/6348 
f 5589/5589/5589 5588/5588/5588 5590/5590/5590 
f 6348/6348/6348 5663/5663/5663 5588/5588/5588 
f 5663/5663/5663 5590/5590/5590 5588/5588/5588 
f 5663/5663/5663 6348/6348/6348 6349/6349/6349 
f 5590/5590/5590 5663/5663/5663 6309/6309/6309 
f 5722/5722/5722 5723/5723/5723 5724/5724/5724 
f 5722/5722/5722 5726/5726/5726 5723/5723/5723 
f 5722/5722/5722 5724/5724/5724 5743/5743/5743 
f 5722/5722/5722 5730/5730/5730 5726/5726/5726 
f 5730/5730/5730 5722/5722/5722 5742/5742/5742 
f 5838/5838/5838 5722/5722/5722 5743/5743/5743 
f 5722/5722/5722 5833/5833/5833 5742/5742/5742 
f 5722/5722/5722 5838/5838/5838 5834/5834/5834 
f 5833/5833/5833 5722/5722/5722 5834/5834/5834 
f 5838/5838/5838 6356/6356/6356 5834/5834/5834 
f 6356/6356/6356 5833/5833/5833 5834/5834/5834 
f 6356/6356/6356 5838/5838/5838 6263/6263/6263 
f 5833/5833/5833 6356/6356/6356 6377/6377/6377 
f 6263/6263/6263 6262/6262/6262 6356/6356/6356 
f 6262/6262/6262 6377/6377/6377 6356/6356/6356 
f 6262/6262/6262 6263/6263/6263 6264/6264/6264 
f 6377/6377/6377 6262/6262/6262 6399/6399/6399 
f 4860/4860/4860 4861/4861/4861 4862/4862/4862 
f 4860/4860/4860 4955/4955/4955 4861/4861/4861 
f 4860/4860/4860 4862/4862/4862 4874/4874/4874 
f 4955/4955/4955 4860/4860/4860 4960/4960/4960 
f 4860/4860/4860 4874/4874/4874 4875/4875/4875 
f 4965/4965/4965 4860/4860/4860 4875/4875/4875 
f 4860/4860/4860 5495/5495/5495 4960/4960/4960 
f 5505/5505/5505 4860/4860/4860 4965/4965/4965 
f 5495/5495/5495 4860/4860/4860 5496/5496/5496 
f 4860/4860/4860 5505/5505/5505 5496/5496/5496 
f 5325/5325/5325 5495/5495/5495 5496/5496/5496 
f 5505/5505/5505 5325/5325/5325 5496/5496/5496 
f 5495/5495/5495 5325/5325/5325 5272/5272/5272 
f 5325/5325/5325 5505/5505/5505 5308/5308/5308 
f 5273/5273/5273 5272/5272/5272 5325/5325/5325 
f 5308/5308/5308 5273/5273/5273 5325/5325/5325 
f 5272/5272/5272 5273/5273/5273 5274/5274/5274 
f 5273/5273/5273 5308/5308/5308 5309/5309/5309 
f 5633/5633/5633 5634/5634/5634 5635/5635/5635 
f 5634/5634/5634 5633/5633/5633 5666/5666/5666 
f 5666/5666/5666 5652/5652/5652 5634/5634/5634 
f 5652/5652/5652 5666/5666/5666 6282/6282/6282 
f 5652/5652/5652 5651/5651/5651 5634/5634/5634 
f 5651/5651/5651 5652/5652/5652 5653/5653/5653 
f 6014/6014/6014 5634/5634/5634 5651/5651/5651 
f 5634/5634/5634 6014/6014/6014 5635/5635/5635 
f 5976/5976/5976 5633/5633/5633 5635/5635/5635 
f 6014/6014/6014 5976/5976/5976 5635/5635/5635 
f 5633/5633/5633 5976/5976/5976 6023/6023/6023 
f 5976/5976/5976 6014/6014/6014 6026/6026/6026 
f 5976/5976/5976 6022/6022/6022 6023/6023/6023 
f 5980/5980/5980 5976/5976/5976 6026/6026/6026 
f 5976/5976/5976 5978/5978/5978 6022/6022/6022 
f 5976/5976/5976 5980/5980/5980 5977/5977/5977 
f 5976/5976/5976 5977/5977/5977 5978/5978/5978 
f 4966/4966/4966 4967/4967/4967 4968/4968/4968 
f 4967/4967/4967 4966/4966/4966 5502/5502/5502 
f 4966/4966/4966 4968/4968/4968 5881/5881/5881 
f 4966/4966/4966 5881/5881/5881 5875/5875/5875 
f 4966/4966/4966 5875/5875/5875 5876/5876/5876 
f 5882/5882/5882 4966/4966/4966 5876/5876/5876 
f 4966/4966/4966 5491/5491/5491 5502/5502/5502 
f 5853/5853/5853 4966/4966/4966 5882/5882/5882 
f 5491/5491/5491 4966/4966/4966 5492/5492/5492 
f 4966/4966/4966 5853/5853/5853 5492/5492/5492 
f 5332/5332/5332 5491/5491/5491 5492/5492/5492 
f 5853/5853/5853 5332/5332/5332 5492/5492/5492 
f 5491/5491/5491 5332/5332/5332 5301/5301/5301 
f 5332/5332/5332 5853/5853/5853 5331/5331/5331 
f 5302/5302/5302 5301/5301/5301 5332/5332/5332 
f 5331/5331/5331 5302/5302/5302 5332/5332/5332 
f 5301/5301/5301 5302/5302/5302 5303/5303/5303 
f 5302/5302/5302 5331/5331/5331 5370/5370/5370 
f 5925/5925/5925 5926/5926/5926 5927/5927/5927 
f 5927/5927/5927 5929/5929/5929 5925/5925/5925 
f 5290/5290/5290 5291/5291/5291 5292/5292/5292 
f 5291/5291/5291 5290/5290/5290 5365/5365/5365 
f 5845/5845/5845 5292/5292/5292 5291/5291/5291 
f 5696/5696/5696 5290/5290/5290 5292/5292/5292 
f 5290/5290/5290 5696/5696/5696 5697/5697/5697 
f 5292/5292/5292 5851/5851/5851 5696/5696/5696 
f 5292/5292/5292 5845/5845/5845 5847/5847/5847 
f 5851/5851/5851 5292/5292/5292 5847/5847/5847 
f 5845/5845/5845 5846/5846/5846 5847/5847/5847 
f 5846/5846/5846 5851/5851/5851 5847/5847/5847 
f 5846/5846/5846 5845/5845/5845 5854/5854/5854 
f 5851/5851/5851 5846/5846/5846 5857/5857/5857 
f 5884/5884/5884 5846/5846/5846 5854/5854/5854 
f 5857/5857/5857 5846/5846/5846 5889/5889/5889 
f 5846/5846/5846 5884/5884/5884 5885/5885/5885 
f 5846/5846/5846 5888/5888/5888 5889/5889/5889 
f 5846/5846/5846 5885/5885/5885 5887/5887/5887 
f 5846/5846/5846 5887/5887/5887 5888/5888/5888 
f 5906/5906/5906 5907/5907/5907 5908/5908/5908 
f 5622/5622/5622 5623/5623/5623 5624/5624/5624 
f 5623/5623/5623 5622/5622/5622 5901/5901/5901 
f 5901/5901/5901 5869/5869/5869 5623/5623/5623 
f 5622/5622/5622 5902/5902/5902 5901/5901/5901 
f 5902/5902/5902 5622/5622/5622 5905/5905/5905 
f 5867/5867/5867 5901/5901/5901 5902/5902/5902 
f 5869/5869/5869 5901/5901/5901 5870/5870/5870 
f 5901/5901/5901 5867/5867/5867 5870/5870/5870 
f 5864/5864/5864 5869/5869/5869 5870/5870/5870 
f 5867/5867/5867 5864/5864/5864 5870/5870/5870 
f 5869/5869/5869 5864/5864/5864 5872/5872/5872 
f 5864/5864/5864 5867/5867/5867 5865/5865/5865 
f 5872/5872/5872 5864/5864/5864 5990/5990/5990 
f 5863/5863/5863 5864/5864/5864 5865/5865/5865 
f 5864/5864/5864 5897/5897/5897 5990/5990/5990 
f 5864/5864/5864 5863/5863/5863 5874/5874/5874 
f 5864/5864/5864 5896/5896/5896 5897/5897/5897 
f 5895/5895/5895 5864/5864/5864 5874/5874/5874 
f 5864/5864/5864 5895/5895/5895 5896/5896/5896 
f 5559/5559/5559 5560/5560/5560 5561/5561/5561 
f 5560/5560/5560 5559/5559/5559 5639/5639/5639 
f 5961/5961/5961 5639/5639/5639 5559/5559/5559 
f 5641/5641/5641 5560/5560/5560 5639/5639/5639 
f 5560/5560/5560 5641/5641/5641 6318/6318/6318 
f 5639/5639/5639 5640/5640/5640 5641/5641/5641 
f 5639/5639/5639 5961/5961/5961 6008/6008/6008 
f 5640/5640/5640 5639/5639/5639 6008/6008/6008 
f 5961/5961/5961 5960/5960/5960 6008/6008/6008 
f 5960/5960/5960 5640/5640/5640 6008/6008/6008 
f 5960/5960/5960 5961/5961/5961 5962/5962/5962 
f 5640/5640/5640 5960/5960/5960 5981/5981/5981 
f 5965/5965/5965 5960/5960/5960 5962/5962/5962 
f 5960/5960/5960 5972/5972/5972 5981/5981/5981 
f 5960/5960/5960 5965/5965/5965 5966/5966/5966 
f 5960/5960/5960 5967/5967/5967 5972/5972/5972 
f 5960/5960/5960 5966/5966/5966 5967/5967/5967 
f 5606/5606/5606 5607/5607/5607 5608/5608/5608 
f 5607/5607/5607 5606/5606/5606 5715/5715/5715 
f 5608/5608/5608 6013/6013/6013 5606/5606/5606 
f 5607/5607/5607 5613/5613/5613 5608/5608/5608 
f 5613/5613/5613 5607/5607/5607 5614/5614/5614 
f 5942/5942/5942 5608/5608/5608 5613/5613/5613 
f 6013/6013/6013 5608/5608/5608 5958/5958/5958 
f 5608/5608/5608 5942/5942/5942 5958/5958/5958 
f 5941/5941/5941 6013/6013/6013 5958/5958/5958 
f 5942/5942/5942 5941/5941/5941 5958/5958/5958 
f 6013/6013/6013 5941/5941/5941 5949/5949/5949 
f 5941/5941/5941 5942/5942/5942 5943/5943/5943 
f 5949/5949/5949 5941/5941/5941 5950/5950/5950 
f 6005/6005/6005 5941/5941/5941 5943/5943/5943 
f 5950/5950/5950 5941/5941/5941 5983/5983/5983 
f 5941/5941/5941 6005/6005/6005 5997/5997/5997 
f 5941/5941/5941 6002/6002/6002 5983/5983/5983 
f 5941/5941/5941 5997/5997/5997 5998/5998/5998 
f 5941/5941/5941 5998/5998/5998 6002/6002/6002 
f 5599/5599/5599 5600/5600/5600 5601/5601/5601 
f 5600/5600/5600 5599/5599/5599 5610/5610/5610 
f 5930/5930/5930 5610/5610/5610 5599/5599/5599 
f 5609/5609/5609 5600/5600/5600 5610/5610/5610 
f 5600/5600/5600 5609/5609/5609 5701/5701/5701 
f 5610/5610/5610 5934/5934/5934 5609/5609/5609 
f 5610/5610/5610 5930/5930/5930 5935/5935/5935 
f 5934/5934/5934 5610/5610/5610 5935/5935/5935 
f 5930/5930/5930 5940/5940/5940 5935/5935/5935 
f 5940/5940/5940 5934/5934/5934 5935/5935/5935 
f 5940/5940/5940 5930/5930/5930 5951/5951/5951 
f 5934/5934/5934 5940/5940/5940 5963/5963/5963 
f 5995/5995/5995 5940/5940/5940 5951/5951/5951 
f 5940/5940/5940 5995/5995/5995 5991/5991/5991 
f 5963/5963/5963 5940/5940/5940 5993/5993/5993 
f 5940/5940/5940 5991/5991/5991 5986/5986/5986 
f 5993/5993/5993 5940/5940/5940 5996/5996/5996 
f 5940/5940/5940 5986/5986/5986 5987/5987/5987 
f 5940/5940/5940 5987/5987/5987 5996/5996/5996 
f 5530/5530/5530 5531/5531/5531 5532/5532/5532 
f 5215/5215/5215 5216/5216/5216 5217/5217/5217 
f 5517/5517/5517 5215/5215/5215 5217/5217/5217 
f 5216/5216/5216 5218/5218/5218 5217/5217/5217 
f 5218/5218/5218 5216/5216/5216 5219/5219/5219 
f 5217/5217/5217 5512/5512/5512 5510/5510/5510 
f 5510/5510/5510 5511/5511/5511 5217/5217/5217 
f 5615/5615/5615 5616/5616/5616 5617/5617/5617 
f 5621/5621/5621 5617/5617/5617 5616/5616/5616 
f 5617/5617/5617 5621/5621/5621 5702/5702/5702 
f 5698/5698/5698 5617/5617/5617 5699/5699/5699 
f 5556/5556/5556 5557/5557/5557 5558/5558/5558 
f 5557/5557/5557 5556/5556/5556 5612/5612/5612 
f 5612/5612/5612 5931/5931/5931 5557/5557/5557 
f 5556/5556/5556 5611/5611/5611 5612/5612/5612 
f 5611/5611/5611 5556/5556/5556 5700/5700/5700 
f 5932/5932/5932 5612/5612/5612 5611/5611/5611 
f 5931/5931/5931 5612/5612/5612 5933/5933/5933 
f 5612/5612/5612 5932/5932/5932 5933/5933/5933 
f 5952/5952/5952 5931/5931/5931 5933/5933/5933 
f 5932/5932/5932 5952/5952/5952 5933/5933/5933 
f 5931/5931/5931 5952/5952/5952 5953/5953/5953 
f 5952/5952/5952 5932/5932/5932 5964/5964/5964 
f 5952/5952/5952 5992/5992/5992 5953/5953/5953 
f 5994/5994/5994 5952/5952/5952 5964/5964/5964 
f 5992/5992/5992 5952/5952/5952 5985/5985/5985 
f 6003/6003/6003 5952/5952/5952 5994/5994/5994 
f 5984/5984/5984 5985/5985/5985 5952/5952/5952 
f 6003/6003/6003 5988/5988/5988 5952/5952/5952 
f 5988/5988/5988 5984/5984/5984 5952/5952/5952 
f 5046/5046/5046 5047/5047/5047 5048/5048/5048 
f 5603/5603/5603 5604/5604/5604 5605/5605/5605 
f 5604/5604/5604 5603/5603/5603 5631/5631/5631 
f 5631/5631/5631 5944/5944/5944 5604/5604/5604 
f 5603/5603/5603 5630/5630/5630 5631/5631/5631 
f 5630/5630/5630 5603/5603/5603 5705/5705/5705 
f 6010/6010/6010 5631/5631/5631 5630/5630/5630 
f 5944/5944/5944 5631/5631/5631 5959/5959/5959 
f 5631/5631/5631 6010/6010/6010 5959/5959/5959 
f 5945/5945/5945 5944/5944/5944 5959/5959/5959 
f 6010/6010/6010 5945/5945/5945 5959/5959/5959 
f 5944/5944/5944 5945/5945/5945 5946/5946/5946 
f 5945/5945/5945 6010/6010/6010 5948/5948/5948 
f 5945/5945/5945 6004/6004/6004 5946/5946/5946 
f 5947/5947/5947 5945/5945/5945 5948/5948/5948 
f 6004/6004/6004 5945/5945/5945 6000/6000/6000 
f 5954/5954/5954 5945/5945/5945 5947/5947/5947 
f 5999/5999/5999 6000/6000/6000 5945/5945/5945 
f 5954/5954/5954 6001/6001/6001 5945/5945/5945 
f 6001/6001/6001 5999/5999/5999 5945/5945/5945 
f 5548/5548/5548 5549/5549/5549 5550/5550/5550 
f 5549/5549/5549 5548/5548/5548 5632/5632/5632 
f 5632/5632/5632 5955/5955/5955 5549/5549/5549 
f 5548/5548/5548 5638/5638/5638 5632/5632/5632 
f 5638/5638/5638 5548/5548/5548 6317/6317/6317 
f 5637/5637/5637 5632/5632/5632 5638/5638/5638 
f 5955/5955/5955 5632/5632/5632 6009/6009/6009 
f 5632/5632/5632 5637/5637/5637 6009/6009/6009 
f 5956/5956/5956 5955/5955/5955 6009/6009/6009 
f 5637/5637/5637 5956/5956/5956 6009/6009/6009 
f 5955/5955/5955 5956/5956/5956 5957/5957/5957 
f 5956/5956/5956 5637/5637/5637 5982/5982/5982 
f 5956/5956/5956 5971/5971/5971 5957/5957/5957 
f 5982/5982/5982 5970/5970/5970 5956/5956/5956 
f 5971/5971/5971 5956/5956/5956 5969/5969/5969 
f 5970/5970/5970 5968/5968/5968 5956/5956/5956 
f 5968/5968/5968 5969/5969/5969 5956/5956/5956 
f 5618/5618/5618 5619/5619/5619 5620/5620/5620 
f 5619/5619/5619 5618/5618/5618 5900/5900/5900 
f 5871/5871/5871 5900/5900/5900 5618/5618/5618 
f 5903/5903/5903 5619/5619/5619 5900/5900/5900 
f 5619/5619/5619 5903/5903/5903 5904/5904/5904 
f 5900/5900/5900 5859/5859/5859 5903/5903/5903 
f 5900/5900/5900 5871/5871/5871 5868/5868/5868 
f 5859/5859/5859 5900/5900/5900 5868/5868/5868 
f 5871/5871/5871 5860/5860/5860 5868/5868/5868 
f 5860/5860/5860 5859/5859/5859 5868/5868/5868 
f 5860/5860/5860 5871/5871/5871 5873/5873/5873 
f 5859/5859/5859 5860/5860/5860 5861/5861/5861 
f 5989/5989/5989 5860/5860/5860 5873/5873/5873 
f 5989/5989/5989 5898/5898/5898 5860/5860/5860 
f 5860/5860/5860 5862/5862/5862 5861/5861/5861 
f 5898/5898/5898 5892/5892/5892 5860/5860/5860 
f 5862/5862/5862 5860/5860/5860 5866/5866/5866 
f 5892/5892/5892 5893/5893/5893 5860/5860/5860 
f 5866/5866/5866 5860/5860/5860 5893/5893/5893 
f 5542/5542/5542 5543/5543/5543 5544/5544/5544 
f 5293/5293/5293 5294/5294/5294 5295/5295/5295 
f 5294/5294/5294 5293/5293/5293 5366/5366/5366 
f 5295/5295/5295 5849/5849/5849 5293/5293/5293 
f 5294/5294/5294 5693/5693/5693 5295/5295/5295 
f 5693/5693/5693 5294/5294/5294 5694/5694/5694 
f 5856/5856/5856 5295/5295/5295 5693/5693/5693 
f 5849/5849/5849 5295/5295/5295 5850/5850/5850 
f 5295/5295/5295 5856/5856/5856 5850/5850/5850 
f 5848/5848/5848 5849/5849/5849 5850/5850/5850 
f 5856/5856/5856 5848/5848/5848 5850/5850/5850 
f 5849/5849/5849 5848/5848/5848 5855/5855/5855 
f 5848/5848/5848 5856/5856/5856 5858/5858/5858 
f 5848/5848/5848 5883/5883/5883 5855/5855/5855 
f 5890/5890/5890 5848/5848/5848 5858/5858/5858 
f 5883/5883/5883 5848/5848/5848 5886/5886/5886 
f 5890/5890/5890 5891/5891/5891 5848/5848/5848 
f 5894/5894/5894 5886/5886/5886 5848/5848/5848 
f 5891/5891/5891 5894/5894/5894 5848/5848/5848 
f 5689/5689/5689 5690/5690/5690 5691/5691/5691 
f 5920/5920/5920 5691/5691/5691 5921/5921/5921 
f 5915/5915/5915 5691/5691/5691 5912/5912/5912 
f 5912/5912/5912 5913/5913/5913 5914/5914/5914 
f 6303/6303/6303 5913/5913/5913 6302/6302/6302 
f 6301/6301/6301 6302/6302/6302 5913/5913/5913 
f 4962/4962/4962 4963/4963/4963 4964/4964/4964 
f 5880/5880/5880 4964/4964/4964 4963/4963/4963 
f 4963/4963/4963 4962/4962/4962 5503/5503/5503 
f 5878/5878/5878 5880/5880/5880 4963/4963/4963 
f 5877/5877/5877 5878/5878/5878 4963/4963/4963 
f 5877/5877/5877 4963/4963/4963 5879/5879/5879 
f 5487/5487/5487 4963/4963/4963 5503/5503/5503 
f 4963/4963/4963 5852/5852/5852 5879/5879/5879 
f 4963/4963/4963 5487/5487/5487 5488/5488/5488 
f 5852/5852/5852 4963/4963/4963 5488/5488/5488 
f 5487/5487/5487 5334/5334/5334 5488/5488/5488 
f 5334/5334/5334 5852/5852/5852 5488/5488/5488 
f 5334/5334/5334 5487/5487/5487 5305/5305/5305 
f 5852/5852/5852 5334/5334/5334 5333/5333/5333 
f 5305/5305/5305 5304/5304/5304 5334/5334/5334 
f 5304/5304/5304 5333/5333/5333 5334/5334/5334 
f 5304/5304/5304 5305/5305/5305 5306/5306/5306 
f 5333/5333/5333 5304/5304/5304 5371/5371/5371 
f 5565/5565/5565 5566/5566/5566 5567/5567/5567 
f 5566/5566/5566 5565/5565/5565 5654/5654/5654 
f 5567/5567/5567 6007/6007/6007 5565/5565/5565 
f 5566/5566/5566 5576/5576/5576 5567/5567/5567 
f 5576/5576/5576 5566/5566/5566 6287/6287/6287 
f 5575/5575/5575 5567/5567/5567 5576/5576/5576 
f 6007/6007/6007 5567/5567/5567 5636/5636/5636 
f 5567/5567/5567 5575/5575/5575 5636/5636/5636 
f 5974/5974/5974 6007/6007/6007 5636/5636/5636 
f 5575/5575/5575 5974/5974/5974 5636/5636/5636 
f 6007/6007/6007 5974/5974/5974 6006/6006/6006 
f 5974/5974/5974 5575/5575/5575 6024/6024/6024 
f 5974/5974/5974 5973/5973/5973 6006/6006/6006 
f 6024/6024/6024 6025/6025/6025 5974/5974/5974 
f 5973/5973/5973 5974/5974/5974 5975/5975/5975 
f 6025/6025/6025 5979/5979/5979 5974/5974/5974 
f 5979/5979/5979 5975/5975/5975 5974/5974/5974 
f 5283/5283/5283 5284/5284/5284 5285/5285/5285 
f 5327/5327/5327 5285/5285/5285 5284/5284/5284 
f 5284/5284/5284 5283/5283/5283 5288/5288/5288 
f 5316/5316/5316 5285/5285/5285 5327/5327/5327 
f 5315/5315/5315 5285/5285/5285 5316/5316/5316 
f 5321/5321/5321 5285/5285/5285 5315/5315/5315 
f 5320/5320/5320 5285/5285/5285 5321/5321/5321 
f 5527/5527/5527 5285/5285/5285 5320/5320/5320 
f 5288/5288/5288 5283/5283/5283 5289/5289/5289 
f 5289/5289/5289 5283/5283/5283 5299/5299/5299 
f 5283/5283/5283 5307/5307/5307 5299/5299/5299 
f 5307/5307/5307 5283/5283/5283 5357/5357/5357 
f 5283/5283/5283 5356/5356/5356 5357/5357/5357 
f 5356/5356/5356 5363/5363/5363 5357/5357/5357 
f 5363/5363/5363 5364/5364/5364 5357/5357/5357 
f 4854/4854/4854 4855/4855/4855 4856/4856/4856 
f 4954/4954/4954 4856/4856/4856 4855/4855/4855 
f 4877/4877/4877 4854/4854/4854 4856/4856/4856 
f 4856/4856/4856 4954/4954/4954 4961/4961/4961 
f 4876/4876/4876 4877/4877/4877 4856/4856/4856 
f 4876/4876/4876 4856/4856/4856 4958/4958/4958 
f 5489/5489/5489 4856/4856/4856 4961/4961/4961 
f 4856/4856/4856 5504/5504/5504 4958/4958/4958 
f 4856/4856/4856 5489/5489/5489 5490/5490/5490 
f 5504/5504/5504 4856/4856/4856 5490/5490/5490 
f 5489/5489/5489 5326/5326/5326 5490/5490/5490 
f 5326/5326/5326 5504/5504/5504 5490/5490/5490 
f 5326/5326/5326 5489/5489/5489 5276/5276/5276 
f 5504/5504/5504 5326/5326/5326 5310/5310/5310 
f 5276/5276/5276 5275/5275/5275 5326/5326/5326 
f 5275/5275/5275 5310/5310/5310 5326/5326/5326 
f 5275/5275/5275 5276/5276/5276 5277/5277/5277 
f 5310/5310/5310 5275/5275/5275 5311/5311/5311 
f 5391/5391/5391 5390/5390/5390 5201/5201/5201 
f 5390/5390/5390 5391/5391/5391 5392/5392/5392 
f 5391/5391/5391 5201/5201/5201 5428/5428/5428 
f 5201/5201/5201 5204/5204/5204 5428/5428/5428 
f 5193/5193/5193 5204/5204/5204 5201/5201/5201 
f 5428/5428/5428 5204/5204/5204 5429/5429/5429 
f 5193/5193/5193 5191/5191/5191 5194/5194/5194 
f 5191/5191/5191 5196/5196/5196 5194/5194/5194 
f 5194/5194/5194 5197/5197/5197 5193/5193/5193 
f 5204/5204/5204 5193/5193/5193 5197/5197/5197 
f 5429/5429/5429 5442/5442/5442 5469/5469/5469 
f 5442/5442/5442 5429/5429/5429 5204/5204/5204 
f 5443/5443/5443 5442/5442/5442 5204/5204/5204 
f 5444/5444/5444 5443/5443/5443 5204/5204/5204 
f 5444/5444/5444 5204/5204/5204 5209/5209/5209 
f 5209/5209/5209 5204/5204/5204 5197/5197/5197 
f 5209/5209/5209 5506/5506/5506 5444/5444/5444 
f 5506/5506/5506 5209/5209/5209 5214/5214/5214 
f 5209/5209/5209 5198/5198/5198 5214/5214/5214 
f 5197/5197/5197 5198/5198/5198 5209/5209/5209 
f 5214/5214/5214 5198/5198/5198 5210/5210/5210 
f 5210/5210/5210 5198/5198/5198 5211/5211/5211 
f 5213/5213/5213 5210/5210/5210 5211/5211/5211 
f 5211/5211/5211 5212/5212/5212 5213/5213/5213 
f 5198/5198/5198 5212/5212/5212 5211/5211/5211 
f 5263/5263/5263 5212/5212/5212 5198/5198/5198 
f 5199/5199/5199 5263/5263/5263 5198/5198/5198 
f 5198/5198/5198 5197/5197/5197 5199/5199/5199 
f 5263/5263/5263 5199/5199/5199 5260/5260/5260 
f 5259/5259/5259 5260/5260/5260 5199/5199/5199 
f 5199/5199/5199 5261/5261/5261 5259/5259/5259 
f 5261/5261/5261 5199/5199/5199 5262/5262/5262 
f 5262/5262/5262 5199/5199/5199 5278/5278/5278 
f 5254/5254/5254 5199/5199/5199 5197/5197/5197 
f 5197/5197/5197 5194/5194/5194 5254/5254/5254 
f 5199/5199/5199 5352/5352/5352 5278/5278/5278 
f 5278/5278/5278 5352/5352/5352 5358/5358/5358 
f 5199/5199/5199 5254/5254/5254 5248/5248/5248 
f 5248/5248/5248 5352/5352/5352 5199/5199/5199 
f 5194/5194/5194 5238/5238/5238 5254/5254/5254 
f 5238/5238/5238 5248/5248/5248 5254/5254/5254 
f 5238/5238/5238 5194/5194/5194 5196/5196/5196 
f 5196/5196/5196 5236/5236/5236 5238/5238/5238 
f 5236/5236/5236 5242/5242/5242 5238/5238/5238 
f 5248/5248/5248 5238/5238/5238 5242/5242/5242 
f 5242/5242/5242 5236/5236/5236 5243/5243/5243 
f 5352/5352/5352 5248/5248/5248 5244/5244/5244 
f 5242/5242/5242 5244/5244/5244 5248/5248/5248 
f 5243/5243/5243 5245/5245/5245 5242/5242/5242 
f 5244/5244/5244 5242/5242/5242 5245/5245/5245 
f 5245/5245/5245 5243/5243/5243 5251/5251/5251 
f 5251/5251/5251 5336/5336/5336 5245/5245/5245 
f 5336/5336/5336 5244/5244/5244 5245/5245/5245 
f 5336/5336/5336 5251/5251/5251 5337/5337/5337 
f 5244/5244/5244 5348/5348/5348 5352/5352/5352 
f 5337/5337/5337 5345/5345/5345 5336/5336/5336 
f 5345/5345/5345 5337/5337/5337 5353/5353/5353 
f 5244/5244/5244 5336/5336/5336 5338/5338/5338 
f 5345/5345/5345 5338/5338/5338 5336/5336/5336 
f 5348/5348/5348 5244/5244/5244 5338/5338/5338 
f 5719/5719/5719 5720/5720/5720 5721/5721/5721 
f 5731/5731/5731 5721/5721/5721 5720/5720/5720 
f 5725/5725/5725 5719/5719/5719 5721/5721/5721 
f 5721/5721/5721 5731/5731/5731 5732/5732/5732 
f 5741/5741/5741 5725/5725/5725 5721/5721/5721 
f 5831/5831/5831 5721/5721/5721 5732/5732/5732 
f 5721/5721/5721 5837/5837/5837 5741/5741/5741 
f 5721/5721/5721 5831/5831/5831 5832/5832/5832 
f 5837/5837/5837 5721/5721/5721 5832/5832/5832 
f 5831/5831/5831 6355/6355/6355 5832/5832/5832 
f 6355/6355/6355 5837/5837/5837 5832/5832/5832 
f 6355/6355/6355 5831/5831/5831 6378/6378/6378 
f 5837/5837/5837 6355/6355/6355 6246/6246/6246 
f 6378/6378/6378 6247/6247/6247 6355/6355/6355 
f 6247/6247/6247 6246/6246/6246 6355/6355/6355 
f 6247/6247/6247 6378/6378/6378 6400/6400/6400 
f 6246/6246/6246 6247/6247/6247 6248/6248/6248 
f 5577/5577/5577 5578/5578/5578 5579/5579/5579 
f 5578/5578/5578 5577/5577/5577 5583/5583/5583 
f 5583/5583/5583 5767/5767/5767 5578/5578/5578 
f 5767/5767/5767 5770/5770/5770 5578/5578/5578 
f 5770/5770/5770 5773/5773/5773 5578/5578/5578 
f 6018/6018/6018 5578/5578/5578 5773/5773/5773 
f 5578/5578/5578 6018/6018/6018 6019/6019/6019 
f 5586/5586/5586 5578/5578/5578 6019/6019/6019 
f 5578/5578/5578 5586/5586/5586 5579/5579/5579 
f 5585/5585/5585 5577/5577/5577 5579/5579/5579 
f 5586/5586/5586 5585/5585/5585 5579/5579/5579 
f 5577/5577/5577 5585/5585/5585 5684/5684/5684 
f 5585/5585/5585 5586/5586/5586 5587/5587/5587 
f 5664/5664/5664 5684/5684/5684 5585/5585/5585 
f 5587/5587/5587 5664/5664/5664 5585/5585/5585 
f 5684/5684/5684 5664/5664/5664 6347/6347/6347 
f 5664/5664/5664 5587/5587/5587 6300/6300/6300 
f 5355/5355/5355 5345/5345/5345 5353/5353/5353 
f 5345/5345/5345 5355/5355/5355 6130/6130/6130 
f 5355/5355/5355 6131/6131/6131 6130/6130/6130 
f 6129/6129/6129 6130/6130/6130 6131/6131/6131 
f 5338/5338/5338 5345/5345/5345 5349/5349/5349 
f 5541/5541/5541 5338/5338/5338 5349/5349/5349 
f 5338/5338/5338 5541/5541/5541 5348/5348/5348 
f 5349/5349/5349 5345/5345/5345 6157/6157/6157 
f 6157/6157/6157 5541/5541/5541 5349/5349/5349 
f 6157/6157/6157 5345/5345/5345 6158/6158/6158 
f 6130/6130/6130 6159/6159/6159 5345/5345/5345 
f 6158/6158/6158 5345/5345/5345 6159/6159/6159 
f 6104/6104/6104 6157/6157/6157 6158/6158/6158 
f 6159/6159/6159 6104/6104/6104 6158/6158/6158 
f 5541/5541/5541 6157/6157/6157 6319/6319/6319 
f 6157/6157/6157 6104/6104/6104 6319/6319/6319 
f 6130/6130/6130 6097/6097/6097 6159/6159/6159 
f 6104/6104/6104 6159/6159/6159 6097/6097/6097 
f 6130/6130/6130 6129/6129/6129 6137/6137/6137 
f 6097/6097/6097 6130/6130/6130 6137/6137/6137 
f 6129/6129/6129 6035/6035/6035 6137/6137/6137 
f 6035/6035/6035 6129/6129/6129 6136/6136/6136 
f 6074/6074/6074 6035/6035/6035 6136/6136/6136 
f 6036/6036/6036 6035/6035/6035 6074/6074/6074 
f 6034/6034/6034 6035/6035/6035 6036/6036/6036 
f 6073/6073/6073 6035/6035/6035 6034/6034/6034 
f 6073/6073/6073 6040/6040/6040 6035/6035/6035 
f 6035/6035/6035 6040/6040/6040 6041/6041/6041 
f 6090/6090/6090 6137/6137/6137 6035/6035/6035 
f 6041/6041/6041 6090/6090/6090 6035/6035/6035 
f 6137/6137/6137 6090/6090/6090 6097/6097/6097 
f 6090/6090/6090 6041/6041/6041 6091/6091/6091 
f 6095/6095/6095 6090/6090/6090 6091/6091/6091 
f 6327/6327/6327 6090/6090/6090 6095/6095/6095 
f 6090/6090/6090 6327/6327/6327 6098/6098/6098 
f 6098/6098/6098 6097/6097/6097 6090/6090/6090 
f 6326/6326/6326 6098/6098/6098 6327/6327/6327 
f 6098/6098/6098 6326/6326/6326 6325/6325/6325 
f 6324/6324/6324 6098/6098/6098 6325/6325/6325 
f 6328/6328/6328 6098/6098/6098 6324/6324/6324 
f 6096/6096/6096 6097/6097/6097 6098/6098/6098 
f 6098/6098/6098 6328/6328/6328 6096/6096/6096 
f 6345/6345/6345 6096/6096/6096 6328/6328/6328 
f 6096/6096/6096 6345/6345/6345 6292/6292/6292 
f 6097/6097/6097 6096/6096/6096 6104/6104/6104 
f 6291/6291/6291 6096/6096/6096 6292/6292/6292 
f 6096/6096/6096 6291/6291/6291 6268/6268/6268 
f 6268/6268/6268 6104/6104/6104 6096/6096/6096 
f 6283/6283/6283 6268/6268/6268 6291/6291/6291 
f 6268/6268/6268 6283/6283/6283 6278/6278/6278 
f 6277/6277/6277 6268/6268/6268 6278/6278/6278 
f 6276/6276/6276 6268/6268/6268 6277/6277/6277 
f 6269/6269/6269 6268/6268/6268 6276/6276/6276 
f 6267/6267/6267 6268/6268/6268 6269/6269/6269 
f 6266/6266/6266 6104/6104/6104 6268/6268/6268 
f 6268/6268/6268 6267/6267/6267 6266/6266/6266 
f 6265/6265/6265 6266/6266/6266 6267/6267/6267 
f 6274/6274/6274 6266/6266/6266 6265/6265/6265 
f 6104/6104/6104 6266/6266/6266 6319/6319/6319 
f 6279/6279/6279 6266/6266/6266 6274/6274/6274 
f 6273/6273/6273 6319/6319/6319 6266/6266/6266 
f 6266/6266/6266 6279/6279/6279 6273/6273/6273 
f 6273/6273/6273 5541/5541/5541 6319/6319/6319 
f 6279/6279/6279 5662/5662/5662 6273/6273/6273 
f 5541/5541/5541 6273/6273/6273 5650/5650/5650 
f 5662/5662/5662 5650/5650/5650 6273/6273/6273 
f 5650/5650/5650 5662/5662/5662 5661/5661/5661 
f 5655/5655/5655 5650/5650/5650 5661/5661/5661 
f 5650/5650/5650 5655/5655/5655 5552/5552/5552 
f 5650/5650/5650 5348/5348/5348 5541/5541/5541 
f 5545/5545/5545 5650/5650/5650 5552/5552/5552 
f 5551/5551/5551 5545/5545/5545 5552/5552/5552 
f 5545/5545/5545 5551/5551/5551 5602/5602/5602 
f 5546/5546/5546 5545/5545/5545 5602/5602/5602 
f 5547/5547/5547 5650/5650/5650 5545/5545/5545 
f 5545/5545/5545 5546/5546/5546 5547/5547/5547 
f 5348/5348/5348 5650/5650/5650 5547/5547/5547 
f 5547/5547/5547 5546/5546/5546 5554/5554/5554 
f 5554/5554/5554 5555/5555/5555 5547/5547/5547 
f 5547/5547/5547 5367/5367/5367 5348/5348/5348 
f 5367/5367/5367 5547/5547/5547 5553/5553/5553 
f 5367/5367/5367 5359/5359/5359 5348/5348/5348 
f 5359/5359/5359 5367/5367/5367 5368/5368/5368 
f 5359/5359/5359 5352/5352/5352 5348/5348/5348 
f 5359/5359/5359 5358/5358/5358 5352/5352/5352 
f 5358/5358/5358 5359/5359/5359 5360/5360/5360 
f 4868/4868/4868 4869/4869/4869 4870/4870/4870 
f 4869/4869/4869 4868/4868/4868 4896/4896/4896 
f 4895/4895/4895 4896/4896/4896 4868/4868/4868 
f 4898/4898/4898 4895/4895/4895 4868/4868/4868 
f 4897/4897/4897 4898/4898/4898 4868/4868/4868 
f 4897/4897/4897 4868/4868/4868 4957/4957/4957 
f 5485/5485/5485 4868/4868/4868 4870/4870/4870 
f 4868/4868/4868 5501/5501/5501 4957/4957/4957 
f 4868/4868/4868 5485/5485/5485 5486/5486/5486 
f 5501/5501/5501 4868/4868/4868 5486/5486/5486 
f 5485/5485/5485 5314/5314/5314 5486/5486/5486 
f 5314/5314/5314 5501/5501/5501 5486/5486/5486 
f 5314/5314/5314 5485/5485/5485 5268/5268/5268 
f 5501/5501/5501 5314/5314/5314 5270/5270/5270 
f 5268/5268/5268 5267/5267/5267 5314/5314/5314 
f 5267/5267/5267 5270/5270/5270 5314/5314/5314 
f 5267/5267/5267 5268/5268/5268 5269/5269/5269 
f 5270/5270/5270 5267/5267/5267 5271/5271/5271 
f 5364/5364/5364 5373/5373/5373 5357/5357/5357 
f 5307/5307/5307 5357/5357/5357 5369/5369/5369 
f 5372/5372/5372 5357/5357/5357 5373/5373/5373 
f 5369/5369/5369 5357/5357/5357 5374/5374/5374 
f 5357/5357/5357 5372/5372/5372 5374/5374/5374 
f 5374/5374/5374 5695/5695/5695 5369/5369/5369 
f 5571/5571/5571 5374/5374/5374 5372/5372/5372 
f 5695/5695/5695 5374/5374/5374 5688/5688/5688 
f 5374/5374/5374 5571/5571/5571 5688/5688/5688 
f 5573/5573/5573 5695/5695/5695 5688/5688/5688 
f 5688/5688/5688 5571/5571/5571 5573/5573/5573 
f 5695/5695/5695 5573/5573/5573 5703/5703/5703 
f 5571/5571/5571 5572/5572/5572 5573/5573/5573 
f 5910/5910/5910 5573/5573/5573 5899/5899/5899 
f 5573/5573/5573 5625/5625/5625 5899/5899/5899 
f 5625/5625/5625 5573/5573/5573 5626/5626/5626 
f 5626/5626/5626 5649/5649/5649 5625/5625/5625 
f 5649/5649/5649 5626/5626/5626 5562/5562/5562 
f 5563/5563/5563 5562/5562/5562 5626/5626/5626 
f 5562/5562/5562 5563/5563/5563 5564/5564/5564 
f 5562/5562/5562 5922/5922/5922 5923/5923/5923 
f 5686/5686/5686 5562/5562/5562 5687/5687/5687 
f 5562/5562/5562 5686/5686/5686 5646/5646/5646 
f 5646/5646/5646 5692/5692/5692 5562/5562/5562 
f 5916/5916/5916 5646/5646/5646 5917/5917/5917 
f 5917/5917/5917 5646/5646/5646 6017/6017/6017 
f 5646/5646/5646 5645/5645/5645 6017/6017/6017 
f 5645/5645/5645 5646/5646/5646 5647/5647/5647 
f 5706/5706/5706 5647/5647/5647 5646/5646/5646 
f 5647/5647/5647 5706/5706/5706 5707/5707/5707 
f 5646/5646/5646 6305/6305/6305 5706/5706/5706 
f 6305/6305/6305 6308/6308/6308 5706/5706/5706 
f 6275/6275/6275 6272/6272/6272 5706/5706/5706 
f 6270/6270/6270 5706/5706/5706 6272/6272/6272 
f 6270/6270/6270 6271/6271/6271 5706/5706/5706 
f 4851/4851/4851 4852/4852/4852 4853/4853/4853 
f 5147/5147/5147 4851/4851/4851 4853/4853/4853 
f 5149/5149/5149 5147/5147/5147 4853/4853/4853 
f 5149/5149/5149 4853/4853/4853 5150/5150/5150 
f 4907/4907/4907 5150/5150/5150 4853/4853/4853 
f 4907/4907/4907 4853/4853/4853 4908/4908/4908 
f 4943/4943/4943 4853/4853/4853 4852/4852/4852 
f 4853/4853/4853 4953/4953/4953 4908/4908/4908 
f 4853/4853/4853 4943/4943/4943 4944/4944/4944 
f 4953/4953/4953 4853/4853/4853 4944/4944/4944 
f 4943/4943/4943 5474/5474/5474 4944/4944/4944 
f 5474/5474/5474 4953/4953/4953 4944/4944/4944 
f 5474/5474/5474 4943/4943/4943 5475/5475/5475 
f 4953/4953/4953 5474/5474/5474 5317/5317/5317 
f 5475/5475/5475 5318/5318/5318 5474/5474/5474 
f 5318/5318/5318 5317/5317/5317 5474/5474/5474 
f 5318/5318/5318 5475/5475/5475 5513/5513/5513 
f 5317/5317/5317 5318/5318/5318 5319/5319/5319 
f 5716/5716/5716 5717/5717/5717 5718/5718/5718 
f 5717/5717/5717 5716/5716/5716 5836/5836/5836 
f 5718/5718/5718 6109/6109/6109 5716/5716/5716 
f 6109/6109/6109 5718/5718/5718 6358/6358/6358 
f 6110/6110/6110 6109/6109/6109 6358/6358/6358 
f 6109/6109/6109 6110/6110/6110 6111/6111/6111 
f 6119/6119/6119 6109/6109/6109 6111/6111/6111 
f 6109/6109/6109 6119/6119/6119 6255/6255/6255 
f 6362/6362/6362 6109/6109/6109 6255/6255/6255 
f 6109/6109/6109 6362/6362/6362 5716/5716/5716 
f 5841/5841/5841 5716/5716/5716 6362/6362/6362 
f 5716/5716/5716 5841/5841/5841 5836/5836/5836 
f 5841/5841/5841 5736/5736/5736 5836/5836/5836 
f 5736/5736/5736 5717/5717/5717 5836/5836/5836 
f 5736/5736/5736 5841/5841/5841 5744/5744/5744 
f 5717/5717/5717 5736/5736/5736 5738/5738/5738 
f 5744/5744/5744 5745/5745/5745 5736/5736/5736 
f 5736/5736/5736 5737/5737/5737 5738/5738/5738 
f 5745/5745/5745 5746/5746/5746 5736/5736/5736 
f 5737/5737/5737 5736/5736/5736 5747/5747/5747 
f 5746/5746/5746 5747/5747/5747 5736/5736/5736 
f 4848/4848/4848 4849/4849/4849 4850/4850/4850 
f 4849/4849/4849 4848/4848/4848 4892/4892/4892 
f 4892/4892/4892 4848/4848/4848 4899/4899/4899 
f 5145/5145/5145 4899/4899/4899 4848/4848/4848 
f 5168/5168/5168 5145/5145/5145 4848/4848/4848 
f 5168/5168/5168 4848/4848/4848 5151/5151/5151 
f 4893/4893/4893 5151/5151/5151 4848/4848/4848 
f 4893/4893/4893 4848/4848/4848 4894/4894/4894 
f 4865/4865/4865 4848/4848/4848 4850/4850/4850 
f 4848/4848/4848 4952/4952/4952 4894/4894/4894 
f 4848/4848/4848 4865/4865/4865 4945/4945/4945 
f 4952/4952/4952 4848/4848/4848 4945/4945/4945 
f 4865/4865/4865 5402/5402/5402 4945/4945/4945 
f 5402/5402/5402 4952/4952/4952 4945/4945/4945 
f 5402/5402/5402 4865/4865/4865 5403/5403/5403 
f 4952/4952/4952 5402/5402/5402 5476/5476/5476 
f 5403/5403/5403 5456/5456/5456 5402/5402/5402 
f 5456/5456/5456 5476/5476/5476 5402/5402/5402 
f 5456/5456/5456 5403/5403/5403 5457/5457/5457 
f 5476/5476/5476 5456/5456/5456 5518/5518/5518 
f 5669/5669/5669 5670/5670/5670 5671/5671/5671 
f 5670/5670/5670 5669/5669/5669 5679/5679/5679 
f 5679/5679/5679 6363/6363/6363 5670/5670/5670 
f 6363/6363/6363 5679/5679/5679 6383/6383/6383 
f 6363/6363/6363 6357/6357/6357 5670/5670/5670 
f 6357/6357/6357 6363/6363/6363 6407/6407/6407 
f 5840/5840/5840 5670/5670/5670 6357/6357/6357 
f 5670/5670/5670 5840/5840/5840 5671/5671/5671 
f 5729/5729/5729 5669/5669/5669 5671/5671/5671 
f 5840/5840/5840 5729/5729/5729 5671/5671/5671 
f 5669/5669/5669 5729/5729/5729 5777/5777/5777 
f 5729/5729/5729 5840/5840/5840 5727/5727/5727 
f 5729/5729/5729 5791/5791/5791 5777/5777/5777 
f 5727/5727/5727 5728/5728/5728 5729/5729/5729 
f 5791/5791/5791 5729/5729/5729 5788/5788/5788 
f 5728/5728/5728 5787/5787/5787 5729/5729/5729 
f 5787/5787/5787 5788/5788/5788 5729/5729/5729 
f 5708/5708/5708 5709/5709/5709 5710/5710/5710 
f 5710/5710/5710 5709/5709/5709 5712/5712/5712 
f 5712/5712/5712 5709/5709/5709 5713/5713/5713 
f 5713/5713/5713 5709/5709/5709 5714/5714/5714 
f 6315/6315/6315 6316/6316/6316 5709/5709/5709 
f 6281/6281/6281 5714/5714/5714 5709/5709/5709 
f 5709/5709/5709 6280/6280/6280 6281/6281/6281 
f 6280/6280/6280 6284/6284/6284 6281/6281/6281 
f 4763/4763/4763 4790/4790/4790 4807/4807/4807 
f 4790/4790/4790 4763/4763/4763 4791/4791/4791 
f 4790/4790/4790 4791/4791/4791 4797/4797/4797 
f 4797/4797/4797 4791/4791/4791 4917/4917/4917 
f 4917/4917/4917 4791/4791/4791 4918/4918/4918 
f 4918/4918/4918 4791/4791/4791 4915/4915/4915 
f 4915/4915/4915 4791/4791/4791 4916/4916/4916 
f 4916/4916/4916 4791/4791/4791 4927/4927/4927 
f 4927/4927/4927 4791/4791/4791 4940/4940/4940 
f 4791/4791/4791 4793/4793/4793 4794/4794/4794 
f 4794/4794/4794 4912/4912/4912 4791/4791/4791 
f 4912/4912/4912 4914/4914/4914 4791/4791/4791 
f 5380/5380/5380 4940/4940/4940 4791/4791/4791 
f 4940/4940/4940 5380/5380/5380 5411/5411/5411 
f 5413/5413/5413 5380/5380/5380 5406/5406/5406 
f 5380/5380/5380 5405/5405/5405 5406/5406/5406 
f 5405/5405/5405 5380/5380/5380 5451/5451/5451 
f 5451/5451/5451 5450/5450/5450 5470/5470/5470 
f 5450/5450/5450 5451/5451/5451 5452/5452/5452 
f 5450/5450/5450 5452/5452/5452 5480/5480/5480 
f 5480/5480/5480 5452/5452/5452 5481/5481/5481 
f 5656/5656/5656 5657/5657/5657 5658/5658/5658 
f 5658/5658/5658 5657/5657/5657 5665/5665/5665 
f 5665/5665/5665 5657/5657/5657 6312/6312/6312 
f 6310/6310/6310 5657/5657/5657 6311/6311/6311 
f 5657/5657/5657 6289/6289/6289 6311/6311/6311 
f 6289/6289/6289 5657/5657/5657 6290/6290/6290 
f 5521/5521/5521 5522/5522/5522 5523/5523/5523 
f 6366/6366/6366 6290/6290/6290 6364/6364/6364 
f 6364/6364/6364 6290/6290/6290 6365/6365/6365 
f 6365/6365/6365 6290/6290/6290 6371/6371/6371 
f 6290/6290/6290 6372/6372/6372 6371/6371/6371 
f 4666/4666/4666 4667/4667/4667 4668/4668/4668 
f 4667/4667/4667 4666/4666/4666 4679/4679/4679 
f 4675/4675/4675 4668/4668/4668 4667/4667/4667 
f 4668/4668/4668 4675/4675/4675 5011/5011/5011 
f 4675/4675/4675 5010/5010/5010 5011/5011/5011 
f 5010/5010/5010 4675/4675/4675 5012/5012/5012 
f 4675/4675/4675 4676/4676/4676 5012/5012/5012 
f 4675/4675/4675 4667/4667/4667 4676/4676/4676 
f 4676/4676/4676 5000/5000/5000 5012/5012/5012 
f 5001/5001/5001 5000/5000/5000 4676/4676/4676 
f 4999/4999/4999 5000/5000/5000 5001/5001/5001 
f 4996/4996/4996 5001/5001/5001 4676/4676/4676 
f 4996/4996/4996 4997/4997/4997 4998/4998/4998 
f 4996/4996/4996 4693/4693/4693 4997/4997/4997 
f 4693/4693/4693 4996/4996/4996 4676/4676/4676 
f 4667/4667/4667 4693/4693/4693 4676/4676/4676 
f 4693/4693/4693 4667/4667/4667 4694/4694/4694 
f 4693/4693/4693 4694/4694/4694 4695/4695/4695 
f 4680/4680/4680 4694/4694/4694 4667/4667/4667 
f 4679/4679/4679 4680/4680/4680 4667/4667/4667 
f 4680/4680/4680 4679/4679/4679 4761/4761/4761 
f 4762/4762/4762 4695/4695/4695 4694/4694/4694 
f 4680/4680/4680 4762/4762/4762 4694/4694/4694 
f 4695/4695/4695 4762/4762/4762 4782/4782/4782 
f 4782/4782/4782 4762/4762/4762 4783/4783/4783 
f 4772/4772/4772 4680/4680/4680 4761/4761/4761 
f 4762/4762/4762 4784/4784/4784 4783/4783/4783 
f 4680/4680/4680 4772/4772/4772 4773/4773/4773 
f 5200/5200/5200 4773/4773/4773 4772/4772/4772 
f 4762/4762/4762 4680/4680/4680 4774/4774/4774 
f 4774/4774/4774 4784/4784/4784 4762/4762/4762 
f 4773/4773/4773 4774/4774/4774 4680/4680/4680 
f 5178/5178/5178 4773/4773/4773 5200/5200/5200 
f 4784/4784/4784 4774/4774/4774 4792/4792/4792 
f 4792/4792/4792 4913/4913/4913 4784/4784/4784 
f 4913/4913/4913 4792/4792/4792 4921/4921/4921 
f 4923/4923/4923 4921/4921/4921 4792/4792/4792 
f 4792/4792/4792 4937/4937/4937 4923/4923/4923 
f 4937/4937/4937 4792/4792/4792 5381/5381/5381 
f 5381/5381/5381 4792/4792/4792 5390/5390/5390 
f 4774/4774/4774 4773/4773/4773 5192/5192/5192 
f 5192/5192/5192 4792/4792/4792 4774/4774/4774 
f 5182/5182/5182 5192/5192/5192 4773/4773/4773 
f 4773/4773/4773 5178/5178/5178 5182/5182/5182 
f 5178/5178/5178 5177/5177/5177 5182/5182/5182 
f 5192/5192/5192 5182/5182/5182 5189/5189/5189 
f 5177/5177/5177 5189/5189/5189 5182/5182/5182 
f 5177/5177/5177 5178/5178/5178 5175/5175/5175 
f 5175/5175/5175 5174/5174/5174 5177/5177/5177 
f 5174/5174/5174 5175/5175/5175 5176/5176/5176 
f 5185/5185/5185 5177/5177/5177 5174/5174/5174 
f 5177/5177/5177 5185/5185/5185 5188/5188/5188 
f 5189/5189/5189 5177/5177/5177 5188/5188/5188 
f 5232/5232/5232 5188/5188/5188 5185/5185/5185 
f 5188/5188/5188 5232/5232/5232 5195/5195/5195 
f 5195/5195/5195 5189/5189/5189 5188/5188/5188 
f 5231/5231/5231 5195/5195/5195 5232/5232/5232 
f 5189/5189/5189 5190/5190/5190 5192/5192/5192 
f 4792/4792/4792 5192/5192/5192 5190/5190/5190 
f 5189/5189/5189 5195/5195/5195 5191/5191/5191 
f 5190/5190/5190 5189/5189/5189 5191/5191/5191 
f 5195/5195/5195 5231/5231/5231 5196/5196/5196 
f 5196/5196/5196 5191/5191/5191 5195/5195/5195 
f 5236/5236/5236 5196/5196/5196 5231/5231/5231 
f 5190/5190/5190 5201/5201/5201 4792/4792/4792 
f 5390/5390/5390 4792/4792/4792 5201/5201/5201 
f 5191/5191/5191 5193/5193/5193 5190/5190/5190 
f 5201/5201/5201 5190/5190/5190 5193/5193/5193 
f 5591/5591/5591 5592/5592/5592 5593/5593/5593 
f 5592/5592/5592 5591/5591/5591 5769/5769/5769 
f 5591/5591/5591 5768/5768/5768 5769/5769/5769 
f 5768/5768/5768 5591/5591/5591 5784/5784/5784 
f 5783/5783/5783 5784/5784/5784 5591/5591/5591 
f 5779/5779/5779 5783/5783/5783 5591/5591/5591 
f 5778/5778/5778 5779/5779/5779 5591/5591/5591 
f 5591/5591/5591 5597/5597/5597 5778/5778/5778 
f 5597/5597/5597 5591/5591/5591 5593/5593/5593 
f 5592/5592/5592 5668/5668/5668 5593/5593/5593 
f 5668/5668/5668 5597/5597/5597 5593/5593/5593 
f 5668/5668/5668 5592/5592/5592 5683/5683/5683 
f 5597/5597/5597 5668/5668/5668 6351/6351/6351 
f 5683/5683/5683 6296/6296/6296 5668/5668/5668 
f 6296/6296/6296 6351/6351/6351 5668/5668/5668 
f 6296/6296/6296 5683/5683/5683 6297/6297/6297 
f 6351/6351/6351 6296/6296/6296 6352/6352/6352 
f 4842/4842/4842 4843/4843/4843 4844/4844/4844 
f 4843/4843/4843 4881/4881/4881 4844/4844/4844 
f 4881/4881/4881 4843/4843/4843 5141/5141/5141 
f 5141/5141/5141 4843/4843/4843 5160/5160/5160 
f 5163/5163/5163 5160/5160/5160 4843/4843/4843 
f 5164/5164/5164 5163/5163/5163 4843/4843/4843 
f 5164/5164/5164 4843/4843/4843 5165/5165/5165 
f 5153/5153/5153 5165/5165/5165 4843/4843/4843 
f 5153/5153/5153 4843/4843/4843 4864/4864/4864 
f 4843/4843/4843 4863/4863/4863 4864/4864/4864 
f 4863/4863/4863 4843/4843/4843 4949/4949/4949 
f 4843/4843/4843 4842/4842/4842 4949/4949/4949 
f 5393/5393/5393 4863/4863/4863 4949/4949/4949 
f 4842/4842/4842 5393/5393/5393 4949/4949/4949 
f 4863/4863/4863 5393/5393/5393 5477/5477/5477 
f 5393/5393/5393 4842/4842/4842 5394/5394/5394 
f 5435/5435/5435 5477/5477/5477 5393/5393/5393 
f 5394/5394/5394 5435/5435/5435 5393/5393/5393 
f 5477/5477/5477 5435/5435/5435 5537/5537/5537 
f 5435/5435/5435 5394/5394/5394 5436/5436/5436 
f 4828/4828/4828 4829/4829/4829 4830/4830/4830 
f 4829/4829/4829 5137/5137/5137 4830/4830/4830 
f 5137/5137/5137 4829/4829/4829 5107/5107/5107 
f 5107/5107/5107 4829/4829/4829 5108/5108/5108 
f 5109/5109/5109 5108/5108/5108 4829/4829/4829 
f 5113/5113/5113 5109/5109/5109 4829/4829/4829 
f 5113/5113/5113 4829/4829/4829 5157/5157/5157 
f 5143/5143/5143 5157/5157/5157 4829/4829/4829 
f 5143/5143/5143 4829/4829/4829 4888/4888/4888 
f 4829/4829/4829 4841/4841/4841 4888/4888/4888 
f 4841/4841/4841 4829/4829/4829 4838/4838/4838 
f 4829/4829/4829 4828/4828/4828 4838/4838/4838 
f 5170/5170/5170 4841/4841/4841 4838/4838/4838 
f 4828/4828/4828 5170/5170/5170 4838/4838/4838 
f 4841/4841/4841 5170/5170/5170 5410/5410/5410 
f 5170/5170/5170 4828/4828/4828 5399/5399/5399 
f 5426/5426/5426 5410/5410/5410 5170/5170/5170 
f 5399/5399/5399 5426/5426/5426 5170/5170/5170 
f 5410/5410/5410 5426/5426/5426 5441/5441/5441 
f 5426/5426/5426 5399/5399/5399 5427/5427/5427 
f 4752/4752/4752 4753/4753/4753 4754/4754/4754 
f 4753/4753/4753 4779/4779/4779 4754/4754/4754 
f 4779/4779/4779 4753/4753/4753 4780/4780/4780 
f 4779/4779/4779 4759/4759/4759 4754/4754/4754 
f 4759/4759/4759 4779/4779/4779 4813/4813/4813 
f 4759/4759/4759 4752/4752/4752 4754/4754/4754 
f 4753/4753/4753 4752/4752/4752 5080/5080/5080 
f 4752/4752/4752 4759/4759/4759 5089/5089/5089 
f 4752/4752/4752 5079/5079/5079 5080/5080/5080 
f 5088/5088/5088 4752/4752/4752 5089/5089/5089 
f 5119/5119/5119 5079/5079/5079 4752/4752/4752 
f 5088/5088/5088 5125/5125/5125 4752/4752/4752 
f 5118/5118/5118 5119/5119/5119 4752/4752/4752 
f 5125/5125/5125 5118/5118/5118 4752/4752/4752 
f 5514/5514/5514 5509/5509/5509 5538/5538/5538 
f 5538/5538/5538 5509/5509/5509 5539/5539/5539 
f 5539/5539/5539 5509/5509/5509 5524/5524/5524 
f 5509/5509/5509 5258/5258/5258 5524/5524/5524 
f 5507/5507/5507 5508/5508/5508 5509/5509/5509 
f 5258/5258/5258 5509/5509/5509 5222/5222/5222 
f 5258/5258/5258 5222/5222/5222 5224/5224/5224 
f 5258/5258/5258 5224/5224/5224 5528/5528/5528 
f 5222/5222/5222 5223/5223/5223 5224/5224/5224 
f 5223/5223/5223 5324/5324/5324 5224/5224/5224 
f 5324/5324/5324 5322/5322/5322 5224/5224/5224 
f 5322/5322/5322 5323/5323/5323 5224/5224/5224 
f 5323/5323/5323 5312/5312/5312 5224/5224/5224 
f 5279/5279/5279 5224/5224/5224 5312/5312/5312 
f 5224/5224/5224 5279/5279/5279 5280/5280/5280 
f 5279/5279/5279 5300/5300/5300 5280/5280/5280 
f 5300/5300/5300 5335/5335/5335 5280/5280/5280 
f 5362/5362/5362 5280/5280/5280 5335/5335/5335 
f 4817/4817/4817 4818/4818/4818 4819/4819/4819 
f 4818/4818/4818 4817/4817/4817 4880/4880/4880 
f 4817/4817/4817 5092/5092/5092 4880/4880/4880 
f 5092/5092/5092 4817/4817/4817 5097/5097/5097 
f 5097/5097/5097 4817/4817/4817 5099/5099/5099 
f 5100/5100/5100 5099/5099/5099 4817/4817/4817 
f 5102/5102/5102 5100/5100/5100 4817/4817/4817 
f 5102/5102/5102 4817/4817/4817 5104/5104/5104 
f 5103/5103/5103 5104/5104/5104 4817/4817/4817 
f 5103/5103/5103 4817/4817/4817 4891/4891/4891 
f 4817/4817/4817 4820/4820/4820 4891/4891/4891 
f 4820/4820/4820 4817/4817/4817 4819/4819/4819 
f 4929/4929/4929 4820/4820/4820 4819/4819/4819 
f 4818/4818/4818 4929/4929/4929 4819/4819/4819 
f 4820/4820/4820 4929/4929/4929 5418/5418/5418 
f 4929/4929/4929 4818/4818/4818 4938/4938/4938 
f 5389/5389/5389 5418/5418/5418 4929/4929/4929 
f 4938/4938/4938 5389/5389/5389 4929/4929/4929 
f 5418/5418/5418 5389/5389/5389 5434/5434/5434 
f 5389/5389/5389 4938/4938/4938 5433/5433/5433 
f 4822/4822/4822 4823/4823/4823 4824/4824/4824 
f 4823/4823/4823 4822/4822/4822 4883/4883/4883 
f 4822/4822/4822 5086/5086/5086 4883/4883/4883 
f 5086/5086/5086 4822/4822/4822 5087/5087/5087 
f 5087/5087/5087 4822/4822/4822 5129/5129/5129 
f 5128/5128/5128 5129/5129/5129 4822/4822/4822 
f 5130/5130/5130 5128/5128/5128 4822/4822/4822 
f 5130/5130/5130 4822/4822/4822 5132/5132/5132 
f 5134/5134/5134 5132/5132/5132 4822/4822/4822 
f 5134/5134/5134 4822/4822/4822 5140/5140/5140 
f 4822/4822/4822 4886/4886/4886 5140/5140/5140 
f 4886/4886/4886 4822/4822/4822 4824/4824/4824 
f 4837/4837/4837 4886/4886/4886 4824/4824/4824 
f 4823/4823/4823 4837/4837/4837 4824/4824/4824 
f 4886/4886/4886 4837/4837/4837 4939/4939/4939 
f 4837/4837/4837 4823/4823/4823 4924/4924/4924 
f 5378/5378/5378 4939/4939/4939 4837/4837/4837 
f 4924/4924/4924 5378/5378/5378 4837/4837/4837 
f 4939/4939/4939 5378/5378/5378 5460/5460/5460 
f 5378/5378/5378 4924/4924/4924 5382/5382/5382 
f 6372/6372/6372 6337/6337/6337 6373/6373/6373 
f 6373/6373/6373 6337/6337/6337 6376/6376/6376 
f 6376/6376/6376 6337/6337/6337 6402/6402/6402 
f 6341/6341/6341 6342/6342/6342 6337/6337/6337 
f 6339/6339/6339 6402/6402/6402 6337/6337/6337 
f 6337/6337/6337 6338/6338/6338 6339/6339/6339 
f 6402/6402/6402 6339/6339/6339 6410/6410/6410 
f 6410/6410/6410 6339/6339/6339 6413/6413/6413 
f 6388/6388/6388 6339/6339/6339 6385/6385/6385 
f 6385/6385/6385 6386/6386/6386 6387/6387/6387 
f 6386/6386/6386 6385/6385/6385 6117/6117/6117 
f 6115/6115/6115 6385/6385/6385 6393/6393/6393 
f 6115/6115/6115 6116/6116/6116 6117/6117/6117 
f 6118/6118/6118 6117/6117/6117 6116/6116/6116 
f 6257/6257/6257 6117/6117/6117 6256/6256/6256 
f 6256/6256/6256 6117/6117/6117 6242/6242/6242 
f 6117/6117/6117 6241/6241/6241 6242/6242/6242 
f 6253/6253/6253 6237/6237/6237 6241/6241/6241 
f 6237/6237/6237 6072/6072/6072 6238/6238/6238 
f 6070/6070/6070 6071/6071/6071 6072/6072/6072 
f 6078/6078/6078 6072/6072/6072 6217/6217/6217 
f 6072/6072/6072 6078/6078/6078 6079/6079/6079 
f 6072/6072/6072 6082/6082/6082 6225/6225/6225 
f 6082/6082/6082 6079/6079/6079 6083/6083/6083 
f 6079/6079/6079 6149/6149/6149 6083/6083/6083 
f 6082/6082/6082 6227/6227/6227 6228/6228/6228 
f 4690/4690/4690 4691/4691/4691 4692/4692/4692 
f 4691/4691/4691 4690/4690/4690 4743/4743/4743 
f 4690/4690/4690 4757/4757/4757 4743/4743/4743 
f 4757/4757/4757 4690/4690/4690 4760/4760/4760 
f 5005/5005/5005 4691/4691/4691 4743/4743/4743 
f 4757/4757/4757 5005/5005/5005 4743/4743/4743 
f 4691/4691/4691 5005/5005/5005 5007/5007/5007 
f 5005/5005/5005 4757/4757/4757 5009/5009/5009 
f 5005/5005/5005 5006/5006/5006 5007/5007/5007 
f 5008/5008/5008 5005/5005/5005 5009/5009/5009 
f 5040/5040/5040 5006/5006/5006 5005/5005/5005 
f 5008/5008/5008 5041/5041/5041 5005/5005/5005 
f 5042/5042/5042 5040/5040/5040 5005/5005/5005 
f 5041/5041/5041 5042/5042/5042 5005/5005/5005 
f 4684/4684/4684 4685/4685/4685 4686/4686/4686 
f 4685/4685/4685 4684/4684/4684 5058/5058/5058 
f 4684/4684/4684 4696/4696/4696 5058/5058/5058 
f 4696/4696/4696 4684/4684/4684 4697/4697/4697 
f 4994/4994/4994 4685/4685/4685 5058/5058/5058 
f 4696/4696/4696 4994/4994/4994 5058/5058/5058 
f 4685/4685/4685 4994/4994/4994 4995/4995/4995 
f 4994/4994/4994 4696/4696/4696 5050/5050/5050 
f 4994/4994/4994 5033/5033/5033 4995/4995/4995 
f 5038/5038/5038 4994/4994/4994 5050/5050/5050 
f 5032/5032/5032 5033/5033/5033 4994/4994/4994 
f 5038/5038/5038 5026/5026/5026 4994/4994/4994 
f 5027/5027/5027 5032/5032/5032 4994/4994/4994 
f 5026/5026/5026 5027/5027/5027 4994/4994/4994 
f 4701/4701/4701 4702/4702/4702 4703/4703/4703 
f 4702/4702/4702 4701/4701/4701 4706/4706/4706 
f 4702/4702/4702 4704/4704/4704 4703/4703/4703 
f 4704/4704/4704 4702/4702/4702 4804/4804/4804 
f 5013/5013/5013 4701/4701/4701 4703/4703/4703 
f 4704/4704/4704 5013/5013/5013 4703/4703/4703 
f 4701/4701/4701 5013/5013/5013 5015/5015/5015 
f 5013/5013/5013 4704/4704/4704 5091/5091/5091 
f 5013/5013/5013 5014/5014/5014 5015/5015/5015 
f 5116/5116/5116 5013/5013/5013 5091/5091/5091 
f 5078/5078/5078 5014/5014/5014 5013/5013/5013 
f 5116/5116/5116 5117/5117/5117 5013/5013/5013 
f 5120/5120/5120 5078/5078/5078 5013/5013/5013 
f 5117/5117/5117 5120/5120/5120 5013/5013/5013 
f 5824/5824/5824 5825/5825/5825 5826/5826/5826 
f 6193/6193/6193 5826/5826/5826 5825/5825/5825 
f 6192/6192/6192 5824/5824/5824 5826/5826/5826 
f 5826/5826/5826 6193/6193/6193 6174/6174/6174 
f 6196/6196/6196 6192/6192/6192 5826/5826/5826 
f 6172/6172/6172 5826/5826/5826 6174/6174/6174 
f 5826/5826/5826 6181/6181/6181 6196/6196/6196 
f 5826/5826/5826 6172/6172/6172 6173/6173/6173 
f 6181/6181/6181 5826/5826/5826 6173/6173/6173 
f 6172/6172/6172 6182/6182/6182 6173/6173/6173 
f 6182/6182/6182 6181/6181/6181 6173/6173/6173 
f 6182/6182/6182 6172/6172/6172 6198/6198/6198 
f 6181/6181/6181 6182/6182/6182 6235/6235/6235 
f 6198/6198/6198 6064/6064/6064 6182/6182/6182 
f 6064/6064/6064 6235/6235/6235 6182/6182/6182 
f 6064/6064/6064 6198/6198/6198 6249/6249/6249 
f 6235/6235/6235 6064/6064/6064 6146/6146/6146 
f 6030/6030/6030 6064/6064/6064 6249/6249/6249 
f 6029/6029/6029 6146/6146/6146 6064/6064/6064 
f 6064/6064/6064 6030/6030/6030 6029/6029/6029 
f 6146/6146/6146 6029/6029/6029 6147/6147/6147 
f 6028/6028/6028 6029/6029/6029 6030/6030/6030 
f 6029/6029/6029 6143/6143/6143 6147/6147/6147 
f 6029/6029/6029 6028/6028/6028 6052/6052/6052 
f 6143/6143/6143 6029/6029/6029 6052/6052/6052 
f 6056/6056/6056 6052/6052/6052 6028/6028/6028 
f 6052/6052/6052 6151/6151/6151 6143/6143/6143 
f 6052/6052/6052 6056/6056/6056 6152/6152/6152 
f 6151/6151/6151 6052/6052/6052 6152/6152/6152 
f 5750/5750/5750 5751/5751/5751 5752/5752/5752 
f 5762/5762/5762 5752/5752/5752 5751/5751/5751 
f 5756/5756/5756 5750/5750/5750 5752/5752/5752 
f 5752/5752/5752 5762/5762/5762 5803/5803/5803 
f 5799/5799/5799 5756/5756/5756 5752/5752/5752 
f 5801/5801/5801 5752/5752/5752 5803/5803/5803 
f 5752/5752/5752 5806/5806/5806 5799/5799/5799 
f 5752/5752/5752 5801/5801/5801 5802/5802/5802 
f 5806/5806/5806 5752/5752/5752 5802/5802/5802 
f 5801/5801/5801 6207/6207/6207 5802/5802/5802 
f 6207/6207/6207 5806/5806/5806 5802/5802/5802 
f 6207/6207/6207 5801/5801/5801 6354/6354/6354 
f 5806/5806/5806 6207/6207/6207 6208/6208/6208 
f 6354/6354/6354 6043/6043/6043 6207/6207/6207 
f 6043/6043/6043 6208/6208/6208 6207/6207/6207 
f 6043/6043/6043 6354/6354/6354 6245/6245/6245 
f 6208/6208/6208 6043/6043/6043 6252/6252/6252 
f 6120/6120/6120 6043/6043/6043 6245/6245/6245 
f 6043/6043/6043 6042/6042/6042 6252/6252/6252 
f 6043/6043/6043 6120/6120/6120 6044/6044/6044 
f 6042/6042/6042 6043/6043/6043 6044/6044/6044 
f 6219/6219/6219 6220/6220/6220 6221/6221/6221 
f 5810/5810/5810 5811/5811/5811 5812/5812/5812 
f 5811/5811/5811 5810/5810/5810 5820/5820/5820 
f 5819/5819/5819 5820/5820/5820 5810/5810/5810 
f 5828/5828/5828 5819/5819/5819 5810/5810/5810 
f 5829/5829/5829 5828/5828/5828 5810/5810/5810 
f 6199/6199/6199 5810/5810/5810 5812/5812/5812 
f 5810/5810/5810 6177/6177/6177 5829/5829/5829 
f 5810/5810/5810 6199/6199/6199 6178/6178/6178 
f 6177/6177/6177 5810/5810/5810 6178/6178/6178 
f 6199/6199/6199 6176/6176/6176 6178/6178/6178 
f 6176/6176/6176 6177/6177/6177 6178/6178/6178 
f 6176/6176/6176 6199/6199/6199 6200/6200/6200 
f 6177/6177/6177 6176/6176/6176 6187/6187/6187 
f 6200/6200/6200 6032/6032/6032 6176/6176/6176 
f 6032/6032/6032 6187/6187/6187 6176/6176/6176 
f 6032/6032/6032 6200/6200/6200 6113/6113/6113 
f 6187/6187/6187 6032/6032/6032 6226/6226/6226 
f 6106/6106/6106 6032/6032/6032 6113/6113/6113 
f 6032/6032/6032 6031/6031/6031 6226/6226/6226 
f 6032/6032/6032 6106/6106/6106 6033/6033/6033 
f 6031/6031/6031 6032/6032/6032 6033/6033/6033 
f 6061/6061/6061 6062/6062/6062 6063/6063/6063 
f 6062/6062/6062 6061/6061/6061 6112/6112/6112 
f 6063/6063/6063 6224/6224/6224 6061/6061/6061 
f 6063/6063/6063 6167/6167/6167 6168/6168/6168 
f 5757/5757/5757 5758/5758/5758 5759/5759/5759 
f 5797/5797/5797 5759/5759/5759 5758/5758/5758 
f 5818/5818/5818 5757/5757/5757 5759/5759/5759 
f 5759/5759/5759 5797/5797/5797 5798/5798/5798 
f 5821/5821/5821 5818/5818/5818 5759/5759/5759 
f 5800/5800/5800 5759/5759/5759 5798/5798/5798 
f 5759/5759/5759 6213/6213/6213 5821/5821/5821 
f 5759/5759/5759 5800/5800/5800 6215/6215/6215 
f 6213/6213/6213 5759/5759/5759 6215/6215/6215 
f 5800/5800/5800 6204/6204/6204 6215/6215/6215 
f 6204/6204/6204 6213/6213/6213 6215/6215/6215 
f 6204/6204/6204 5800/5800/5800 6203/6203/6203 
f 6213/6213/6213 6204/6204/6204 6216/6216/6216 
f 6203/6203/6203 6049/6049/6049 6204/6204/6204 
f 6049/6049/6049 6216/6216/6216 6204/6204/6204 
f 6049/6049/6049 6203/6203/6203 6240/6240/6240 
f 6216/6216/6216 6049/6049/6049 6222/6222/6222 
f 6107/6107/6107 6049/6049/6049 6240/6240/6240 
f 6049/6049/6049 6048/6048/6048 6222/6222/6222 
f 6049/6049/6049 6107/6107/6107 6050/6050/6050 
f 6048/6048/6048 6049/6049/6049 6050/6050/6050 
f 4707/4707/4707 4708/4708/4708 4709/4709/4709 
f 4707/4707/4707 4710/4710/4710 4708/4708/4708 
f 4763/4763/4763 4709/4709/4709 4708/4708/4708 
f 4709/4709/4709 4763/4763/4763 4764/4764/4764 
f 4764/4764/4764 4763/4763/4763 4765/4765/4765 
f 4710/4710/4710 4744/4744/4744 4708/4708/4708 
f 4744/4744/4744 4710/4710/4710 5076/5076/5076 
f 5075/5075/5075 5076/5076/5076 4710/4710/4710 
f 6065/6065/6065 6066/6066/6066 6067/6067/6067 
f 6065/6065/6065 6080/6080/6080 6218/6218/6218 
f 6080/6080/6080 6065/6065/6065 6081/6081/6081 
f 6075/6075/6075 6076/6076/6076 6077/6077/6077 
f 6076/6076/6076 6075/6075/6075 6148/6148/6148 
f 4969/4969/4969 4721/4721/4721 4723/4723/4723 
f 4723/4723/4723 4721/4721/4721 4724/4724/4724 
f 4720/4720/4720 4721/4721/4721 4722/4722/4722 
f 4720/4720/4720 4722/4722/4722 5055/5055/5055 
f 4725/4725/4725 4726/4726/4726 4721/4721/4721 
f 5055/5055/5055 4722/4722/4722 5053/5053/5053 
f 5053/5053/5053 4722/4722/4722 5054/5054/5054 
f 5054/5054/5054 4722/4722/4722 5056/5056/5056 
f 4722/4722/4722 4739/4739/4739 5056/5056/5056 
f 4739/4739/4739 4722/4722/4722 4740/4740/4740 
f 4739/4739/4739 4740/4740/4740 5062/5062/5062 
f 4740/4740/4740 4742/4742/4742 5062/5062/5062 
f 4742/4742/4742 4740/4740/4740 4710/4710/4710 
f 4740/4740/4740 5023/5023/5023 4710/4710/4710 
f 4710/4710/4710 5023/5023/5023 5022/5022/5022 
f 5021/5021/5021 5022/5022/5022 5023/5023/5023 
f 5045/5045/5045 5021/5021/5021 5023/5023/5023 
f 4669/4669/4669 4670/4670/4670 4671/4671/4671 
f 4670/4670/4670 4669/4669/4669 4678/4678/4678 
f 4670/4670/4670 4731/4731/4731 4671/4671/4671 
f 4731/4731/4731 4670/4670/4670 4738/4738/4738 
f 4977/4977/4977 4669/4669/4669 4671/4671/4671 
f 4731/4731/4731 4977/4977/4977 4671/4671/4671 
f 4669/4669/4669 4977/4977/4977 4976/4976/4976 
f 4977/4977/4977 4731/4731/4731 5034/5034/5034 
f 4976/4976/4976 4977/4977/4977 4978/4978/4978 
f 5034/5034/5034 5035/5035/5035 4977/4977/4977 
f 4977/4977/4977 5025/5025/5025 4978/4978/4978 
f 4977/4977/4977 5035/5035/5035 5030/5030/5030 
f 4977/4977/4977 5024/5024/5024 5025/5025/5025 
f 4977/4977/4977 5030/5030/5030 5024/5024/5024 
f 4970/4970/4970 4971/4971/4971 4972/4972/4972 
f 4971/4971/4971 4970/4970/4970 4986/4986/4986 
f 4984/4984/4984 4972/4972/4972 4971/4971/4971 
f 4972/4972/4972 4984/4984/4984 4981/4981/4981 
f 4972/4972/4972 4981/4981/4981 4982/4982/4982 
f 4672/4672/4672 4673/4673/4673 4674/4674/4674 

